cdr_id,cdr_seq,cdr_region,chain_type,length,n_parent_sequences,best_status,named_agents,parent_classes,source_dbs,parent_ids,example_citation
TNFCDR00001,GGYN,CDR1,H,4,1,disclosed_binder_claim,,fv_domain_vh,PLAbDab,TNFB00323,Gene segments encoding variable domains of anti-TNF antibodies in health and multiple sclerosis
TNFCDR00002,GLTYT,CDR1,H,5,2,disclosed_binder_claim,,vhh,USPTO patent sequences,TNFB00082;TNFB00083,Single domain antibodies directed against tumor necrosis factor-alpha and uses therefor
TNFCDR00003,TYTGC,CDR1,H,5,6,disclosed_binder_claim,,vhh,USPTO patent sequences,TNFB00174;TNFB00175;TNFB00179;TNFB00181;TNFB00192;TNFB00193,Single domain antibodies directed against TNF-alpha
TNFCDR00004,GYTFTNH,CDR1,H,7,1,disclosed_binder_claim,,fv_domain_vh,USPTO patent sequences,TNFB00903,Bi-specific affinity reagents for cell-lineage-specific TNF-alpha neutralization
TNFCDR00005,AFTFSRYG,CDR1,H,8,1,disclosed_binder_claim,,fv_domain_vh,USPTO patent sequences,TNFB00703,Anti-TNF-alpha/CXCL10 double-targeting antibody and use thereof
TNFCDR00006,ASGVKVND,CDR1,H,8,1,disclosed_binder_claim,,vhh,USPTO patent sequences,TNFB00020,Nanobodies against tumor necrosis factor-alpha
TNFCDR00007,ATISSIVM,CDR1,H,8,1,disclosed_binder_claim,,vhh,USPTO patent sequences,TNFB00012,Nanobodies against tumor necrosis factor-alpha
TNFCDR00008,EGTLSGYI,CDR1,H,8,1,disclosed_binder_claim,,vhh,USPTO patent sequences,TNFB00164,Single domain antibodies directed against tumor necrosis factor-alpha and uses therefor
TNFCDR00009,EIDLSGNQ,CDR1,H,8,1,disclosed_binder_claim,,fv_domain_vh,PLAbDab;USPTO patent sequences,TNFB00401,TNF-alpha-neutralizing antibodies || TNF-alpha-neutralizing antibodies | TNF.alpha.-neutralizing antibodies
TNFCDR00010,ERIFDLNL,CDR1,H,8,1,disclosed_binder_claim,,vhh,USPTO patent sequences,TNFB00018,Nanobodies against tumor necrosis factor-alpha
TNFCDR00011,ERIWDINL,CDR1,H,8,1,disclosed_binder_claim,,vhh,USPTO patent sequences,TNFB00015,Nanobodies against tumor necrosis factor-alpha
TNFCDR00012,ERSSNRYN,CDR1,H,8,1,disclosed_binder_claim,,vhh,USPTO patent sequences,TNFB00038,Nanobodies against tumor necrosis factor-alpha
TNFCDR00013,GAGSPFNS,CDR1,H,8,1,tested_non_binder,,vhh,Proteinbase,TNFB00043,Proteinbase design tnfalphanano_05191 (mit)
TNFCDR00014,GAISSDYA,CDR1,H,8,1,tested_non_binder,,vhh,Proteinbase,TNFB00099,Proteinbase design tnfalphanano_13443 (mit)
TNFCDR00015,GANGGRSC,CDR1,H,8,9,disclosed_binder_claim,,vhh,USPTO patent sequences,TNFB00195;TNFB00196;TNFB00199;TNFB00200;TNFB00201;TNFB00202;TNFB00204;TNFB00205;TNFB00206,Single domain antibodies directed against TNF-alpha
TNFCDR00016,GATGSLNN,CDR1,H,8,1,tested_non_binder,,vhh,Proteinbase,TNFB00124,Proteinbase design tnfalphanano_25803 (mit)
TNFCDR00017,GDSITSGF,CDR1,H,8,1,disclosed_binder_claim,,vhh,USPTO patent sequences,TNFB00014,"Bispecific antibodies that neutralize both TNF-alpha and IL-6: novel therapeutic agent for autoimmune disease | Murine, chimeric, humanized or human anti-TNF-alpha antibodies"
TNFCDR00018,GDTSKSDC,CDR1,H,8,1,disclosed_binder_claim,,vhh,USPTO patent sequences,TNFB00166,Single domain antibodies directed against TNF-alpha
TNFCDR00019,GFAFDGNA,CDR1,H,8,1,disclosed_binder_claim,,fv_domain_vh,PLAbDab,TNFB00391,Gene segments encoding variable domains of anti-TNF antibodies in health and multiple sclerosis
TNFCDR00020,GFAFGDSW,CDR1,H,8,2,disclosed_binder_claim,,fv_domain_vh,USPTO patent sequences,TNFB00378;TNFB00379,Single domain antibodies directed against tumor necrosis factor-alpha and uses therefor
TNFCDR00021,GFAFSASS,CDR1,H,8,1,disclosed_binder_claim,,vhh_putative,USPTO patent sequences,TNFB00294,Nanobodies against tumor necrosis factor-alpha
TNFCDR00022,GFAFSHSW,CDR1,H,8,1,disclosed_binder_claim,,fv_domain_vh,USPTO patent sequences,TNFB00384,DNA molecule encoding TNF binding ligands and vectors and host cells containing the DNA molecule
TNFCDR00023,GFDFGVSW,CDR1,H,8,1,disclosed_binder_claim,,fv_domain_vh,USPTO patent sequences,TNFB00376,Nanobodies against tumor necrosis factor-alpha
TNFCDR00024,GFDFSRYW,CDR1,H,8,1,disclosed_binder_claim,,fv_domain_vh,PLAbDab;USPTO patent sequences,TNFB01595,TNF-alpha-neutralizing antibodies || TNF-alpha-neutralizing antibodies | TNF.alpha.-neutralizing antibodies
TNFCDR00025,GFDFSSHW,CDR1,H,8,1,disclosed_binder_claim,,fv_domain_vh,USPTO patent sequences,TNFB00351,IL-23 and TNF-alpha binding bi-specific heavy chain polypeptides
TNFCDR00026,GFDFSTDA,CDR1,H,8,1,disclosed_binder_claim,,fv_domain_vh,PLAbDab;USPTO patent sequences,TNFB00696,TNF-alpha-neutralizing antibodies || TNF-alpha-neutralizing antibodies | TNF.alpha.-neutralizing antibodies
TNFCDR00027,GFDFSVSW,CDR1,H,8,4,disclosed_binder_claim,,fv_domain_vh;igg_chain_heavy,USPTO patent sequences,TNFB00359;TNFB00374;TNFB01598;TNFB02769,Nanobodies against tumor necrosis factor-alpha
TNFCDR00028,GFDFSXXW,CDR1,H,8,1,disclosed_binder_claim,,fv_domain_vh,USPTO patent sequences,TNFB00352,Nanobodies against tumor necrosis factor-alpha
TNFCDR00029,GFEFENHW,CDR1,H,8,10,disclosed_binder_claim,,fv_domain_vh;igg_chain_heavy,USPTO patent sequences,TNFB01389;TNFB01390;TNFB01396;TNFB01397;TNFB01635;TNFB02789;TNFB02810;TNFB02811;TNFB02813;TNFB02814,Single domain antibodies directed against tumor necrosis factor-alpha and uses therefor
TNFCDR00030,GFGFSNHW,CDR1,H,8,1,disclosed_binder_claim,,fv_domain_vh,USPTO patent sequences,TNFB00937,Anti-TNF-alpha binding compounds and uses thereof
TNFCDR00031,GFIDSFGV,CDR1,H,8,3,disclosed_binder_claim,,vhh,USPTO patent sequences,TNFB00119;TNFB00120;TNFB00148,Single domain antibodies directed against TNF-alpha
TNFCDR00032,GFIFSNAW,CDR1,H,8,1,disclosed_binder_claim,,fv_domain_vh,USPTO patent sequences,TNFB00938,Anti-TNF-alpha binding compounds and uses thereof
TNFCDR00033,GFIFSNHR,CDR1,H,8,1,disclosed_binder_claim,,fv_domain_vh,USPTO patent sequences,TNFB00939,Anti-TNF-alpha binding compounds and uses thereof
TNFCDR00034,GFIFSNHW,CDR1,H,8,22,confirmed_binder,Infliximab (Whole mAb) [Thera-SAbDab via PLAbDab Infliximab] ; Infliximab [PDB 4G3Y_2],fab;fv_domain_vh,PLAbDab;RCSB PDB;USPTO patent sequences,TNFB00008;TNFB00704;TNFB00705;TNFB00707;TNFB00708;TNFB00752;TNFB00753;TNFB00754;TNFB00810;TNFB00811;TNFB00812;TNFB00856,Anti-TNF.alpha. antibodies | Anti-TNF.alpha. antibodies and methods of use
TNFCDR00035,GFIFSNHY,CDR1,H,8,12,disclosed_binder_claim,,fv_domain_vh,USPTO patent sequences,TNFB00709;TNFB00710;TNFB00755;TNFB00756;TNFB00757;TNFB00758;TNFB00759;TNFB00760;TNFB00813;TNFB00861;TNFB00862;TNFB00863,Anti-TNF.alpha. antibodies | Anti-TNF.alpha. antibodies and methods of use
TNFCDR00036,GFIFSSYA,CDR1,H,8,7,confirmed_binder,Golimumab (Whole mAb) [Thera-SAbDab via PLAbDab Golimumab] ; Golimumab [PDB 5YOY_3],fv_domain_vh;igg_chain_heavy;igg_fv,PLAbDab;RCSB PDB;USPTO patent sequences,TNFB00010;TNFB01619;TNFB01627;TNFB02790;TNFB02895;TNFB02896;TNFB02897,"Anti-tumor necrosis factor (TNF) antibodies and compositions thereof | Nucleic acid molecule encoding, and method of producing, a recombinant anti-tumor necrosis factor (TNF) antibody"
TNFCDR00037,GFIFSSYG,CDR1,H,8,2,disclosed_binder_claim,,vhh_putative,USPTO patent sequences,TNFB00306;TNFB00307,Methods of binding TNF-alpha using anti-TNF-alpha antibody fragment-polymer conjugates
TNFCDR00038,GFKFSNHW,CDR1,H,8,2,disclosed_binder_claim,,fv_domain_vh,USPTO patent sequences,TNFB00919;TNFB00942,TNF-.alpha. binding molecules
TNFCDR00039,GFMFSDSA,CDR1,H,8,1,disclosed_binder_claim,,vhh,USPTO patent sequences,TNFB00165,Nanobodies against tumor necrosis factor-alpha
TNFCDR00040,GFMFSDYS,CDR1,H,8,1,disclosed_binder_claim,,fv_domain_vh,PLAbDab,TNFB00635,Gene segments encoding variable domains of anti-TNF antibodies in health and multiple sclerosis
TNFCDR00041,GFNFKKYP,CDR1,H,8,1,disclosed_binder_claim,,fv_domain_vh,USPTO patent sequences,TNFB00675,Selection of human TNF.alpha. specific antibodies
TNFCDR00042,GFNLDDHG,CDR1,H,8,1,disclosed_binder_claim,,fv_domain_vh,PLAbDab,TNFB00339,Gene segments encoding variable domains of anti-TNF antibodies in health and multiple sclerosis
TNFCDR00043,GFPFSNHW,CDR1,H,8,4,disclosed_binder_claim,,igg_chain_heavy,USPTO patent sequences,TNFB02760;TNFB02762;TNFB02906;TNFB02907,"Fully human antibody to human TNF-alpha-, molecular evolution and use thereof"
TNFCDR00044,GFRYAAYC,CDR1,H,8,11,disclosed_binder_claim,,vhh,USPTO patent sequences,TNFB00118;TNFB00134;TNFB00135;TNFB00136;TNFB00137;TNFB00138;TNFB00139;TNFB00144;TNFB00145;TNFB00146;TNFB00147,Single domain antibodies directed against TNF-alpha
TNFCDR00045,GFSFDQYA,CDR1,H,8,1,disclosed_binder_claim,,igg_chain_heavy,USPTO patent sequences,TNFB02693,Antibodies to TNF-alpha
TNFCDR00046,GFSFGSFG,CDR1,H,8,1,disclosed_binder_claim,,vhh_putative,USPTO patent sequences,TNFB00300,Nanobodies against tumor necrosis factor-alpha
TNFCDR00047,GFSFSNFG,CDR1,H,8,1,disclosed_binder_claim,,fv_domain_vh,USPTO patent sequences,TNFB00449,Immunobinders directed against TNF
TNFCDR00048,GFSFSTYA,CDR1,H,8,1,disclosed_binder_claim,,fv_domain_vh,PLAbDab,TNFB00699,Gene segments encoding variable domains of anti-TNF antibodies in health and multiple sclerosis
TNFCDR00049,GFSFTGHW,CDR1,H,8,1,disclosed_binder_claim,,fv_domain_vh,USPTO patent sequences,TNFB00388,Methods of binding TNF-alpha using anti-TNF-alpha antibody fragment-polymer conjugates
TNFCDR00050,GFSLDSYG,CDR1,H,8,6,disclosed_binder_claim,,fv_domain_vh;igg_chain_heavy,USPTO patent sequences,TNFB01137;TNFB01138;TNFB02884;TNFB02885;TNFB02886;TNFB02893,TNFa-IL-17 bispecific antibodies
TNFCDR00051,GFSLDYYG,CDR1,H,8,1,disclosed_binder_claim,,vhh,USPTO patent sequences,TNFB00180,Polypeptides comprising immunoglobulin single variable domains targeting IL-6 and TNF-alpha
TNFCDR00052,GFSLIIDG,CDR1,H,8,1,disclosed_binder_claim,,fv_domain_vh,PLAbDab;USPTO patent sequences,TNFB00637,TNF-alpha-neutralizing antibodies || TNF-alpha-neutralizing antibodies | TNF.alpha.-neutralizing antibodies
TNFCDR00053,GFSLNDHA,CDR1,H,8,2,disclosed_binder_claim,,fv_domain_vh,USPTO patent sequences,TNFB00695;TNFB01126,Antibodies to TNF-alpha and use thereof
TNFCDR00054,GFSLNNYY,CDR1,H,8,1,disclosed_binder_claim,,fv_domain_vh,USPTO patent sequences,TNFB01392,Antibodies to TNF alpha and use thereof | Antibodies to TNF-alpha and use thereof
TNFCDR00055,GFSLNSNE,CDR1,H,8,5,disclosed_binder_claim,,fv_domain_vh;igg_chain_heavy,PLAbDab;USPTO patent sequences,TNFB00908;TNFB00920;TNFB00925;TNFB02817;TNFB02818,Stable and soluble antibodies inhibiting TNF alpha | Stable and soluble antibodies inhibiting TNF-alpha
TNFCDR00056,GFSLRDDA,CDR1,H,8,1,disclosed_binder_claim,,fv_domain_vh,PLAbDab;USPTO patent sequences,TNFB00638,TNF-alpha-neutralizing antibodies || TNF-alpha-neutralizing antibodies | TNF.alpha.-neutralizing antibodies
TNFCDR00057,GFSLSDYG,CDR1,H,8,2,disclosed_binder_claim,,fv_domain_vh,USPTO patent sequences,TNFB00429;TNFB00430,TNF-alpha binding proteins
TNFCDR00058,GFSLSHYY,CDR1,H,8,1,disclosed_binder_claim,,fv_domain_vh,PLAbDab;USPTO patent sequences,TNFB01395,TNF-alpha-neutralizing antibodies || TNF-alpha-neutralizing antibodies | TNF.alpha.-neutralizing antibodies
TNFCDR00059,GFSLSRYG,CDR1,H,8,16,disclosed_binder_claim,,fv_domain_vh;igg_chain_heavy,PLAbDab;USPTO patent sequences,TNFB01117;TNFB01120;TNFB01121;TNFB01122;TNFB01123;TNFB01139;TNFB01147;TNFB01170;TNFB01366;TNFB02820;TNFB02821;TNFB02822,Stable and soluble antibodies inhibiting TNF alpha | Stable and soluble antibodies inhibiting TNF-alpha
TNFCDR00060,GFSLSRYY,CDR1,H,8,1,disclosed_binder_claim,,fv_domain_vh,PLAbDab;USPTO patent sequences,TNFB00399,TNF-alpha-neutralizing antibodies || TNF-alpha-neutralizing antibodies | TNF.alpha.-neutralizing antibodies
TNFCDR00061,GFSLSSFV,CDR1,H,8,2,disclosed_binder_claim,,fv_domain_vh,PLAbDab;USPTO patent sequences,TNFB00345;TNFB00346,TNF-alpha-neutralizing antibodies || TNF-alpha-neutralizing antibodies | TNF.alpha.-neutralizing antibodies
TNFCDR00062,GFSLSSGA,CDR1,H,8,13,disclosed_binder_claim,,fv_domain_vh;igg_chain_heavy,PLAbDab;USPTO patent sequences,TNFB00907;TNFB01378;TNFB01383;TNFB01385;TNFB02829;TNFB02830;TNFB02831;TNFB02832;TNFB02833;TNFB02834;TNFB02835;TNFB02836,Stable and soluble antibodies inhibiting TNF alpha | Stable and soluble antibodies inhibiting TNF-alpha
TNFCDR00063,GFSLSSNT,CDR1,H,8,2,disclosed_binder_claim,,fv_domain_vh,PLAbDab;USPTO patent sequences,TNFB00321;TNFB01617,Antibodies to TNF alpha and use thereof | Antibodies to TNF-alpha and use thereof
TNFCDR00064,GFSLSSYA,CDR1,H,8,2,disclosed_binder_claim,,fv_domain_vh,PLAbDab;USPTO patent sequences,TNFB00314;TNFB01591,Antibodies to TNF alpha and use thereof | Antibodies to TNF-alpha and use thereof
TNFCDR00065,GFSLSSYY,CDR1,H,8,2,disclosed_binder_claim,,fv_domain_vh;vhh_putative,PLAbDab;USPTO patent sequences,TNFB00301;TNFB01608,Antibodies to TNF alpha and use thereof | Antibodies to TNF-alpha and use thereof
TNFCDR00066,GFSLSTYN,CDR1,H,8,2,disclosed_binder_claim,,fv_domain_vh,PLAbDab;USPTO patent sequences,TNFB00698;TNFB01362,Antibodies to TNF alpha and use thereof | Antibodies to TNF-alpha and use thereof
TNFCDR00067,GFSLSTYT,CDR1,H,8,2,disclosed_binder_claim,,fv_domain_vh,PLAbDab;USPTO patent sequences,TNFB00315;TNFB01625,Antibodies to TNF alpha and use thereof | Antibodies to TNF-alpha and use thereof
TNFCDR00068,GFSLTDYG,CDR1,H,8,1,disclosed_binder_claim,,fv_domain_vh,USPTO patent sequences,TNFB00639,TNF-alpha binding proteins
TNFCDR00069,GFTFAEAD,CDR1,H,8,16,disclosed_binder_claim,,vhh,USPTO patent sequences,TNFB00209;TNFB00217;TNFB00219;TNFB00220;TNFB00221;TNFB00222;TNFB00231;TNFB00232;TNFB00233;TNFB00234;TNFB00235;TNFB00243,Single domain antibodies directed against TNF-alpha
TNFCDR00070,GFTFDDFA,CDR1,H,8,1,disclosed_binder_claim,,igg_chain_heavy,USPTO patent sequences,TNFB02694,Antibodies to TNF-alpha
TNFCDR00071,GFTFDDSA,CDR1,H,8,2,disclosed_binder_claim,,fv_domain_vh;igg_chain_heavy,PLAbDab;USPTO patent sequences,TNFB01371;TNFB02695,Antibodies to TNF-alpha
TNFCDR00072,GFTFDDYA,CDR1,H,8,44,confirmed_binder,Adalimumab (Whole mAb) [Thera-SAbDab via PLAbDab Adalimumab] ; Remtolumab (Bispecific Dual Variable Domain IG) [Thera-SAbDab via PLAbDab Remtolumab] ; Adalimuma,fab;fv_domain_vh,PLAbDab;RCSB PDB;USPTO patent sequences,TNFB00005;TNFB00926;TNFB01130;TNFB01148;TNFB01149;TNFB01150;TNFB01151;TNFB01152;TNFB01153;TNFB01154;TNFB01155;TNFB01156,TNFa-IL-17 bispecific antibodies
TNFCDR00073,GFTFDDYP,CDR1,H,8,1,disclosed_binder_claim,,fv_domain_vh,USPTO patent sequences,TNFB00337,Bispecific antibodies directed against TNF-alpha and IL-17 | Immunobinders directed against TNF
TNFCDR00074,GFTFDGFA,CDR1,H,8,3,disclosed_binder_claim,,igg_chain_heavy,USPTO patent sequences,TNFB02709;TNFB02710;TNFB02901,Antibodies to TNF-alpha
TNFCDR00075,GFTFDGQA,CDR1,H,8,1,disclosed_binder_claim,,igg_chain_heavy,USPTO patent sequences,TNFB02711,Antibodies to TNF-alpha
TNFCDR00076,GFTFDGSA,CDR1,H,8,1,disclosed_binder_claim,,igg_chain_heavy,USPTO patent sequences,TNFB02754,Antibodies to TNF-alpha
TNFCDR00077,GFTFDGYA,CDR1,H,8,1,disclosed_binder_claim,,igg_chain_heavy,USPTO patent sequences,TNFB02712,Antibodies to TNF-alpha
TNFCDR00078,GFTFDHFA,CDR1,H,8,8,disclosed_binder_claim,,fv_domain_vh;igg_chain_heavy,PLAbDab;USPTO patent sequences,TNFB00927;TNFB01157;TNFB02713;TNFB02714;TNFB02715;TNFB02716;TNFB02717;TNFB02755,Antibodies to TNF-alpha
TNFCDR00079,GFTFDHRA,CDR1,H,8,1,disclosed_binder_claim,,igg_chain_heavy,USPTO patent sequences,TNFB02718,Antibodies to TNF-alpha
TNFCDR00080,GFTFDHYA,CDR1,H,8,2,disclosed_binder_claim,,igg_chain_heavy,USPTO patent sequences,TNFB02719;TNFB02720,Antibodies to TNF-alpha
TNFCDR00081,GFTFDHYT,CDR1,H,8,1,disclosed_binder_claim,,vhh,USPTO patent sequences,TNFB00177,Single domain antibodies directed against tumor necrosis factor-alpha and uses therefor
TNFCDR00082,GFTFDNFA,CDR1,H,8,1,disclosed_binder_claim,,igg_chain_heavy,USPTO patent sequences,TNFB02721,Antibodies to TNF-alpha
TNFCDR00083,GFTFDNSA,CDR1,H,8,2,disclosed_binder_claim,,fv_domain_vh;igg_chain_heavy,PLAbDab;USPTO patent sequences,TNFB01158;TNFB02722,Antibodies to TNF-alpha
TNFCDR00084,GFTFDNYA,CDR1,H,8,1,disclosed_binder_claim,,igg_chain_heavy,USPTO patent sequences,TNFB02723,Antibodies to TNF-alpha
TNFCDR00085,GFTFDQFA,CDR1,H,8,10,disclosed_binder_claim,,fv_domain_vh;igg_chain_heavy,PLAbDab;USPTO patent sequences,TNFB00928;TNFB00929;TNFB01159;TNFB01160;TNFB02724;TNFB02725;TNFB02726;TNFB02727;TNFB02728;TNFB02902,Antibodies to TNF-alpha
TNFCDR00086,GFTFDQYA,CDR1,H,8,3,disclosed_binder_claim,,fv_domain_vh;igg_chain_heavy,PLAbDab;USPTO patent sequences,TNFB01161;TNFB02689;TNFB02729,Antibodies to TNF-alpha
TNFCDR00087,GFTFDRYA,CDR1,H,8,1,disclosed_binder_claim,,igg_chain_heavy,USPTO patent sequences,TNFB02730,Antibodies to TNF-alpha
TNFCDR00088,GFTFDSYP,CDR1,H,8,1,disclosed_binder_claim,,fv_domain_vh,USPTO patent sequences,TNFB00674,Selection of human TNF.alpha. specific antibodies
TNFCDR00089,GFTFDTFA,CDR1,H,8,1,disclosed_binder_claim,,igg_chain_heavy,USPTO patent sequences,TNFB02731,Antibodies to TNF-alpha
TNFCDR00090,GFTFDXXA,CDR1,H,8,3,disclosed_binder_claim,,fv_domain_vh;igg_chain_heavy,PLAbDab;USPTO patent sequences,TNFB00930;TNFB01162;TNFB02732,Antibodies to TNF-alpha
TNFCDR00091,GFTFFNYG,CDR1,H,8,1,disclosed_binder_claim,,fv_domain_vh,USPTO patent sequences,TNFB00677,Selection of human TNF.alpha. specific antibodies
TNFCDR00092,GFTFGDYA,CDR1,H,8,13,disclosed_binder_claim,,fv_domain_vh;igg_chain_heavy,PLAbDab;USPTO patent sequences,TNFB00931;TNFB00932;TNFB01163;TNFB01164;TNFB02733;TNFB02734;TNFB02735;TNFB02736;TNFB02737;TNFB02738;TNFB02739;TNFB02740,Antibodies to TNF-alpha
TNFCDR00093,GFTFGHFA,CDR1,H,8,9,disclosed_binder_claim,,igg_chain_heavy,USPTO patent sequences,TNFB02691;TNFB02692;TNFB02741;TNFB02742;TNFB02743;TNFB02744;TNFB02745;TNFB02746;TNFB02747,Antibodies to TNF-alpha
TNFCDR00094,GFTFGQFA,CDR1,H,8,10,disclosed_binder_claim,,fv_domain_vh;igg_chain_heavy,PLAbDab;USPTO patent sequences,TNFB00933;TNFB00934;TNFB00935;TNFB01165;TNFB01166;TNFB01167;TNFB02690;TNFB02748;TNFB02749;TNFB02752,Antibodies to TNF-alpha
TNFCDR00095,GFTFGSFG,CDR1,H,8,1,disclosed_binder_claim,,fv_domain_vh,USPTO patent sequences,TNFB00347,Nanobodies against tumor necrosis factor-alpha
TNFCDR00096,GFTFNGFA,CDR1,H,8,1,disclosed_binder_claim,,fv_domain_vh,USPTO patent sequences,TNFB00693,Selection of human TNF.alpha. specific antibodies
TNFCDR00097,GFTFNKIP,CDR1,H,8,4,disclosed_binder_claim,,fv_domain_vh,PLAbDab;USPTO patent sequences,TNFB00408;TNFB00409;TNFB01638;TNFB01639,Anti-TNF alpha antibodies which selectively inhibit TNF alpha signalling through the p55R
TNFCDR00098,GFTFNNYW,CDR1,H,8,1,disclosed_binder_claim,,fv_domain_vh,USPTO patent sequences,TNFB01612,Bispecific antibodies directed against TNF-alpha and IL-17 | Immunobinders directed against TNF
TNFCDR00099,GFTFNSYG,CDR1,H,8,1,disclosed_binder_claim,,fv_domain_vh,USPTO patent sequences,TNFB01370,Anti-TNF-alpha/CXCL10 double-targeting antibody and use thereof
TNFCDR00100,GFTFRDYA,CDR1,H,8,1,disclosed_binder_claim,,igg_chain_heavy,USPTO patent sequences,TNFB02750,Antibodies to TNF-alpha
TNFCDR00101,GFTFRNDA,CDR1,H,8,2,disclosed_binder_claim,,fv_domain_vh;igg_chain_heavy,PLAbDab;USPTO patent sequences,TNFB00680;TNFB02842,Stable and soluble antibodies inhibiting TNF alpha | Stable and soluble antibodies inhibiting TNF-alpha
TNFCDR00102,GFTFRNFG,CDR1,H,8,1,disclosed_binder_claim,,vhh_putative,USPTO patent sequences,TNFB00299,Single domain antibodies directed against tumor necrosis factor-alpha and uses therefor
TNFCDR00103,GFTFRNHW,CDR1,H,8,1,disclosed_binder_claim,,igg_chain_heavy,USPTO patent sequences,TNFB02882,TNF-.alpha. binding molecules
TNFCDR00104,GFTFRPYT,CDR1,H,8,1,disclosed_binder_claim,,fv_domain_vh,PLAbDab,TNFB00809,Gene segments encoding variable domains of anti-TNF antibodies in health and multiple sclerosis
TNFCDR00105,GFTFRSFG,CDR1,H,8,11,disclosed_binder_claim,,fv_domain_vh;vhh_putative,USPTO patent sequences,TNFB00289;TNFB00291;TNFB00292;TNFB00348;TNFB00353;TNFB00354;TNFB00360;TNFB00361;TNFB00365;TNFB00392;TNFB00393,Nanobodies against tumor necrosis factor-alpha
TNFCDR00106,GFTFSAFG,CDR1,H,8,3,disclosed_binder_claim,,fv_domain_vh,USPTO patent sequences,TNFB00448;TNFB00450;TNFB00451,Immunobinders directed against TNF
TNFCDR00107,GFTFSATS,CDR1,H,8,1,disclosed_binder_claim,,vhh_putative,USPTO patent sequences,TNFB00295,Nanobodies against tumor necrosis factor-alpha
TNFCDR00108,GFTFSAYG,CDR1,H,8,5,disclosed_binder_claim,,fv_domain_vh,USPTO patent sequences,TNFB00452;TNFB00453;TNFB00454;TNFB00455;TNFB00456,Immunobinders directed against TNF
TNFCDR00109,GFTFSAYY,CDR1,H,8,3,confirmed_binder,Fab1974 (conformation-selective anti-TNF mAb) [PDB 7KPB_4],fab;fv_domain_vh;igg_chain_heavy,PLAbDab;RCSB PDB;USPTO patent sequences,TNFB00006;TNFB01136;TNFB02878,A conformation-selective monoclonal antibody against a small molecule-stabilised signalling-deficient form of TNF || Antibodies binding to trimeric TNF alpha epitopes || Antibodies binding to trimeric
TNFCDR00110,GFTFSDFG,CDR1,H,8,8,disclosed_binder_claim,,fv_domain_vh,USPTO patent sequences,TNFB00457;TNFB00458;TNFB00459;TNFB00460;TNFB00461;TNFB00462;TNFB00463;TNFB00464,Immunobinders directed against TNF
TNFCDR00111,GFTFSDHW,CDR1,H,8,1,disclosed_binder_claim,,fv_domain_vh,USPTO patent sequences,TNFB00380,Single domain antibodies directed against tumor necrosis factor-alpha and uses therefor
TNFCDR00112,GFTFSDHY,CDR1,H,8,2,disclosed_binder_claim,,fv_domain_vh,USPTO patent sequences,TNFB00333;TNFB01388,Nanobodies against tumor necrosis factor-alpha
TNFCDR00113,GFTFSDLG,CDR1,H,8,1,disclosed_binder_claim,,fv_domain_vh,USPTO patent sequences,TNFB00465,Immunobinders directed against TNF
TNFCDR00114,GFTFSDWG,CDR1,H,8,1,disclosed_binder_claim,,fv_domain_vh,USPTO patent sequences,TNFB00466,Immunobinders directed against TNF
TNFCDR00115,GFTFSDYD,CDR1,H,8,1,disclosed_binder_claim,,fv_domain_vh,PLAbDab,TNFB00335,Gene segments encoding variable domains of anti-TNF antibodies in health and multiple sclerosis
TNFCDR00116,GFTFSDYG,CDR1,H,8,10,disclosed_binder_claim,,fv_domain_vh,USPTO patent sequences,TNFB00467;TNFB00468;TNFB00469;TNFB00470;TNFB00471;TNFB00472;TNFB00473;TNFB00474;TNFB00475;TNFB00476,Immunobinders directed against TNF
TNFCDR00117,GFTFSDYW,CDR1,H,8,17,confirmed_binder,Ozoralizumab (TNF30 VHH domain) [PDB 8Z8M_2] ; Ozoralizumab [PDB 21TV_1] ; Ozoralizumab-related nanobody construct [PDB 21TW_1],fv_domain_vh;igg_chain_heavy;vhh,PLAbDab;RCSB PDB;USPTO patent sequences,TNFB00273;TNFB00326;TNFB00355;TNFB00356;TNFB00357;TNFB00358;TNFB00381;TNFB00125;TNFB01398;TNFB01636;TNFB02767;TNFB02812,Gene segments encoding variable domains of anti-TNF antibodies in health and multiple sclerosis
TNFCDR00118,GFTFSDYY,CDR1,H,8,4,disclosed_binder_claim,,fv_domain_vh,PLAbDab,TNFB00320;TNFB00334;TNFB00405;TNFB00917,Gene segments encoding variable domains of anti-TNF antibodies in health and multiple sclerosis
TNFCDR00119,GFTFSEFG,CDR1,H,8,1,disclosed_binder_claim,,fv_domain_vh,USPTO patent sequences,TNFB00477,Immunobinders directed against TNF
TNFCDR00120,GFTFSELG,CDR1,H,8,1,disclosed_binder_claim,,fv_domain_vh,USPTO patent sequences,TNFB00478,Immunobinders directed against TNF
TNFCDR00121,GFTFSEYG,CDR1,H,8,1,disclosed_binder_claim,,fv_domain_vh,USPTO patent sequences,TNFB00479,Immunobinders directed against TNF
TNFCDR00122,GFTFSFYE,CDR1,H,8,1,disclosed_binder_claim,,fv_domain_vh,PLAbDab,TNFB01402,Gene segments encoding variable domains of anti-TNF antibodies in health and multiple sclerosis
TNFCDR00123,GFTFSGPG,CDR1,H,8,1,disclosed_binder_claim,,fv_domain_vh,USPTO patent sequences,TNFB00480,Immunobinders directed against TNF
TNFCDR00124,GFTFSGYA,CDR1,H,8,2,disclosed_binder_claim,,fv_domain_vh,PLAbDab,TNFB00389;TNFB01626,Gene segments encoding variable domains of anti-TNF antibodies in health and multiple sclerosis
TNFCDR00125,GFTFSGYS,CDR1,H,8,1,tested_non_binder,,vhh,Proteinbase,TNFB00126,Proteinbase design tnfalphanano_13025 (mit)
TNFCDR00126,GFTFSHFG,CDR1,H,8,4,disclosed_binder_claim,,fv_domain_vh,USPTO patent sequences,TNFB00481;TNFB00482;TNFB00483;TNFB00484,Immunobinders directed against TNF
TNFCDR00127,GFTFSHIG,CDR1,H,8,1,disclosed_binder_claim,,fv_domain_vh,USPTO patent sequences,TNFB00485,Immunobinders directed against TNF
TNFCDR00128,GFTFSHYG,CDR1,H,8,4,disclosed_binder_claim,,fv_domain_vh,USPTO patent sequences,TNFB00486;TNFB00487;TNFB00488;TNFB00489,Immunobinders directed against TNF
TNFCDR00129,GFTFSNAW,CDR1,H,8,7,disclosed_binder_claim,,fv_domain_vh;igg_chain_heavy,PLAbDab;USPTO patent sequences,TNFB00918;TNFB01124;TNFB01125;TNFB01131;TNFB02687;TNFB02688;TNFB02883,Humanized anti-TNF-alpha antibody and antigen-binding fragment (Fab) thereof and use of the same
TNFCDR00130,GFTFSNDA,CDR1,H,8,2,disclosed_binder_claim,,fv_domain_vh;igg_chain_heavy,PLAbDab;USPTO patent sequences,TNFB00681;TNFB02844,Stable and soluble antibodies inhibiting TNF alpha | Stable and soluble antibodies inhibiting TNF-alpha
TNFCDR00131,GFTFSNFG,CDR1,H,8,7,disclosed_binder_claim,,fv_domain_vh,USPTO patent sequences,TNFB00490;TNFB00491;TNFB00492;TNFB00493;TNFB00494;TNFB00495;TNFB00496,Immunobinders directed against TNF
TNFCDR00132,GFTFSNHW,CDR1,H,8,14,disclosed_binder_claim,,fv_domain_vh,PLAbDab;USPTO patent sequences,TNFB00711;TNFB00712;TNFB00761;TNFB00762;TNFB00814;TNFB00815;TNFB00816;TNFB00864;TNFB00865;TNFB00913;TNFB00914;TNFB00921,Modified anti-TNF alpha antibody || Modified anti-TNF alpha antibody | TNF alpha-binding polypeptide compositions and methods
TNFCDR00133,GFTFSNHY,CDR1,H,8,10,disclosed_binder_claim,,fv_domain_vh,USPTO patent sequences,TNFB00713;TNFB00714;TNFB00763;TNFB00764;TNFB00765;TNFB00766;TNFB00817;TNFB00818;TNFB00866;TNFB00867,Anti-TNF.alpha. antibodies | Anti-TNF.alpha. antibodies and methods of use
TNFCDR00134,GFTFSNLG,CDR1,H,8,1,disclosed_binder_claim,,fv_domain_vh,USPTO patent sequences,TNFB00497,Immunobinders directed against TNF
TNFCDR00135,GFTFSNYA,CDR1,H,8,2,disclosed_binder_claim,,fv_domain_vh,PLAbDab,TNFB01171;TNFB01609,Gene segments encoding variable domains of anti-TNF antibodies in health and multiple sclerosis
TNFCDR00136,GFTFSNYG,CDR1,H,8,132,disclosed_binder_claim,,fv_domain_vh,USPTO patent sequences,TNFB00446;TNFB00498;TNFB00499;TNFB00500;TNFB00501;TNFB00502;TNFB00503;TNFB00504;TNFB00505;TNFB00506;TNFB00507;TNFB00508,Immunobinders directed against TNF
TNFCDR00137,GFTFSNYT,CDR1,H,8,1,tested_non_binder,,vhh,Proteinbase,TNFB00254,Proteinbase design tnfalphanano_09218 (mit)
TNFCDR00138,GFTFSNYW,CDR1,H,8,4,confirmed_binder,,fv_domain_vh;vhh,RCSB PDB;USPTO patent sequences,TNFB00340;TNFB00341;TNFB00013;TNFB01399,Bivalent Llama Single-Domain Antibody Fragments against Tumor Necrosis Factor Have Picomolar Potencies due to Intramolecular Interactions. (Front Immunol 2017)
TNFCDR00139,GFTFSNYY,CDR1,H,8,1,disclosed_binder_claim,,vhh,USPTO patent sequences,TNFB00127,Nanobodies against tumor necrosis factor-alpha
TNFCDR00140,GFTFSQLG,CDR1,H,8,2,disclosed_binder_claim,,fv_domain_vh,USPTO patent sequences,TNFB00619;TNFB00620,Immunobinders directed against TNF
TNFCDR00141,GFTFSRFG,CDR1,H,8,2,disclosed_binder_claim,,fv_domain_vh,USPTO patent sequences,TNFB00375;TNFB00673,Single domain antibodies directed against tumor necrosis factor-alpha and uses therefor
TNFCDR00142,GFTFSRYG,CDR1,H,8,2,disclosed_binder_claim,,fv_domain_vh;igg_chain_heavy,PLAbDab;USPTO patent sequences,TNFB01140;TNFB02819,Stable and soluble antibodies inhibiting TNF alpha | Stable and soluble antibodies inhibiting TNF-alpha
TNFCDR00143,GFTFSRYW,CDR1,H,8,1,disclosed_binder_claim,,fv_domain_vh,PLAbDab,TNFB01386,Gene segments encoding variable domains of anti-TNF antibodies in health and multiple sclerosis
TNFCDR00144,GFTFSSFG,CDR1,H,8,17,disclosed_binder_claim,,fv_domain_vh;vhh_putative,PLAbDab;USPTO patent sequences,TNFB00293;TNFB00349;TNFB00362;TNFB00363;TNFB00364;TNFB00366;TNFB00390;TNFB00394;TNFB00395;TNFB00396;TNFB00621;TNFB00631,Gene segments encoding variable domains of anti-TNF antibodies in health and multiple sclerosis
TNFCDR00145,GFTFSSHP,CDR1,H,8,1,disclosed_binder_claim,,fv_domain_vh,USPTO patent sequences,TNFB00676,Selection of human TNF.alpha. specific antibodies
TNFCDR00146,GFTFSSYA,CDR1,H,8,14,disclosed_binder_claim,,fv_domain_vh,PLAbDab;USPTO patent sequences,TNFB00313;TNFB00318;TNFB00328;TNFB00350;TNFB00386;TNFB00684;TNFB00685;TNFB00686;TNFB00690;TNFB00924;TNFB01141;TNFB01391,Single domain antibodies directed against tumor necrosis factor-alpha and uses therefor
TNFCDR00147,GFTFSSYE,CDR1,H,8,1,disclosed_binder_claim,,fv_domain_vh,PLAbDab,TNFB01632,Gene segments encoding variable domains of anti-TNF antibodies in health and multiple sclerosis
TNFCDR00148,GFTFSSYG,CDR1,H,8,8,disclosed_binder_claim,,fv_domain_vh;igg_chain_heavy,PLAbDab;USPTO patent sequences,TNFB00382;TNFB00622;TNFB00661;TNFB00689;TNFB00694;TNFB00700;TNFB01368;TNFB02899,Immunobinders directed against TNF
TNFCDR00149,GFTFSSYN,CDR1,H,8,1,disclosed_binder_claim,,fv_domain_vh,PLAbDab,TNFB01616,Gene segments encoding variable domains of anti-TNF antibodies in health and multiple sclerosis
TNFCDR00150,GFTFSSYS,CDR1,H,8,4,disclosed_binder_claim,,fv_domain_vh,PLAbDab;USPTO patent sequences,TNFB00330;TNFB00336;TNFB01602;TNFB01633,Antibody molecules which bind TNF alpha
TNFCDR00151,GFTFSSYW,CDR1,H,8,2,disclosed_binder_claim,,fv_domain_vh,USPTO patent sequences,TNFB00331;TNFB00332,Nanobodies against tumor necrosis factor-alpha
TNFCDR00152,GFTFSTAD,CDR1,H,8,48,disclosed_binder_claim,,vhh,USPTO patent sequences,TNFB00034;TNFB00036;TNFB00046;TNFB00047;TNFB00048;TNFB00049;TNFB00050;TNFB00051;TNFB00052;TNFB00053;TNFB00072;TNFB00073,TNF binders
TNFCDR00153,GFTFSTHW,CDR1,H,8,1,disclosed_binder_claim,,fv_domain_vh,USPTO patent sequences,TNFB00373,Single domain antibodies directed against tumor necrosis factor-alpha and uses therefor
TNFCDR00154,GFTFSTTS,CDR1,H,8,2,disclosed_binder_claim,,vhh_putative,USPTO patent sequences,TNFB00296;TNFB00297,Nanobodies against tumor necrosis factor-alpha
TNFCDR00155,GFTFSTYA,CDR1,H,8,1,disclosed_binder_claim,,fv_domain_vh,PLAbDab,TNFB00406,Gene segments encoding variable domains of anti-TNF antibodies in health and multiple sclerosis
TNFCDR00156,GFTFSTYD,CDR1,H,8,1,disclosed_binder_claim,,fv_domain_vh,USPTO patent sequences,TNFB00682,Selection of human TNF.alpha. specific antibodies
TNFCDR00157,GFTFSTYV,CDR1,H,8,1,disclosed_binder_claim,,fv_domain_vh,PLAbDab,TNFB01400,Anti Human TNF-alpha antibody genes
TNFCDR00158,GFTFSVYG,CDR1,H,8,1,disclosed_binder_claim,,fv_domain_vh,USPTO patent sequences,TNFB00623,Immunobinders directed against TNF
TNFCDR00159,GFTFSXXX,CDR1,H,8,1,disclosed_binder_claim,,fv_domain_vh,USPTO patent sequences,TNFB00624,Bispecific antibodies directed against TNF-alpha and IL-17 | Immunobinders directed against TNF
TNFCDR00160,GFTFSYFG,CDR1,H,8,1,disclosed_binder_claim,,fv_domain_vh,USPTO patent sequences,TNFB00625,Immunobinders directed against TNF
TNFCDR00161,GFTFSYYG,CDR1,H,8,1,disclosed_binder_claim,,fv_domain_vh,USPTO patent sequences,TNFB00626,Immunobinders directed against TNF
TNFCDR00162,GFTFTNYW,CDR1,H,8,1,disclosed_binder_claim,,fv_domain_vh,PLAbDab,TNFB00325,Gene segments encoding variable domains of anti-TNF antibodies in health and multiple sclerosis
TNFCDR00163,GFTFXQFA,CDR1,H,8,3,disclosed_binder_claim,,fv_domain_vh;igg_chain_heavy,PLAbDab;USPTO patent sequences,TNFB00936;TNFB01168;TNFB02753,Antibodies to TNF-alpha
TNFCDR00164,GFTGNFNS,CDR1,H,8,1,tested_non_binder,,vhh,Proteinbase,TNFB00100,Proteinbase design tnfalphanano_27194 (mit)
TNFCDR00165,GFTISSYV,CDR1,H,8,1,disclosed_binder_claim,,fv_domain_vh,PLAbDab;USPTO patent sequences,TNFB00367,TNF-alpha-neutralizing antibodies || TNF-alpha-neutralizing antibodies | TNF.alpha.-neutralizing antibodies
TNFCDR00166,GFTLAYYA,CDR1,H,8,1,disclosed_binder_claim,,vhh,USPTO patent sequences,TNFB00210,Polypeptides comprising immunoglobulin single variable domains targeting IL-6 and TNF-alpha
TNFCDR00167,GFTLDAWP,CDR1,H,8,1,disclosed_binder_claim,,vhh,USPTO patent sequences,TNFB00250,Single domain antibodies directed against tumor necrosis factor-alpha and uses therefor
TNFCDR00168,GFTLDYLA,CDR1,H,8,1,disclosed_binder_claim,,vhh,USPTO patent sequences,TNFB00178,IL-23 and TNF-alpha binding bi-specific heavy chain polypeptides
TNFCDR00169,GFTLDYYA,CDR1,H,8,1,disclosed_binder_claim,,vhh,USPTO patent sequences,TNFB00207,Single domain antibodies directed against tumor necrosis factor-alpha and uses therefor
TNFCDR00170,GFTLSDYG,CDR1,H,8,2,disclosed_binder_claim,,fv_domain_vh,USPTO patent sequences,TNFB00627;TNFB00630,TNF-alpha binding proteins
TNFCDR00171,GFTLSSYY,CDR1,H,8,1,disclosed_binder_claim,,fv_domain_vh,PLAbDab;USPTO patent sequences,TNFB01118,TNF-alpha-neutralizing antibodies || TNF-alpha-neutralizing antibodies | TNF.alpha.-neutralizing antibodies
TNFCDR00172,GFTSRYNY,CDR1,H,8,1,disclosed_binder_claim,,vhh,USPTO patent sequences,TNFB00155,Single domain antibodies directed against TNF-alpha
TNFCDR00173,GFTSSNYA,CDR1,H,8,1,disclosed_binder_claim,,fv_domain_vh,USPTO patent sequences,TNFB00402,Single domain antibodies directed against tumor necrosis factor-alpha and uses therefor
TNFCDR00174,GFTVGNNY,CDR1,H,8,5,disclosed_binder_claim,,fv_domain_vh,USPTO patent sequences,TNFB00410;TNFB00411;TNFB00412;TNFB00413;TNFB00414,Selection of human TNF.alpha. specific antibodies
TNFCDR00175,GFTVSDYG,CDR1,H,8,1,disclosed_binder_claim,,fv_domain_vh,USPTO patent sequences,TNFB00432,TNF-alpha binding proteins
TNFCDR00176,GFTVSNNY,CDR1,H,8,1,disclosed_binder_claim,,fv_domain_vh,USPTO patent sequences,TNFB00415,Selection of human TNF.alpha. specific antibodies
TNFCDR00177,GFTVSNYA,CDR1,H,8,1,disclosed_binder_claim,,fv_domain_vh,USPTO patent sequences,TNFB00403,Single domain antibodies directed against tumor necrosis factor-alpha and uses therefor
TNFCDR00178,GFTVSSNY,CDR1,H,8,17,disclosed_binder_claim,,fv_domain_vh,USPTO patent sequences,TNFB00311;TNFB00312;TNFB00416;TNFB00417;TNFB00418;TNFB00419;TNFB00420;TNFB00421;TNFB00422;TNFB00423;TNFB00424;TNFB00425,Selection of human TNF.alpha. specific antibodies
TNFCDR00179,GFXFGXXA,CDR1,H,8,3,disclosed_binder_claim,,fv_domain_vh;igg_chain_heavy,PLAbDab;USPTO patent sequences,TNFB01132;TNFB01372;TNFB02756,Antibodies to TNF-alpha
TNFCDR00180,GFXFSSYA,CDR1,H,8,4,disclosed_binder_claim,,fv_domain_vh,PLAbDab;USPTO patent sequences,TNFB01620;TNFB01621;TNFB01622;TNFB01623,"Anti-TNF antibodies, compositions, and methods for the treatment of active Ankylosing Spondylitis | Anti-TNF antibodies, compositions, and methods for the treatment of active ankylosing spondylitis | "
TNFCDR00181,GFXFSXXW,CDR1,H,8,1,disclosed_binder_claim,,fv_domain_vh,USPTO patent sequences,TNFB00385,Nanobodies against tumor necrosis factor-alpha
TNFCDR00182,GFXFXXFA,CDR1,H,8,3,disclosed_binder_claim,,fv_domain_vh;igg_chain_heavy,PLAbDab;USPTO patent sequences,TNFB01133;TNFB01373;TNFB02757,Antibodies to TNF-alpha
TNFCDR00183,GFXFXXXA,CDR1,H,8,6,disclosed_binder_claim,,fv_domain_vh;igg_chain_heavy,PLAbDab;USPTO patent sequences,TNFB01134;TNFB01135;TNFB01374;TNFB01375;TNFB02758;TNFB02759,Antibodies to TNF-alpha
TNFCDR00184,GGAFSNYD,CDR1,H,8,1,disclosed_binder_claim,,vhh,USPTO patent sequences,TNFB00039,Nanobodies against tumor necrosis factor-alpha
TNFCDR00185,GGGGSGGG,CDR1,H,8,1,disclosed_binder_claim,,fv_domain_vh,PLAbDab,TNFB00641,Cell-type-restricted anti-cytokine therapy: TNF inhibition from one pathogenic source
TNFCDR00186,GGSFGGYG,CDR1,H,8,1,disclosed_binder_claim,Remtolumab (Bispecific Dual Variable Domain IG) [Thera-SAbDab via PLAbDab Remtolumab_2],fv_domain_vh,PLAbDab;USPTO patent sequences,TNFB01615,Bispecific antibodies directed against TNF-alpha and IL-17 || Therapeutic antibody Remtolumab: Bispecific Dual Variable Domain IG targetting IL17A;TNFA
TNFCDR00187,GGSFRSYG,CDR1,H,8,1,disclosed_binder_claim,,fv_domain_vh,USPTO patent sequences,TNFB01614,Bispecific antibodies directed against TNF-alpha and IL-17
TNFCDR00188,GGSISDYG,CDR1,H,8,2,disclosed_binder_claim,,fv_domain_vh,USPTO patent sequences,TNFB00431;TNFB00640,TNF-alpha binding proteins
TNFCDR00189,GGTFAWYA,CDR1,H,8,2,disclosed_binder_claim,,fv_domain_vh,USPTO patent sequences,TNFB00945;TNFB00946,Immunobinders directed against TNF
TNFCDR00190,GGTFAWYS,CDR1,H,8,1,disclosed_binder_claim,,fv_domain_vh,USPTO patent sequences,TNFB00947,Immunobinders directed against TNF
TNFCDR00191,GGTFGWYA,CDR1,H,8,1,disclosed_binder_claim,,fv_domain_vh,USPTO patent sequences,TNFB00948,Immunobinders directed against TNF
TNFCDR00192,GGTFNSFP,CDR1,H,8,1,disclosed_binder_claim,,fv_domain_vh,PLAbDab,TNFB01369,Anti Human TNF-alpha antibody genes
TNFCDR00193,GGTFNSYS,CDR1,H,8,1,disclosed_binder_claim,,fv_domain_vh,PLAbDab,TNFB01128,Gene segments encoding variable domains of anti-TNF antibodies in health and multiple sclerosis
TNFCDR00194,GGTFNWYT,CDR1,H,8,1,disclosed_binder_claim,,fv_domain_vh,USPTO patent sequences,TNFB00949,Immunobinders directed against TNF
TNFCDR00195,GGTFSFYA,CDR1,H,8,1,disclosed_binder_claim,,fv_domain_vh,USPTO patent sequences,TNFB00950,Immunobinders directed against TNF
TNFCDR00196,GGTFSFYT,CDR1,H,8,1,disclosed_binder_claim,,fv_domain_vh,USPTO patent sequences,TNFB00951,Immunobinders directed against TNF
TNFCDR00197,GGTFSIYA,CDR1,H,8,6,disclosed_binder_claim,,fv_domain_vh,USPTO patent sequences,TNFB00952;TNFB00953;TNFB00954;TNFB00955;TNFB00956;TNFB00957,Immunobinders directed against TNF
TNFCDR00198,GGTFSIYS,CDR1,H,8,1,disclosed_binder_claim,,fv_domain_vh,USPTO patent sequences,TNFB00958,Immunobinders directed against TNF
TNFCDR00199,GGTFSIYT,CDR1,H,8,2,disclosed_binder_claim,,fv_domain_vh,USPTO patent sequences,TNFB00959;TNFB00960,Immunobinders directed against TNF
TNFCDR00200,GGTFSLYT,CDR1,H,8,1,disclosed_binder_claim,,fv_domain_vh,USPTO patent sequences,TNFB00961,Immunobinders directed against TNF
TNFCDR00201,GGTFSNYA,CDR1,H,8,1,disclosed_binder_claim,,fv_domain_vh,USPTO patent sequences,TNFB00962,Immunobinders directed against TNF
TNFCDR00202,GGTFSRYA,CDR1,H,8,3,disclosed_binder_claim,,fv_domain_vh;vhh,USPTO patent sequences,TNFB00024;TNFB00033;TNFB00963,Single domain antibodies directed against tumor necrosis factor-alpha and uses therefor
TNFCDR00203,GGTFSSII,CDR1,H,8,4,disclosed_binder_claim,,vhh,USPTO patent sequences,TNFB00159;TNFB00255;TNFB00261;TNFB00269,Single domain antibodies directed against tumor necrosis factor-alpha and uses therefor
TNFCDR00204,GGTFSSYA,CDR1,H,8,64,disclosed_binder_claim,,fv_domain_vh,PLAbDab;USPTO patent sequences,TNFB00944;TNFB00964;TNFB00965;TNFB00966;TNFB00967;TNFB00968;TNFB00969;TNFB00970;TNFB00971;TNFB00972;TNFB00973;TNFB00974,Bispecific antibodies directed against TNF-alpha and IL-17 | Immunobinders directed against TNF
TNFCDR00205,GGTFSWYA,CDR1,H,8,64,disclosed_binder_claim,,fv_domain_vh,USPTO patent sequences,TNFB01023;TNFB01024;TNFB01025;TNFB01026;TNFB01027;TNFB01028;TNFB01029;TNFB01030;TNFB01031;TNFB01032;TNFB01033;TNFB01034,Immunobinders directed against TNF
TNFCDR00206,GGTFSWYP,CDR1,H,8,2,disclosed_binder_claim,,fv_domain_vh,USPTO patent sequences,TNFB01087;TNFB01088,Immunobinders directed against TNF
TNFCDR00207,GGTFSWYS,CDR1,H,8,6,disclosed_binder_claim,,fv_domain_vh,USPTO patent sequences,TNFB01089;TNFB01090;TNFB01091;TNFB01092;TNFB01093;TNFB01112,Immunobinders directed against TNF
TNFCDR00208,GGTFSWYT,CDR1,H,8,11,disclosed_binder_claim,,fv_domain_vh,USPTO patent sequences,TNFB01094;TNFB01095;TNFB01096;TNFB01097;TNFB01098;TNFB01099;TNFB01100;TNFB01101;TNFB01102;TNFB01103;TNFB01104,Immunobinders directed against TNF
TNFCDR00209,GGTFSYYA,CDR1,H,8,4,disclosed_binder_claim,,fv_domain_vh,USPTO patent sequences,TNFB01105;TNFB01106;TNFB01107;TNFB01108,Immunobinders directed against TNF
TNFCDR00210,GGTFSYYS,CDR1,H,8,1,disclosed_binder_claim,,fv_domain_vh,USPTO patent sequences,TNFB01109,Immunobinders directed against TNF
TNFCDR00211,GGTFSYYT,CDR1,H,8,1,disclosed_binder_claim,,fv_domain_vh,USPTO patent sequences,TNFB01110,Immunobinders directed against TNF
TNFCDR00212,GGTFXXYX,CDR1,H,8,1,disclosed_binder_claim,,fv_domain_vh,USPTO patent sequences,TNFB01113,Bispecific antibodies directed against TNF-alpha and IL-17 | Immunobinders directed against TNF
TNFCDR00213,GGTLSSYI,CDR1,H,8,1,disclosed_binder_claim,,vhh,USPTO patent sequences,TNFB00151,Single domain antibodies directed against tumor necrosis factor-alpha and uses therefor
TNFCDR00214,GGTSSSFG,CDR1,H,8,1,disclosed_binder_claim,,fv_domain_vh,PLAbDab,TNFB01630,Gene segments encoding variable domains of anti-TNF antibodies in health and multiple sclerosis
TNFCDR00215,GGTSSSYA,CDR1,H,8,1,disclosed_binder_claim,,fv_domain_vh,USPTO patent sequences,TNFB01111,Immunobinders directed against TNF
TNFCDR00216,GIDFNNYG,CDR1,H,8,5,disclosed_binder_claim,,fv_domain_vh;igg_chain_heavy,USPTO patent sequences,TNFB01381;TNFB02861;TNFB02863;TNFB02891;TNFB02912,Anti-TNF-alpha-antibodies and functional fragments thereof
TNFCDR00217,GIDFSNSG,CDR1,H,8,2,disclosed_binder_claim,,fv_domain_vh;igg_chain_heavy,PLAbDab;USPTO patent sequences,TNFB01382;TNFB02859,Nucleic acids encoding binding members to TNF alpha | TNF alpha antibody or fragment thereof and methods of use
TNFCDR00218,GIDFSNYG,CDR1,H,8,1,disclosed_binder_claim,,fv_domain_vh,PLAbDab;USPTO patent sequences,TNFB01116,TNF-alpha-neutralizing antibodies || TNF-alpha-neutralizing antibodies | TNF.alpha.-neutralizing antibodies
TNFCDR00219,GIDFSTYG,CDR1,H,8,6,disclosed_binder_claim,,fv_domain_vh;igg_chain_heavy,USPTO patent sequences,TNFB01604;TNFB01605;TNFB01606;TNFB02866;TNFB02867;TNFB02868,Anti-TNF-alpha-antibodies and functional fragments thereof
TNFCDR00220,GIDLNNYN,CDR1,H,8,2,disclosed_binder_claim,,fv_domain_vh,PLAbDab;USPTO patent sequences,TNFB00324;TNFB01607,Antibodies to TNF alpha and use thereof | Antibodies to TNF-alpha and use thereof
TNFCDR00221,GIDLNSYA,CDR1,H,8,1,disclosed_binder_claim,,fv_domain_vh,USPTO patent sequences,TNFB01592,Antibodies to TNF alpha and use thereof | Antibodies to TNF-alpha and use thereof
TNFCDR00222,GIDLRNDA,CDR1,H,8,4,disclosed_binder_claim,,fv_domain_vh;igg_chain_heavy,PLAbDab;USPTO patent sequences,TNFB00372;TNFB00687;TNFB02843;TNFB02846,Stable and soluble antibodies inhibiting TNF alpha | Stable and soluble antibodies inhibiting TNF-alpha
TNFCDR00223,GIDLSNDA,CDR1,H,8,7,disclosed_binder_claim,,fv_domain_vh;igg_chain_heavy,PLAbDab;USPTO patent sequences,TNFB00368;TNFB00369;TNFB00370;TNFB00371;TNFB00688;TNFB02845;TNFB02847,Stable and soluble antibodies inhibiting TNF alpha | Stable and soluble antibodies inhibiting TNF-alpha
TNFCDR00224,GIDLSRNS,CDR1,H,8,1,disclosed_binder_claim,,fv_domain_vh,PLAbDab;USPTO patent sequences,TNFB00400,TNF-alpha-neutralizing antibodies || TNF-alpha-neutralizing antibodies | TNF.alpha.-neutralizing antibodies
TNFCDR00225,GIDLSSNS,CDR1,H,8,1,disclosed_binder_claim,,fv_domain_vh,PLAbDab;USPTO patent sequences,TNFB00338,TNF-alpha-neutralizing antibodies || TNF-alpha-neutralizing antibodies | TNF.alpha.-neutralizing antibodies
TNFCDR00226,GIDLSSYA,CDR1,H,8,11,disclosed_binder_claim,,fv_domain_vh;igg_chain_heavy,PLAbDab;USPTO patent sequences,TNFB00316;TNFB00317;TNFB00819;TNFB00820;TNFB00900;TNFB01590;TNFB01593;TNFB01594;TNFB02825;TNFB02826;TNFB02827,Anti-TNF-alpha-antibodies and functional fragments thereof
TNFCDR00227,GIDLSSYG,CDR1,H,8,1,disclosed_binder_claim,,fv_domain_vh,USPTO patent sequences,TNFB01361,Antibodies to TNF alpha and use thereof | Antibodies to TNF-alpha and use thereof
TNFCDR00228,GIDLSSYH,CDR1,H,8,1,disclosed_binder_claim,,fv_domain_vh,PLAbDab;USPTO patent sequences,TNFB00697,TNF-alpha-neutralizing antibodies || TNF-alpha-neutralizing antibodies | TNF.alpha.-neutralizing antibodies
TNFCDR00229,GIIFSINA,CDR1,H,8,1,disclosed_binder_claim,,vhh,USPTO patent sequences,TNFB00016,Polypeptides comprising immunoglobulin single variable domains targeting IL-6 and TNF-alpha
TNFCDR00230,GISLSSNE,CDR1,H,8,1,disclosed_binder_claim,,fv_domain_vh,PLAbDab;USPTO patent sequences,TNFB00909,TNF-alpha-neutralizing antibodies || TNF-alpha-neutralizing antibodies | TNF.alpha.-neutralizing antibodies
TNFCDR00231,GLNVSRDY,CDR1,H,8,12,disclosed_binder_claim,,fv_domain_vh,USPTO patent sequences,TNFB00434;TNFB00435;TNFB00436;TNFB00437;TNFB00438;TNFB00439;TNFB00440;TNFB00441;TNFB00442;TNFB00443;TNFB00444;TNFB00445,Selection of human TNF.alpha. specific antibodies
TNFCDR00232,GLSFSGYT,CDR1,H,8,2,disclosed_binder_claim,,vhh,USPTO patent sequences,TNFB00140;TNFB00253,Single domain antibodies directed against tumor necrosis factor-alpha and uses therefor
TNFCDR00233,GLSFSSYY,CDR1,H,8,1,disclosed_binder_claim,,fv_domain_vh,PLAbDab;USPTO patent sequences,TNFB01119,TNF-alpha-neutralizing antibodies || TNF-alpha-neutralizing antibodies | TNF.alpha.-neutralizing antibodies
TNFCDR00234,GLSFSYSG,CDR1,H,8,1,disclosed_binder_claim,,fv_domain_vh,PLAbDab,TNFB01618,Gene segments encoding variable domains of anti-TNF antibodies in health and multiple sclerosis
TNFCDR00235,GLSQTINS,CDR1,H,8,1,tested_non_binder,,vhh,Proteinbase,TNFB00169,Proteinbase design tnfalphanano_27951 (mit)
TNFCDR00236,GLTFNDYA,CDR1,H,8,1,disclosed_binder_claim,,vhh,USPTO patent sequences,TNFB00026,Single domain antibodies directed against tumor necrosis factor-alpha and uses therefor
TNFCDR00237,GLTFSSHG,CDR1,H,8,1,disclosed_binder_claim,,fv_domain_vh,PLAbDab,TNFB00377,Gene segments encoding variable domains of anti-TNF antibodies in health and multiple sclerosis
TNFCDR00238,GLTFSSYS,CDR1,H,8,1,disclosed_binder_claim,,fv_domain_vh,PLAbDab,TNFB01387,Gene segments encoding variable domains of anti-TNF antibodies in health and multiple sclerosis
TNFCDR00239,GLTFWRAA,CDR1,H,8,1,disclosed_binder_claim,,vhh,USPTO patent sequences,TNFB00028,Single domain antibodies directed against tumor necrosis factor-alpha and uses therefor
TNFCDR00240,GNIGSSYC,CDR1,H,8,1,disclosed_binder_claim,,vhh,USPTO patent sequences,TNFB00156,Single domain antibodies directed against TNF-alpha
TNFCDR00241,GPTASSHA,CDR1,H,8,1,disclosed_binder_claim,,vhh,USPTO patent sequences,TNFB00167,Single domain antibodies directed against tumor necrosis factor-alpha and uses therefor
TNFCDR00242,GQTSSSYD,CDR1,H,8,1,disclosed_binder_claim,,vhh,USPTO patent sequences,TNFB00040,Nanobodies against tumor necrosis factor-alpha
TNFCDR00243,GQTSSTAD,CDR1,H,8,3,disclosed_binder_claim,,vhh,USPTO patent sequences,TNFB00042;TNFB00085;TNFB00086,TNF binders
TNFCDR00244,GRAFSGSA,CDR1,H,8,1,disclosed_binder_claim,,vhh,USPTO patent sequences,TNFB00176,IL-23 and TNF-alpha binding bi-specific heavy chain polypeptides
TNFCDR00245,GRGFYKNA,CDR1,H,8,1,disclosed_binder_claim,,vhh,USPTO patent sequences,TNFB00223,Nanobodies against tumor necrosis factor-alpha
TNFCDR00246,GRNFVTYA,CDR1,H,8,1,disclosed_binder_claim,,vhh,USPTO patent sequences,TNFB00197,Nanobodies against tumor necrosis factor-alpha
TNFCDR00247,GRSFGSVA,CDR1,H,8,1,disclosed_binder_claim,,vhh,USPTO patent sequences,TNFB00041,Nanobodies against tumor necrosis factor-alpha
TNFCDR00248,GRSFSSVA,CDR1,H,8,1,disclosed_binder_claim,,vhh,USPTO patent sequences,TNFB00071,Nanobodies against tumor necrosis factor-alpha
TNFCDR00249,GRSFSSYG,CDR1,H,8,4,disclosed_binder_claim,,vhh,USPTO patent sequences,TNFB00183;TNFB00184;TNFB00185;TNFB00186,Single domain antibodies directed against tumor necrosis factor-alpha and uses therefor
TNFCDR00250,GRSFTGYY,CDR1,H,8,1,disclosed_binder_claim,,vhh,USPTO patent sequences,TNFB00143,Nanobodies against tumor necrosis factor-alpha
TNFCDR00251,GRSLGIYK,CDR1,H,8,1,disclosed_binder_claim,,vhh,USPTO patent sequences,TNFB00173,Single domain antibodies directed against tumor necrosis factor-alpha and uses therefor
TNFCDR00252,GRSLGIYR,CDR1,H,8,1,disclosed_binder_claim,,vhh,USPTO patent sequences,TNFB00168,Single domain antibodies directed against tumor necrosis factor-alpha and uses therefor
TNFCDR00253,GRSLSNYY,CDR1,H,8,11,confirmed_binder,,vhh,RCSB PDB;USPTO patent sequences,TNFB00087;TNFB00122;TNFB00128;TNFB00129;TNFB00130;TNFB00131;TNFB00263;TNFB00271;TNFB00274;TNFB00275;TNFB00278,Nanobodies against tumor necrosis factor-alpha
TNFCDR00254,GRTFANYA,CDR1,H,8,1,disclosed_binder_claim,,vhh,USPTO patent sequences,TNFB00123,Single domain antibodies directed against tumor necrosis factor-alpha and uses therefor
TNFCDR00255,GRTFDNYN,CDR1,H,8,1,disclosed_binder_claim,,vhh,USPTO patent sequences,TNFB00187,Single domain antibodies directed against tumor necrosis factor-alpha and uses therefor
TNFCDR00256,GRTFGTYA,CDR1,H,8,1,disclosed_binder_claim,,vhh,USPTO patent sequences,TNFB00027,Nanobodies against tumor necrosis factor-alpha
TNFCDR00257,GRTFNIYN,CDR1,H,8,1,disclosed_binder_claim,,vhh,USPTO patent sequences,TNFB00188,Single domain antibodies directed against tumor necrosis factor-alpha and uses therefor
TNFCDR00258,GRTFNNYN,CDR1,H,8,1,disclosed_binder_claim,,vhh,USPTO patent sequences,TNFB00182,Single domain antibodies directed against tumor necrosis factor-alpha and uses therefor
TNFCDR00259,GRTFSDYA,CDR1,H,8,1,disclosed_binder_claim,,vhh,USPTO patent sequences,TNFB00162,Single domain antibodies directed against tumor necrosis factor-alpha and uses therefor
TNFCDR00260,GRTFSIYN,CDR1,H,8,1,disclosed_binder_claim,,vhh,USPTO patent sequences,TNFB00189,Single domain antibodies directed against tumor necrosis factor-alpha and uses therefor
TNFCDR00261,GRTFSNYA,CDR1,H,8,4,disclosed_binder_claim,,vhh,USPTO patent sequences,TNFB00142;TNFB00149;TNFB00150;TNFB00286,Polypeptides comprising immunoglobulin single variable domains targeting IL-6 and TNF-alpha
TNFCDR00262,GRTFSNYI,CDR1,H,8,1,disclosed_binder_claim,,vhh,USPTO patent sequences,TNFB00153,IL-23 and TNF-alpha binding bi-specific heavy chain polypeptides
TNFCDR00263,GRTFSPYT,CDR1,H,8,1,disclosed_binder_claim,,vhh,USPTO patent sequences,TNFB00152,Single domain antibodies directed against tumor necrosis factor-alpha and uses therefor
TNFCDR00264,GRTFSSFA,CDR1,H,8,1,disclosed_binder_claim,,vhh,USPTO patent sequences,TNFB00158,Single domain antibodies directed against tumor necrosis factor-alpha and uses therefor
TNFCDR00265,GRTFSSFR,CDR1,H,8,1,disclosed_binder_claim,,vhh,USPTO patent sequences,TNFB00029,Single domain antibodies directed against tumor necrosis factor-alpha and uses therefor
TNFCDR00266,GRTFSSYA,CDR1,H,8,1,disclosed_binder_claim,,vhh,USPTO patent sequences,TNFB00198,Nanobodies against tumor necrosis factor-alpha
TNFCDR00267,GRTFSSYG,CDR1,H,8,1,disclosed_binder_claim,,vhh,USPTO patent sequences,TNFB00161,Single domain antibodies directed against tumor necrosis factor-alpha and uses therefor
TNFCDR00268,GRTFSSYV,CDR1,H,8,1,disclosed_binder_claim,,vhh,USPTO patent sequences,TNFB00172,Polypeptides comprising immunoglobulin single variable domains targeting IL-6 and TNF-alpha
TNFCDR00269,GRTFSTYN,CDR1,H,8,1,disclosed_binder_claim,,vhh,USPTO patent sequences,TNFB00190,Single domain antibodies directed against tumor necrosis factor-alpha and uses therefor
TNFCDR00270,GRTISDYA,CDR1,H,8,4,disclosed_binder_claim,,vhh,USPTO patent sequences,TNFB00212;TNFB00213;TNFB00215;TNFB00216,Single domain antibodies directed against tumor necrosis factor-alpha and uses therefor
TNFCDR00271,GRTISSFR,CDR1,H,8,1,disclosed_binder_claim,,vhh,USPTO patent sequences,TNFB00032,Single domain antibodies directed against tumor necrosis factor-alpha and uses therefor
TNFCDR00272,GRTISVYA,CDR1,H,8,1,disclosed_binder_claim,,vhh,USPTO patent sequences,TNFB00141,Single domain antibodies directed against tumor necrosis factor-alpha and uses therefor
TNFCDR00273,GRTLSSYA,CDR1,H,8,1,disclosed_binder_claim,,vhh,USPTO patent sequences,TNFB00211,Polypeptides comprising immunoglobulin single variable domains targeting TNFA and IL-23
TNFCDR00274,GSGFTSYS,CDR1,H,8,1,tested_non_binder,,vhh,Proteinbase,TNFB00251,Proteinbase design tnfalphanano_01349 (mit)
TNFCDR00275,GSIFKYYG,CDR1,H,8,1,tested_non_binder,,vhh,Proteinbase,TNFB00132,Proteinbase design tnfalphanano_20344 (mit)
TNFCDR00276,GSIFRVNA,CDR1,H,8,6,disclosed_binder_claim,,vhh,USPTO patent sequences,TNFB00030;TNFB00031;TNFB00084;TNFB00163;TNFB00249;TNFB00260,Single domain antibodies directed against tumor necrosis factor-alpha and uses therefor
TNFCDR00277,GSIFSIDV,CDR1,H,8,1,disclosed_binder_claim,,vhh,USPTO patent sequences,TNFB00017,Single domain antibodies directed against tumor necrosis factor-alpha and uses therefor
TNFCDR00278,GSIFSNHW,CDR1,H,8,10,disclosed_binder_claim,,fv_domain_vh,USPTO patent sequences,TNFB00715;TNFB00716;TNFB00717;TNFB00767;TNFB00821;TNFB00822;TNFB00868;TNFB00869;TNFB00870;TNFB00871,Anti-TNF.alpha. antibodies | Anti-TNF.alpha. antibodies and methods of use
TNFCDR00279,GSIFSNHY,CDR1,H,8,10,disclosed_binder_claim,,fv_domain_vh,USPTO patent sequences,TNFB00718;TNFB00719;TNFB00720;TNFB00768;TNFB00769;TNFB00823;TNFB00872;TNFB00873;TNFB00874;TNFB00875,Anti-TNF.alpha. antibodies | Anti-TNF.alpha. antibodies and methods of use
TNFCDR00280,GSNFSNYG,CDR1,H,8,1,tested_non_binder,,vhh,Proteinbase,TNFB00101,Proteinbase design tnfalphanano_24816 (mit)
TNFCDR00281,GSNFSSYG,CDR1,H,8,1,tested_non_binder,,vhh,Proteinbase,TNFB00133,Proteinbase design tnfalphanano_11970 (mit)
TNFCDR00282,GSNFYNYS,CDR1,H,8,1,tested_non_binder,,vhh,Proteinbase,TNFB00252,Proteinbase design tnfalphanano_04026 (mit)
TNFCDR00283,GSSGSFNN,CDR1,H,8,1,tested_non_binder,,vhh,Proteinbase,TNFB00170,Proteinbase design tnfalphanano_19838 (mit)
TNFCDR00284,GSTFSNHW,CDR1,H,8,7,disclosed_binder_claim,,fv_domain_vh,USPTO patent sequences,TNFB00721;TNFB00770;TNFB00771;TNFB00824;TNFB00825;TNFB00826;TNFB00876,Anti-TNF.alpha. antibodies | Anti-TNF.alpha. antibodies and methods of use
TNFCDR00285,GSTFSNHY,CDR1,H,8,11,disclosed_binder_claim,,fv_domain_vh,USPTO patent sequences,TNFB00722;TNFB00723;TNFB00772;TNFB00773;TNFB00827;TNFB00828;TNFB00829;TNFB00877;TNFB00878;TNFB00879;TNFB00880,Anti-TNF.alpha. antibodies | Anti-TNF.alpha. antibodies and methods of use
TNFCDR00286,GSTFSTYD,CDR1,H,8,1,disclosed_binder_claim,,fv_domain_vh,USPTO patent sequences,TNFB01624,Nanobodies against tumor necrosis factor-alpha
TNFCDR00287,GSTISYYS,CDR1,H,8,1,tested_non_binder,,vhh,Proteinbase,TNFB00154,Proteinbase design tnfalphanano_11114 (mit)
TNFCDR00288,GSTSNAYA,CDR1,H,8,2,disclosed_binder_claim,,vhh,USPTO patent sequences,TNFB00103;TNFB00157,Nanobodies against tumor necrosis factor-alpha
TNFCDR00289,GTTFSSAA,CDR1,H,8,1,disclosed_binder_claim,,vhh,USPTO patent sequences,TNFB00208,Single domain antibodies directed against tumor necrosis factor-alpha and uses therefor
TNFCDR00290,GYAFSHSW,CDR1,H,8,1,disclosed_binder_claim,,fv_domain_vh,USPTO patent sequences,TNFB00329,DNA molecule encoding TNF binding ligands and vectors and host cells containing the DNA molecule
TNFCDR00291,GYAFTDYG,CDR1,H,8,1,disclosed_binder_claim,,fv_domain_vh,USPTO patent sequences,TNFB01410,Immunobinders directed against TNF
TNFCDR00292,GYKFTDYH,CDR1,H,8,1,disclosed_binder_claim,,fv_domain_vh,PLAbDab,TNFB00910,Anti-TNF-anti-IL-17 bispecific antibodies
TNFCDR00293,GYNFTSYW,CDR1,H,8,1,disclosed_binder_claim,,fv_domain_vh,PLAbDab,TNFB00343,Characterization of the neutralizing activity of three anti-human TNF monoclonal antibodies and prediction of their TNF epitopes by molecular modeling and mutant protein approach
TNFCDR00294,GYPFTRYV,CDR1,H,8,1,disclosed_binder_claim,,fv_domain_vh,USPTO patent sequences,TNFB00383,Anti-TNF-/anti-IL-23 bispecific antibodies
TNFCDR00295,GYSFSDYW,CDR1,H,8,1,disclosed_binder_claim,,fv_domain_vh,PLAbDab,TNFB00679,Gene segments encoding variable domains of anti-TNF antibodies in health and multiple sclerosis
TNFCDR00296,GYSFSNYW,CDR1,H,8,2,disclosed_binder_claim,,fv_domain_vh;igg_chain_heavy,USPTO patent sequences,TNFB00634;TNFB02879,Method of treating inflammatory bowel disease with a combination therapy of antibodies to IL-23 and TNF alpha
TNFCDR00297,GYSFSSHY,CDR1,H,8,9,disclosed_binder_claim,,fv_domain_vh;igg_chain_heavy,USPTO patent sequences,TNFB00407;TNFB00628;TNFB01637;TNFB02848;TNFB02849;TNFB02850;TNFB02860;TNFB02875;TNFB02892,Methods of binding TNF-alpha using anti-TNF-alpha antibody fragment-polymer conjugates
TNFCDR00298,GYSFTGYF,CDR1,H,8,1,disclosed_binder_claim,,fv_domain_vh,PLAbDab;USPTO patent sequences,TNFB01600,Stable and soluble antibodies inhibiting TNF alpha || Stable and soluble antibodies inhibiting TNF alpha | Stable and soluble antibodies inhibiting TNF-alpha
TNFCDR00299,GYSFTHYG,CDR1,H,8,2,disclosed_binder_claim,,fv_domain_vh;igg_chain_heavy,PLAbDab;USPTO patent sequences,TNFB00644;TNFB02774,Stable and soluble antibodies inhibiting TNF alpha | Stable and soluble antibodies inhibiting TNF-alpha
TNFCDR00300,GYSFTSYW,CDR1,H,8,1,disclosed_binder_claim,,fv_domain_vh,PLAbDab,TNFB00404,Reconstruction and analysis of a human anti-TNF-a ScFv antibody
TNFCDR00301,GYSFTTYW,CDR1,H,8,1,disclosed_binder_claim,,fv_domain_vh,PLAbDab,TNFB00901,Monoclonal antibodies to human proinflammatory cytokines and methods for treating inflammatory diseases
TNFCDR00302,GYSITNSY,CDR1,H,8,3,disclosed_binder_claim,,vhh,PLAbDab;USPTO patent sequences,TNFB00025;TNFB00259;TNFB00283,"Antibodies binding to trimeric TNF alpha epitopes || Antibodies binding to trimeric TNF alpha epitopes | Antibody against trimeric TNF-alpha complex | Complexes between anti-TNF antibodies, trimeric T"
TNFCDR00303,GYSLTQYP,CDR1,H,8,1,disclosed_binder_claim,,vhh_putative,USPTO patent sequences,TNFB00298,Bispecific antibodies directed against TNF-alpha and IL-17 | Immunobinders directed against TNF
TNFCDR00304,GYTDSYGV,CDR1,H,8,1,disclosed_binder_claim,,vhh,USPTO patent sequences,TNFB00121,Single domain antibodies directed against TNF-alpha
TNFCDR00305,GYTFADYE,CDR1,H,8,6,disclosed_binder_claim,,fv_domain_vh,USPTO patent sequences,TNFB01174;TNFB01175;TNFB01176;TNFB01177;TNFB01178;TNFB01179,Bispecific antibodies directed against TNF-alpha and IL-17
TNFCDR00306,GYTFADYG,CDR1,H,8,1,disclosed_binder_claim,,fv_domain_vh,USPTO patent sequences,TNFB01411,Immunobinders directed against TNF
TNFCDR00307,GYTFANYG,CDR1,H,8,6,disclosed_binder_claim,,fv_domain_vh;igg_chain_heavy,USPTO patent sequences,TNFB01412;TNFB01413;TNFB01414;TNFB01415;TNFB02851;TNFB02852,Bispecific antibodies directed against TNF-alpha and IL-17 | Immunobinders directed against TNF
TNFCDR00308,GYTFATYG,CDR1,H,8,1,disclosed_binder_claim,,fv_domain_vh,USPTO patent sequences,TNFB01416,Immunobinders directed against TNF
TNFCDR00309,GYTFDDYA,CDR1,H,8,6,disclosed_binder_claim,,fv_domain_vh,PLAbDab;USPTO patent sequences,TNFB01143;TNFB01144;TNFB01145;TNFB01640;TNFB01641;TNFB01642,Anti-TNF-alpha fully human monoclonal antibodies with low immunogenicity and application thereof
TNFCDR00310,GYTFDDYE,CDR1,H,8,50,disclosed_binder_claim,,fv_domain_vh,USPTO patent sequences,TNFB01180;TNFB01181;TNFB01182;TNFB01183;TNFB01184;TNFB01185;TNFB01186;TNFB01187;TNFB01188;TNFB01189;TNFB01190;TNFB01191,Bispecific antibodies directed against TNF-alpha and IL-17
TNFCDR00311,GYTFDEYE,CDR1,H,8,2,disclosed_binder_claim,,fv_domain_vh,USPTO patent sequences,TNFB01227;TNFB01228,Bispecific antibodies directed against TNF-alpha and IL-17
TNFCDR00312,GYTFDHYG,CDR1,H,8,1,disclosed_binder_claim,,fv_domain_vh,USPTO patent sequences,TNFB01417,Immunobinders directed against TNF
TNFCDR00313,GYTFDNYG,CDR1,H,8,4,disclosed_binder_claim,,fv_domain_vh,USPTO patent sequences,TNFB01418;TNFB01419;TNFB01420;TNFB01421,Immunobinders directed against TNF
TNFCDR00314,GYTFEDYE,CDR1,H,8,7,disclosed_binder_claim,,fv_domain_vh,USPTO patent sequences,TNFB01229;TNFB01230;TNFB01231;TNFB01232;TNFB01233;TNFB01358;TNFB01359,Bispecific antibodies directed against TNF-alpha and IL-17
TNFCDR00315,GYTFGNYG,CDR1,H,8,1,disclosed_binder_claim,,fv_domain_vh,USPTO patent sequences,TNFB01422,Immunobinders directed against TNF
TNFCDR00316,GYTFKNYG,CDR1,H,8,5,disclosed_binder_claim,,fv_domain_vh,USPTO patent sequences,TNFB01423;TNFB01424;TNFB01425;TNFB01426;TNFB01427,Immunobinders directed against TNF
TNFCDR00317,GYTFNDYE,CDR1,H,8,2,disclosed_binder_claim,,fv_domain_vh,USPTO patent sequences,TNFB01234;TNFB01235,Bispecific antibodies directed against TNF-alpha and IL-17
TNFCDR00318,GYTFNDYG,CDR1,H,8,2,disclosed_binder_claim,,fv_domain_vh,USPTO patent sequences,TNFB01428;TNFB01429,Immunobinders directed against TNF
TNFCDR00319,GYTFNHYG,CDR1,H,8,1,disclosed_binder_claim,,fv_domain_vh,USPTO patent sequences,TNFB01430,Immunobinders directed against TNF
TNFCDR00320,GYTFNNYA,CDR1,H,8,1,disclosed_binder_claim,,fv_domain_vh,USPTO patent sequences,TNFB00943,Immunobinders directed against TNF
TNFCDR00321,GYTFNNYG,CDR1,H,8,25,disclosed_binder_claim,,fv_domain_vh,USPTO patent sequences,TNFB01431;TNFB01432;TNFB01433;TNFB01434;TNFB01435;TNFB01436;TNFB01437;TNFB01438;TNFB01439;TNFB01440;TNFB01441;TNFB01442,Bispecific antibodies directed against TNF-alpha and IL-17 | Immunobinders directed against TNF
TNFCDR00322,GYTFNRYA,CDR1,H,8,1,disclosed_binder_claim,,fv_domain_vh,PLAbDab,TNFB01376,Gene segments encoding variable domains of anti-TNF antibodies in health and multiple sclerosis
TNFCDR00323,GYTFNSYG,CDR1,H,8,1,disclosed_binder_claim,,fv_domain_vh,USPTO patent sequences,TNFB01450,Immunobinders directed against TNF
TNFCDR00324,GYTFPDYE,CDR1,H,8,2,disclosed_binder_claim,,fv_domain_vh,USPTO patent sequences,TNFB01236;TNFB01237,Bispecific antibodies directed against TNF-alpha and IL-17
TNFCDR00325,GYTFPNYG,CDR1,H,8,2,disclosed_binder_claim,,fv_domain_vh,USPTO patent sequences,TNFB01451;TNFB01452,Immunobinders directed against TNF
TNFCDR00326,GYTFQNYG,CDR1,H,8,1,disclosed_binder_claim,,fv_domain_vh,USPTO patent sequences,TNFB01453,Immunobinders directed against TNF
TNFCDR00327,GYTFRDYG,CDR1,H,8,1,disclosed_binder_claim,,fv_domain_vh,USPTO patent sequences,TNFB01454,Immunobinders directed against TNF
TNFCDR00328,GYTFRNYG,CDR1,H,8,5,disclosed_binder_claim,,fv_domain_vh,USPTO patent sequences,TNFB01455;TNFB01456;TNFB01457;TNFB01458;TNFB01459,Bispecific antibodies directed against TNF-alpha and IL-17 | Immunobinders directed against TNF
TNFCDR00329,GYTFSDYE,CDR1,H,8,16,disclosed_binder_claim,,fv_domain_vh,USPTO patent sequences,TNFB01238;TNFB01239;TNFB01240;TNFB01241;TNFB01242;TNFB01243;TNFB01244;TNFB01245;TNFB01246;TNFB01247;TNFB01248;TNFB01249,Bispecific antibodies directed against TNF-alpha and IL-17
TNFCDR00330,GYTFSDYG,CDR1,H,8,1,disclosed_binder_claim,,fv_domain_vh,USPTO patent sequences,TNFB01460,Immunobinders directed against TNF
TNFCDR00331,GYTFSNYD,CDR1,H,8,1,disclosed_binder_claim,,fv_domain_vh,USPTO patent sequences,TNFB01586,Bispecific antibodies directed against TNF-alpha and IL-17 | Immunobinders directed against TNF
TNFCDR00332,GYTFSNYG,CDR1,H,8,18,disclosed_binder_claim,,fv_domain_vh,USPTO patent sequences,TNFB01461;TNFB01462;TNFB01463;TNFB01464;TNFB01465;TNFB01466;TNFB01467;TNFB01468;TNFB01469;TNFB01470;TNFB01471;TNFB01472,Immunobinders directed against TNF
TNFCDR00333,GYTFTDNY,CDR1,H,8,6,disclosed_binder_claim,,fv_domain_vh;igg_chain_heavy,PLAbDab;USPTO patent sequences,TNFB00706;TNFB00806;TNFB00807;TNFB00808;TNFB02792;TNFB02793,Antibody molecules which bind TNF alpha
TNFCDR00334,GYTFTDYE,CDR1,H,8,110,disclosed_binder_claim,,fv_domain_vh,USPTO patent sequences,TNFB01172;TNFB01173;TNFB01252;TNFB01253;TNFB01254;TNFB01255;TNFB01256;TNFB01257;TNFB01258;TNFB01259;TNFB01260;TNFB01261,Bispecific antibodies directed against TNF-alpha and IL-17
TNFCDR00335,GYTFTDYG,CDR1,H,8,5,disclosed_binder_claim,,fv_domain_vh,USPTO patent sequences,TNFB01479;TNFB01480;TNFB01481;TNFB01482;TNFB01483,Immunobinders directed against TNF
TNFCDR00336,GYTFTDYY,CDR1,H,8,1,disclosed_binder_claim,,fv_domain_vh,PLAbDab,TNFB00387,Gene segments encoding variable domains of anti-TNF antibodies in health and multiple sclerosis
TNFCDR00337,GYTFTEYE,CDR1,H,8,2,disclosed_binder_claim,,fv_domain_vh,USPTO patent sequences,TNFB01355;TNFB01360,Bispecific antibodies directed against TNF-alpha and IL-17
TNFCDR00338,GYTFTGYY,CDR1,H,8,2,disclosed_binder_claim,,fv_domain_vh,PLAbDab;USPTO patent sequences,TNFB00319;TNFB01377,Gene segments encoding variable domains of anti-TNF antibodies in health and multiple sclerosis
TNFCDR00339,GYTFTHYG,CDR1,H,8,50,disclosed_binder_claim,,fv_domain_vh,PLAbDab;USPTO patent sequences,TNFB00397;TNFB00636;TNFB00643;TNFB00645;TNFB00646;TNFB00647;TNFB00648;TNFB00649;TNFB00650;TNFB00651;TNFB00652;TNFB00653,Stable and soluble antibodies inhibiting TNF alpha | Stable and soluble antibodies inhibiting TNF-alpha
TNFCDR00340,GYTFTKYA,CDR1,H,8,1,disclosed_binder_claim,,fv_domain_vh,PLAbDab,TNFB00342,Gene segments encoding variable domains of anti-TNF antibodies in health and multiple sclerosis
TNFCDR00341,GYTFTKYG,CDR1,H,8,1,disclosed_binder_claim,,fv_domain_vh,USPTO patent sequences,TNFB01486,Immunobinders directed against TNF
TNFCDR00342,GYTFTNYG,CDR1,H,8,106,disclosed_binder_claim,,fv_domain_vh,USPTO patent sequences,TNFB01405;TNFB01406;TNFB01407;TNFB01487;TNFB01488;TNFB01489;TNFB01490;TNFB01491;TNFB01492;TNFB01493;TNFB01494;TNFB01495,TNF-alpha binding proteins
TNFCDR00343,GYTFTQYG,CDR1,H,8,1,disclosed_binder_claim,,fv_domain_vh,USPTO patent sequences,TNFB01585,Immunobinders directed against TNF
TNFCDR00344,GYTFTRNH,CDR1,H,8,2,disclosed_binder_claim,,fv_domain_vh,PLAbDab,TNFB00642;TNFB00701,Cell-type-restricted anti-cytokine therapy: TNF inhibition from one pathogenic source
TNFCDR00345,GYTFTSYD,CDR1,H,8,3,disclosed_binder_claim,,fv_domain_vh,PLAbDab;USPTO patent sequences,TNFB00633;TNFB00916;TNFB01629,Gene segments encoding variable domains of anti-TNF antibodies in health and multiple sclerosis
TNFCDR00346,GYTFTSYN,CDR1,H,8,2,disclosed_binder_claim,,fv_domain_vh;igg_chain_heavy,USPTO patent sequences,TNFB01380;TNFB02890,Therapy of autoimmune disease in a patient with an inadequate response to a TNF-.alpha. inhibitor | Therapy of autoimmune disease in a patient with an inadequate response to a TNF-alpha inhibitor
TNFCDR00347,GYTFTSYW,CDR1,H,8,1,disclosed_binder_claim,,fv_domain_vh,PLAbDab,TNFB00344,Gene segments encoding variable domains of anti-TNF antibodies in health and multiple sclerosis
TNFCDR00348,GYTFTSYY,CDR1,H,8,1,disclosed_binder_claim,,fv_domain_vh,PLAbDab,TNFB00327,Gene segments encoding variable domains of anti-TNF antibodies in health and multiple sclerosis
TNFCDR00349,GYTFXXYE,CDR1,H,8,1,disclosed_binder_claim,,fv_domain_vh,USPTO patent sequences,TNFB01356,Bispecific antibodies directed against TNF-alpha and IL-17
TNFCDR00350,GYTFXXYG,CDR1,H,8,1,disclosed_binder_claim,,fv_domain_vh,USPTO patent sequences,TNFB01589,Bispecific antibodies directed against TNF-alpha and IL-17 | Immunobinders directed against TNF
TNFCDR00351,GYVFTDYG,CDR1,H,8,6,confirmed_binder,Certolizumab (Fab) [Thera-SAbDab via PLAbDab Certolizumab] ; Certolizumab pegol [PDB 5WUX_1],fab;fv_domain_vh;igg_chain_heavy;vhh_putative,PLAbDab;RCSB PDB;USPTO patent sequences,TNFB00007;TNFB00303;TNFB00683;TNFB00702;TNFB02686;TNFB02761,Anti-TNF alpha monoclonal secretory IgA antibodies and methods for treating inflammatory diseases || Anti-TNF alpha monoclonal secretory IgA antibodies and methods for treating inflammatory diseases |
TNFCDR00352,QFIFSNHW,CDR1,H,8,7,disclosed_binder_claim,,fv_domain_vh,USPTO patent sequences,TNFB00724;TNFB00725;TNFB00726;TNFB00774;TNFB00830;TNFB00831;TNFB00881,Anti-TNF.alpha. antibodies | Anti-TNF.alpha. antibodies and methods of use
TNFCDR00353,QFIFSNHY,CDR1,H,8,17,disclosed_binder_claim,,fv_domain_vh,USPTO patent sequences,TNFB00727;TNFB00775;TNFB00776;TNFB00777;TNFB00778;TNFB00779;TNFB00780;TNFB00832;TNFB00833;TNFB00834;TNFB00835;TNFB00836,Anti-TNF.alpha. antibodies | Anti-TNF.alpha. antibodies and methods of use
TNFCDR00354,QFTFSNHW,CDR1,H,8,11,disclosed_binder_claim,,fv_domain_vh,USPTO patent sequences,TNFB00728;TNFB00729;TNFB00730;TNFB00731;TNFB00732;TNFB00733;TNFB00734;TNFB00735;TNFB00837;TNFB00838;TNFB00887,Anti-TNF.alpha. antibodies | Anti-TNF.alpha. antibodies and methods of use
TNFCDR00355,QFTFSNHY,CDR1,H,8,17,disclosed_binder_claim,,fv_domain_vh,USPTO patent sequences,TNFB00736;TNFB00737;TNFB00738;TNFB00781;TNFB00782;TNFB00783;TNFB00839;TNFB00840;TNFB00841;TNFB00842;TNFB00843;TNFB00844,Anti-TNF.alpha. antibodies | Anti-TNF.alpha. antibodies and methods of use
TNFCDR00356,QIIFGSHV,CDR1,H,8,1,disclosed_binder_claim,,vhh,USPTO patent sequences,TNFB00248,Nanobodies against tumor necrosis factor-alpha
TNFCDR00357,QSIFSNHW,CDR1,H,8,10,disclosed_binder_claim,,fv_domain_vh,USPTO patent sequences,TNFB00739;TNFB00784;TNFB00785;TNFB00786;TNFB00845;TNFB00846;TNFB00847;TNFB00848;TNFB00893;TNFB00894,Anti-TNF.alpha. antibodies | Anti-TNF.alpha. antibodies and methods of use
TNFCDR00358,QSIFSNHY,CDR1,H,8,11,disclosed_binder_claim,,fv_domain_vh,USPTO patent sequences,TNFB00740;TNFB00741;TNFB00742;TNFB00743;TNFB00787;TNFB00788;TNFB00789;TNFB00849;TNFB00850;TNFB00895;TNFB00896,Anti-TNF.alpha. antibodies | Anti-TNF.alpha. antibodies and methods of use
TNFCDR00359,QSTFSNHW,CDR1,H,8,17,disclosed_binder_claim,,fv_domain_vh,USPTO patent sequences,TNFB00744;TNFB00745;TNFB00746;TNFB00747;TNFB00748;TNFB00749;TNFB00790;TNFB00791;TNFB00792;TNFB00793;TNFB00794;TNFB00795,Anti-TNF.alpha. antibodies | Anti-TNF.alpha. antibodies and methods of use
TNFCDR00360,QSTFSNHY,CDR1,H,8,15,disclosed_binder_claim,,fv_domain_vh,USPTO patent sequences,TNFB00750;TNFB00751;TNFB00797;TNFB00798;TNFB00799;TNFB00800;TNFB00801;TNFB00802;TNFB00803;TNFB00804;TNFB00805;TNFB00853,Anti-TNF.alpha. antibodies | Anti-TNF.alpha. antibodies and methods of use
TNFCDR00361,RGIFRFNA,CDR1,H,8,1,disclosed_binder_claim,,vhh,USPTO patent sequences,TNFB00011,Single domain antibodies directed against tumor necrosis factor-alpha and uses therefor
TNFCDR00362,RRTFSGYA,CDR1,H,8,1,disclosed_binder_claim,,vhh,USPTO patent sequences,TNFB00191,Single domain antibodies directed against tumor necrosis factor-alpha and uses therefor
TNFCDR00363,SGVSSNYA,CDR1,H,8,1,tested_non_binder,,vhh,Proteinbase,TNFB00102,Proteinbase design tnfalphanano_16223 (mit)
TNFCDR00364,TRTFSRYV,CDR1,H,8,1,disclosed_binder_claim,,vhh,USPTO patent sequences,TNFB00160,Single domain antibodies directed against tumor necrosis factor-alpha and uses therefor
TNFCDR00365,TRTNDRFN,CDR1,H,8,1,disclosed_binder_claim,,vhh,USPTO patent sequences,TNFB00037,Nanobodies against tumor necrosis factor-alpha
TNFCDR00366,VSIWSFKV,CDR1,H,8,21,disclosed_binder_claim,,vhh,USPTO patent sequences,TNFB00035;TNFB00044;TNFB00045;TNFB00054;TNFB00055;TNFB00056;TNFB00057;TNFB00058;TNFB00059;TNFB00060;TNFB00061;TNFB00062,IL-23 and TNF-alpha binding bi-specific heavy chain polypeptides
TNFCDR00367,XFTFSNFG,CDR1,H,8,1,disclosed_binder_claim,,fv_domain_vh,USPTO patent sequences,TNFB00629,Immunobinders directed against TNF
TNFCDR00368,XXXFSNHX,CDR1,H,8,1,disclosed_binder_claim,,fv_domain_vh,USPTO patent sequences,TNFB00902,Anti-TNF.alpha. antibodies | Anti-TNF.alpha. antibodies and methods of use
TNFCDR00369,EIDFSRYYW,CDR1,H,9,1,disclosed_binder_claim,,fv_domain_vh,PLAbDab;USPTO patent sequences,TNFB01597,TNF-alpha-neutralizing antibodies || TNF-alpha-neutralizing antibodies | TNF.alpha.-neutralizing antibodies
TNFCDR00370,GDSISSGHY,CDR1,H,9,1,disclosed_binder_claim,,fv_domain_vh,USPTO patent sequences,TNFB00678,Selection of human TNF.alpha. specific antibodies
TNFCDR00371,GFSFSRYYY,CDR1,H,9,1,disclosed_binder_claim,,fv_domain_vh,PLAbDab;USPTO patent sequences,TNFB00905,TNF-alpha-neutralizing antibodies || TNF-alpha-neutralizing antibodies | TNF.alpha.-neutralizing antibodies
TNFCDR00372,GFSFSSGDD,CDR1,H,9,1,disclosed_binder_claim,,fv_domain_vh,PLAbDab;USPTO patent sequences,TNFB01394,TNF-alpha-neutralizing antibodies || TNF-alpha-neutralizing antibodies | TNF.alpha.-neutralizing antibodies
TNFCDR00373,GFSFSSGYY,CDR1,H,9,2,disclosed_binder_claim,,fv_domain_vh,PLAbDab;USPTO patent sequences,TNFB00322;TNFB01631,Antibodies to TNF alpha and use thereof | Antibodies to TNF-alpha and use thereof
TNFCDR00374,GFSFSSNYW,CDR1,H,9,1,disclosed_binder_claim,,fv_domain_vh,PLAbDab;USPTO patent sequences,TNFB01363,TNF-alpha-neutralizing antibodies || TNF-alpha-neutralizing antibodies | TNF.alpha.-neutralizing antibodies
TNFCDR00375,GFSFSSSIY,CDR1,H,9,1,disclosed_binder_claim,,fv_domain_vh,PLAbDab;USPTO patent sequences,TNFB01365,TNF-alpha-neutralizing antibodies || TNF-alpha-neutralizing antibodies | TNF.alpha.-neutralizing antibodies
TNFCDR00376,GFSFSSSYY,CDR1,H,9,1,disclosed_binder_claim,,fv_domain_vh,PLAbDab;USPTO patent sequences,TNFB00398,TNF-alpha-neutralizing antibodies || TNF-alpha-neutralizing antibodies | TNF.alpha.-neutralizing antibodies
TNFCDR00377,GFSFSVGYW,CDR1,H,9,4,disclosed_binder_claim,,fv_domain_vh;igg_chain_heavy,PLAbDab;USPTO patent sequences,TNFB01364;TNFB01384;TNFB02838;TNFB02840,Stable and soluble antibodies inhibiting TNF alpha | Stable and soluble antibodies inhibiting TNF-alpha
TNFCDR00378,GFTFSVGYW,CDR1,H,9,2,disclosed_binder_claim,,fv_domain_vh;igg_chain_heavy,PLAbDab;USPTO patent sequences,TNFB01379;TNFB02839,Stable and soluble antibodies inhibiting TNF alpha | Stable and soluble antibodies inhibiting TNF-alpha
TNFCDR00379,GFTISRSYW,CDR1,H,9,6,disclosed_binder_claim,Licaminlimab (scFv) [Thera-SAbDab via PLAbDab Licaminlimab],fv_domain_vh;igg_chain_heavy,PLAbDab;USPTO patent sequences,TNFB00906;TNFB01142;TNFB01146;TNFB01169;TNFB02828;TNFB02841,Stable and soluble antibodies inhibiting TNF alpha | Stable and soluble antibodies inhibiting TNF-alpha
TNFCDR00380,GIDFNKYYF,CDR1,H,9,6,disclosed_binder_claim,,fv_domain_vh;igg_chain_heavy,USPTO patent sequences,TNFB01610;TNFB01611;TNFB01613;TNFB02869;TNFB02870;TNFB02871,Anti-TNF-alpha-antibodies and functional fragments thereof
TNFCDR00381,GIDFSAGHY,CDR1,H,9,1,disclosed_binder_claim,,fv_domain_vh,PLAbDab;USPTO patent sequences,TNFB01404,TNF-alpha-neutralizing antibodies || TNF-alpha-neutralizing antibodies | TNF.alpha.-neutralizing antibodies
TNFCDR00382,GIDFSAGYD,CDR1,H,9,4,disclosed_binder_claim,,fv_domain_vh;igg_chain_heavy,PLAbDab;USPTO patent sequences,TNFB01409;TNFB02862;TNFB02864;TNFB02865,Anti-TNF-alpha-antibodies and functional fragments thereof
TNFCDR00383,GIDFSSGYY,CDR1,H,9,1,disclosed_binder_claim,,fv_domain_vh,PLAbDab;USPTO patent sequences,TNFB00904,TNF-alpha-neutralizing antibodies || TNF-alpha-neutralizing antibodies | TNF.alpha.-neutralizing antibodies
TNFCDR00384,GIDLSRYYW,CDR1,H,9,1,disclosed_binder_claim,,fv_domain_vh,PLAbDab;USPTO patent sequences,TNFB00911,TNF-alpha-neutralizing antibodies || TNF-alpha-neutralizing antibodies | TNF.alpha.-neutralizing antibodies
TNFCDR00385,GIDLSRYYY,CDR1,H,9,2,disclosed_binder_claim,,fv_domain_vh,PLAbDab;USPTO patent sequences,TNFB01393;TNFB01603,TNF-alpha-neutralizing antibodies || TNF-alpha-neutralizing antibodies | TNF.alpha.-neutralizing antibodies
TNFCDR00386,GVDFSYYYY,CDR1,H,9,1,disclosed_binder_claim,,fv_domain_vh,PLAbDab;USPTO patent sequences,TNFB00912,TNF-alpha-neutralizing antibodies || TNF-alpha-neutralizing antibodies | TNF.alpha.-neutralizing antibodies
TNFCDR00387,GYSITSGYF,CDR1,H,9,1,disclosed_binder_claim,,vhh_putative,PLAbDab;USPTO patent sequences,TNFB00290,"Bispecific antibodies that neutralize both TNF-alpha and IL-6: novel therapeutic agent for autoimmune disease | Murine, chimeric, humanized or human anti-TNF-alpha antibodies || Characterization of th"
TNFCDR00388,GFSLSTSGMC,CDR1,H,10,2,disclosed_binder_claim,,vhh_putative,PLAbDab;USPTO patent sequences,TNFB00305;TNFB00308,"Fully human anti-TNF-alpha monoclonal antibody, preparation method and use thereof"
TNFCDR00389,GGSITSDSYY,CDR1,H,10,1,disclosed_binder_claim,,fv_domain_vh,PLAbDab,TNFB01401,Gene segments encoding variable domains of anti-TNF antibodies in health and multiple sclerosis
TNFCDR00390,GRTFSDHWYT,CDR1,H,10,1,disclosed_binder_claim,,vhh_putative,USPTO patent sequences,TNFB00304,Nanobodies against tumor necrosis factor-alpha
TNFCDR00391,SSGCTFSAYS,CDR1,H,10,2,disclosed_binder_claim,,vhh;vhh_putative,USPTO patent sequences,TNFB00019;TNFB00302,Nanobodies against tumor necrosis factor-alpha
TNFCDR00392,GISGSVFSRTP,CDR1,H,11,3,disclosed_binder_claim,,vhh,USPTO patent sequences,TNFB00021;TNFB00022;TNFB00023,Single domain antibodies directed against tumor necrosis factor-alpha and uses therefor
TNFCDR00393,GRTFSAHSVYT,CDR1,H,11,4,disclosed_binder_claim,,vhh,USPTO patent sequences,TNFB00194;TNFB00203;TNFB00257;TNFB00262,Nanobodies against tumor necrosis factor-alpha
TNFCDR00394,GRTFSDHSGYTY,CDR1,H,12,1,disclosed_binder_claim,,vhh,USPTO patent sequences,TNFB00214,Nanobodies against tumor necrosis factor-alpha
TNFCDR00395,XXXXXXXXXXXX,CDR1,H,12,5,disclosed_binder_claim,,igg_chain_heavy,USPTO patent sequences,TNFB02763;TNFB02764;TNFB02765;TNFB02908;TNFB02909,Stable and soluble antibodies inhibiting TNF alpha | Stable and soluble antibodies inhibiting TNF-alpha
TNFCDR00396,GFTFSEPSGYTYT,CDR1,H,13,3,disclosed_binder_claim,,vhh,USPTO patent sequences,TNFB00224;TNFB00225;TNFB00226,Nanobodies against tumor necrosis factor-alpha
TNFCDR00397,GRTFSDHSGYTYT,CDR1,H,13,17,confirmed_binder,,vhh,RCSB PDB;USPTO patent sequences,TNFB00237;TNFB00238;TNFB00239;TNFB00240;TNFB00241;TNFB00256;TNFB00258;TNFB00264;TNFB00265;TNFB00266;TNFB00267;TNFB00276,Bi-specific affinity reagents for cell-lineage-specific TNF-alpha neutralization
TNFCDR00398,GRTFSDYSGYTYT,CDR1,H,13,2,disclosed_binder_claim,,vhh,USPTO patent sequences,TNFB00218;TNFB00236,Nanobodies against tumor necrosis factor-alpha
TNFCDR00399,GRTFSEPSGYTYT,CDR1,H,13,8,disclosed_binder_claim,,vhh,USPTO patent sequences,TNFB00227;TNFB00228;TNFB00229;TNFB00230;TNFB00242;TNFB00270;TNFB00272;TNFB00277,Nanobodies against tumor necrosis factor-alpha
TNFCDR00400,GRIFSLPASGNIFNLLT,CDR1,H,17,1,disclosed_binder_claim,,vhh,USPTO patent sequences,TNFB00171,Polypeptides comprising immunoglobulin single variable domains targeting TNFA and IL-23
TNFCDR00401,QIIGY,CDR1,K,5,1,disclosed_binder_claim,,fv_domain_vl,USPTO patent sequences,TNFB01698,Bispecific antibodies directed against TNF-alpha and IL-17
TNFCDR00402,QIIND,CDR1,K,5,1,disclosed_binder_claim,,fv_domain_vl,USPTO patent sequences,TNFB01699,Bispecific antibodies directed against TNF-alpha and IL-17
TNFCDR00403,QIISY,CDR1,K,5,3,disclosed_binder_claim,,fv_domain_vl,USPTO patent sequences,TNFB01662;TNFB01700;TNFB01701,Bispecific antibodies directed against TNF-alpha and IL-17
TNFCDR00404,QIMSY,CDR1,K,5,1,disclosed_binder_claim,,fv_domain_vl,USPTO patent sequences,TNFB01702,Bispecific antibodies directed against TNF-alpha and IL-17
TNFCDR00405,QSIGY,CDR1,K,5,3,disclosed_binder_claim,,fv_domain_vl,USPTO patent sequences,TNFB01703;TNFB01704;TNFB01705,Bispecific antibodies directed against TNF-alpha and IL-17
TNFCDR00406,QSINY,CDR1,K,5,2,disclosed_binder_claim,,fv_domain_vl,USPTO patent sequences,TNFB01663;TNFB01706,Bispecific antibodies directed against TNF-alpha and IL-17
TNFCDR00407,QSIRY,CDR1,K,5,2,disclosed_binder_claim,,fv_domain_vl,USPTO patent sequences,TNFB01664;TNFB01707,Bispecific antibodies directed against TNF-alpha and IL-17
TNFCDR00408,QSISP,CDR1,K,5,1,disclosed_binder_claim,,fv_domain_vl,USPTO patent sequences,TNFB01708,Bispecific antibodies directed against TNF-alpha and IL-17
TNFCDR00409,QSISY,CDR1,K,5,19,disclosed_binder_claim,,fv_domain_vl,USPTO patent sequences,TNFB01665;TNFB01666;TNFB01667;TNFB01668;TNFB01669;TNFB01670;TNFB01671;TNFB01672;TNFB01709;TNFB01710;TNFB01711;TNFB01712,Bispecific antibodies directed against TNF-alpha and IL-17
TNFCDR00410,QSLSY,CDR1,K,5,2,disclosed_binder_claim,,fv_domain_vl,USPTO patent sequences,TNFB01673;TNFB01674,Bispecific antibodies directed against TNF-alpha and IL-17
TNFCDR00411,QSLTY,CDR1,K,5,1,disclosed_binder_claim,,fv_domain_vl,USPTO patent sequences,TNFB01720,Bispecific antibodies directed against TNF-alpha and IL-17
TNFCDR00412,QSVNY,CDR1,K,5,1,disclosed_binder_claim,,fv_domain_vl,USPTO patent sequences,TNFB01675,Bispecific antibodies directed against TNF-alpha and IL-17
TNFCDR00413,QSVRY,CDR1,K,5,1,disclosed_binder_claim,,fv_domain_vl,USPTO patent sequences,TNFB01721,Bispecific antibodies directed against TNF-alpha and IL-17
TNFCDR00414,QSVSY,CDR1,K,5,3,disclosed_binder_claim,,fv_domain_vl,USPTO patent sequences,TNFB01722;TNFB01723;TNFB01724,Bispecific antibodies directed against TNF-alpha and IL-17
TNFCDR00415,SIINY,CDR1,K,5,2,disclosed_binder_claim,,fv_domain_vl,USPTO patent sequences,TNFB01676;TNFB01725,Bispecific antibodies directed against TNF-alpha and IL-17
TNFCDR00416,SIISY,CDR1,K,5,9,disclosed_binder_claim,,fv_domain_vl,USPTO patent sequences,TNFB01677;TNFB01678;TNFB01679;TNFB01726;TNFB01727;TNFB01728;TNFB01729;TNFB01730;TNFB01731,Bispecific antibodies directed against TNF-alpha and IL-17
TNFCDR00417,SILSY,CDR1,K,5,1,disclosed_binder_claim,,fv_domain_vl,USPTO patent sequences,TNFB01680,Bispecific antibodies directed against TNF-alpha and IL-17
TNFCDR00418,SIMNY,CDR1,K,5,1,disclosed_binder_claim,,fv_domain_vl,USPTO patent sequences,TNFB01732,Bispecific antibodies directed against TNF-alpha and IL-17
TNFCDR00419,SIVSY,CDR1,K,5,1,disclosed_binder_claim,,fv_domain_vl,USPTO patent sequences,TNFB01733,Bispecific antibodies directed against TNF-alpha and IL-17
TNFCDR00420,SSIDY,CDR1,K,5,1,disclosed_binder_claim,,fv_domain_vl,USPTO patent sequences,TNFB01734,Bispecific antibodies directed against TNF-alpha and IL-17
TNFCDR00421,SSIGY,CDR1,K,5,1,disclosed_binder_claim,,fv_domain_vl,USPTO patent sequences,TNFB01735,Bispecific antibodies directed against TNF-alpha and IL-17
TNFCDR00422,SSINY,CDR1,K,5,2,disclosed_binder_claim,,fv_domain_vl,USPTO patent sequences,TNFB01681;TNFB01736,Bispecific antibodies directed against TNF-alpha and IL-17
TNFCDR00423,SSIRY,CDR1,K,5,4,disclosed_binder_claim,,fv_domain_vl,USPTO patent sequences,TNFB01737;TNFB01738;TNFB01739;TNFB01740,Bispecific antibodies directed against TNF-alpha and IL-17
TNFCDR00424,SSISY,CDR1,K,5,51,disclosed_binder_claim,,fv_domain_vl,USPTO patent sequences,TNFB01682;TNFB01683;TNFB01684;TNFB01685;TNFB01686;TNFB01687;TNFB01688;TNFB01689;TNFB01690;TNFB01691;TNFB01692;TNFB01693,Bispecific antibodies directed against TNF-alpha and IL-17
TNFCDR00425,SSLNY,CDR1,K,5,1,disclosed_binder_claim,,fv_domain_vl,USPTO patent sequences,TNFB01697,Bispecific antibodies directed against TNF-alpha and IL-17
TNFCDR00426,SSLSY,CDR1,K,5,1,disclosed_binder_claim,,fv_domain_vl,USPTO patent sequences,TNFB01777,Bispecific antibodies directed against TNF-alpha and IL-17
TNFCDR00427,SSVRY,CDR1,K,5,1,disclosed_binder_claim,,fv_domain_vl,USPTO patent sequences,TNFB01778,Bispecific antibodies directed against TNF-alpha and IL-17
TNFCDR00428,SSVSF,CDR1,K,5,2,disclosed_binder_claim,,fv_domain_vl,USPTO patent sequences,TNFB02146;TNFB02148,Humanized anti-human tumor necrosis factor alpha monoclonal antibody and sequence thereof
TNFCDR00429,SSVSY,CDR1,K,5,3,disclosed_binder_claim,,fv_domain_vl;igg_chain_light,USPTO patent sequences,TNFB01779;TNFB02022;TNFB02919,Therapy of autoimmune disease in a patient with an inadequate response to a TNF-.alpha. inhibitor | Therapy of autoimmune disease in a patient with an inadequate response to a TNF-alpha inhibitor
TNFCDR00430,DHIGKF,CDR1,K,6,1,disclosed_binder_claim,,fv_domain_vl,USPTO patent sequences,TNFB01800,Anti-TNF-/anti-IL-23 bispecific antibodies
TNFCDR00431,DNIYRG,CDR1,K,6,7,disclosed_binder_claim,,fv_domain_vl,PLAbDab;USPTO patent sequences,TNFB02527;TNFB02528;TNFB02545;TNFB02562;TNFB02563;TNFB02612;TNFB02613,Stable and soluble antibodies inhibiting TNF alpha || Stable and soluble antibodies inhibiting TNF-alpha
TNFCDR00432,DNIYSG,CDR1,K,6,1,disclosed_binder_claim,,fv_domain_vl,PLAbDab;USPTO patent sequences,TNFB02546,TNF-alpha-neutralizing antibodies || TNF-alpha-neutralizing antibodies | TNF.alpha.-neutralizing antibodies
TNFCDR00433,EDIESY,CDR1,K,6,1,disclosed_binder_claim,,fv_domain_vl,USPTO patent sequences,TNFB02658,Antibodies to TNF alpha and use thereof | Antibodies to TNF-alpha and use thereof
TNFCDR00434,EDIYNG,CDR1,K,6,2,disclosed_binder_claim,,fv_domain_vl,PLAbDab;USPTO patent sequences,TNFB01840;TNFB02106,Antibody molecules which bind TNF alpha
TNFCDR00435,EDIYSG,CDR1,K,6,4,disclosed_binder_claim,,fv_domain_vl,PLAbDab;USPTO patent sequences,TNFB01841;TNFB01842;TNFB02468;TNFB02469,Antibody molecules which bind TNF alpha
TNFCDR00436,EKIYSL,CDR1,K,6,2,disclosed_binder_claim,,fv_domain_vl,PLAbDab;USPTO patent sequences,TNFB02222;TNFB02508,TNF-alpha-neutralizing antibodies
TNFCDR00437,ENIVSN,CDR1,K,6,2,disclosed_binder_claim,,fv_domain_vl,PLAbDab;USPTO patent sequences,TNFB02496;TNFB02544,TNF-alpha-neutralizing antibodies
TNFCDR00438,ENIYSS,CDR1,K,6,4,disclosed_binder_claim,,fv_domain_vl,PLAbDab;USPTO patent sequences,TNFB02225;TNFB02226;TNFB02510;TNFB02511,TNF-alpha-neutralizing antibodies
TNFCDR00439,ENIYTS,CDR1,K,6,8,disclosed_binder_claim,,fv_domain_vl,PLAbDab;USPTO patent sequences,TNFB02227;TNFB02483;TNFB02484;TNFB02512;TNFB02529;TNFB02530;TNFB02564;TNFB02565,TNF-alpha-neutralizing antibodies
TNFCDR00440,ESIGNA,CDR1,K,6,3,disclosed_binder_claim,,fv_domain_vl,USPTO patent sequences,TNFB02585;TNFB02590;TNFB02591,Anti-TNF-alpha-antibodies and functional fragments thereof
TNFCDR00441,ESINSR,CDR1,K,6,1,disclosed_binder_claim,,fv_domain_vl,PLAbDab;USPTO patent sequences,TNFB02608,TNF-alpha-neutralizing antibodies || TNF-alpha-neutralizing antibodies | TNF.alpha.-neutralizing antibodies
TNFCDR00442,ESISSR,CDR1,K,6,1,disclosed_binder_claim,,fv_domain_vl,PLAbDab;USPTO patent sequences,TNFB02515,TNF-alpha-neutralizing antibodies || TNF-alpha-neutralizing antibodies | TNF.alpha.-neutralizing antibodies
TNFCDR00443,ESISSW,CDR1,K,6,3,disclosed_binder_claim,,fv_domain_vl,USPTO patent sequences,TNFB02587;TNFB02588;TNFB02592,Anti-TNF-alpha-antibodies and functional fragments thereof
TNFCDR00444,ESIYSG,CDR1,K,6,8,disclosed_binder_claim,,fv_domain_vl,PLAbDab;USPTO patent sequences,TNFB02228;TNFB02485;TNFB02486;TNFB02513;TNFB02531;TNFB02532;TNFB02566;TNFB02567,TNF-alpha-neutralizing antibodies
TNFCDR00445,ESIYSS,CDR1,K,6,4,disclosed_binder_claim,,fv_domain_vl;igg_chain_light,PLAbDab;USPTO patent sequences,TNFB02516;TNFB02517;TNFB03139;TNFB03140,Anti-TNF-alpha antibody
TNFCDR00446,ESLTKY,CDR1,K,6,1,disclosed_binder_claim,,fv_domain_vl,PLAbDab,TNFB02125,Gene segments encoding variable domains of anti-TNF antibodies in health and multiple sclerosis
TNFCDR00447,ESVRGN,CDR1,K,6,1,disclosed_binder_claim,,fv_domain_vl,USPTO patent sequences,TNFB02119,Selection of human TNF.alpha. specific antibodies
TNFCDR00448,ETIGNY,CDR1,K,6,1,disclosed_binder_claim,,fv_domain_vl,USPTO patent sequences,TNFB02663,Antibodies to TNF alpha and use thereof | Antibodies to TNF-alpha and use thereof
TNFCDR00449,ETIYSW,CDR1,K,6,2,disclosed_binder_claim,,fv_domain_vl,USPTO patent sequences,TNFB02550;TNFB02557,Antibodies to TNF-alpha and use thereof
TNFCDR00450,GNIHNF,CDR1,K,6,1,disclosed_binder_claim,,fv_domain_vl,USPTO patent sequences,TNFB02659,"Bispecific antibodies that neutralize both TNF-alpha and IL-6: novel therapeutic agent for autoimmune disease | Murine, chimeric, humanized or human anti-TNF-alpha antibodies"
TNFCDR00451,GNIHNY,CDR1,K,6,1,disclosed_binder_claim,,fv_domain_vl,USPTO patent sequences,TNFB02660,"Bispecific antibodies that neutralize both TNF-alpha and IL-6: novel therapeutic agent for autoimmune disease | Murine, chimeric, humanized or human anti-TNF-alpha antibodies"
TNFCDR00452,GSGGGG,CDR1,K,6,1,disclosed_binder_claim,,fv_domain_vl,PLAbDab,TNFB02121,Cell-type-restricted anti-cytokine therapy: TNF inhibition from one pathogenic source
TNFCDR00453,KGIRNY,CDR1,K,6,1,disclosed_binder_claim,,igg_chain_light,USPTO patent sequences,TNFB02955,Antibodies to TNF-alpha
TNFCDR00454,KRIGSS,CDR1,K,6,1,disclosed_binder_claim,,fv_domain_vl,USPTO patent sequences,TNFB02243,Immunobinders directed against TNF
TNFCDR00455,KSISKY,CDR1,K,6,2,disclosed_binder_claim,,fv_domain_vl,PLAbDab;USPTO patent sequences,TNFB02122;TNFB02685,Cell type-restricted anti-cytokine therapy: TNF inhibition from one pathogenic source || Cell-type-restricted anti-cytokine therapy: TNF inhibition from one pathogenic source
TNFCDR00456,KTISKY,CDR1,K,6,1,disclosed_binder_claim,,fv_domain_vl,USPTO patent sequences,TNFB02470,Methods of binding TNF-alpha using anti-TNF-alpha antibody fragment-polymer conjugates
TNFCDR00457,LGIRNY,CDR1,K,6,1,disclosed_binder_claim,,igg_chain_light,USPTO patent sequences,TNFB02956,Antibodies to TNF-alpha
TNFCDR00458,MDIRNY,CDR1,K,6,1,disclosed_binder_claim,,igg_chain_light,USPTO patent sequences,TNFB02934,Antibodies to TNF-alpha
TNFCDR00459,MGIRNY,CDR1,K,6,5,disclosed_binder_claim,,igg_chain_light,USPTO patent sequences,TNFB02935;TNFB02936;TNFB02937;TNFB03068;TNFB03069,Antibodies to TNF-alpha
TNFCDR00460,MGLRNY,CDR1,K,6,1,disclosed_binder_claim,,igg_chain_light,USPTO patent sequences,TNFB02957,Antibodies to TNF-alpha
TNFCDR00461,MRVRNY,CDR1,K,6,24,disclosed_binder_claim,,fv_domain_vl;igg_chain_light,PLAbDab;USPTO patent sequences,TNFB01799;TNFB02023;TNFB02024;TNFB02938;TNFB02939;TNFB02940;TNFB02941;TNFB02942;TNFB02943;TNFB02944;TNFB02945;TNFB02946,Antibodies to TNF-alpha
TNFCDR00462,MSIRNY,CDR1,K,6,2,disclosed_binder_claim,,fv_domain_vl;igg_chain_light,PLAbDab;USPTO patent sequences,TNFB02025;TNFB03077,Antibodies to TNF-alpha
TNFCDR00463,MXXRNY,CDR1,K,6,2,disclosed_binder_claim,,fv_domain_vl;igg_chain_light,PLAbDab;USPTO patent sequences,TNFB02173;TNFB03089,Antibodies to TNF-alpha
TNFCDR00464,QAIGNY,CDR1,K,6,1,disclosed_binder_claim,,fv_domain_vl,USPTO patent sequences,TNFB01843,Immunobinders directed against TNF
TNFCDR00465,QASISY,CDR1,K,6,1,disclosed_binder_claim,,fv_domain_vl,USPTO patent sequences,TNFB02026,Bispecific antibodies directed against TNF-alpha and IL-17
TNFCDR00466,QAVSSA,CDR1,K,6,15,disclosed_binder_claim,,fv_domain_vl,USPTO patent sequences,TNFB01801;TNFB01802;TNFB01803;TNFB01804;TNFB01805;TNFB01844;TNFB01845;TNFB01846;TNFB01847;TNFB01848;TNFB02162;TNFB02163,Immunobinders directed against TNF
TNFCDR00467,QAVSSS,CDR1,K,6,1,disclosed_binder_claim,,fv_domain_vl,USPTO patent sequences,TNFB01806,Immunobinders directed against TNF
TNFCDR00468,QAVSTA,CDR1,K,6,1,disclosed_binder_claim,,fv_domain_vl,USPTO patent sequences,TNFB01849,Immunobinders directed against TNF
TNFCDR00469,QAVSTE,CDR1,K,6,1,disclosed_binder_claim,,fv_domain_vl,USPTO patent sequences,TNFB01807,Immunobinders directed against TNF
TNFCDR00470,QCIGKS,CDR1,K,6,1,disclosed_binder_claim,,fv_domain_vl,USPTO patent sequences,TNFB02244,Immunobinders directed against TNF
TNFCDR00471,QCIGRR,CDR1,K,6,1,disclosed_binder_claim,,fv_domain_vl,USPTO patent sequences,TNFB02245,Immunobinders directed against TNF
TNFCDR00472,QCIGSR,CDR1,K,6,1,disclosed_binder_claim,,fv_domain_vl,USPTO patent sequences,TNFB02246,Immunobinders directed against TNF
TNFCDR00473,QCIGSS,CDR1,K,6,4,disclosed_binder_claim,,fv_domain_vl,USPTO patent sequences,TNFB02247;TNFB02248;TNFB02249;TNFB02250,Immunobinders directed against TNF
TNFCDR00474,QCIGSY,CDR1,K,6,1,disclosed_binder_claim,,fv_domain_vl,USPTO patent sequences,TNFB02251,Immunobinders directed against TNF
TNFCDR00475,QCIGTS,CDR1,K,6,1,disclosed_binder_claim,,fv_domain_vl,USPTO patent sequences,TNFB02252,Immunobinders directed against TNF
TNFCDR00476,QDIANY,CDR1,K,6,1,disclosed_binder_claim,,fv_domain_vl,USPTO patent sequences,TNFB01850,Immunobinders directed against TNF
TNFCDR00477,QDIASY,CDR1,K,6,1,disclosed_binder_claim,,fv_domain_vl,USPTO patent sequences,TNFB01851,Immunobinders directed against TNF
TNFCDR00478,QDIATY,CDR1,K,6,1,disclosed_binder_claim,,fv_domain_vl,USPTO patent sequences,TNFB01852,Immunobinders directed against TNF
TNFCDR00479,QDICTY,CDR1,K,6,1,disclosed_binder_claim,,fv_domain_vl,USPTO patent sequences,TNFB01853,Immunobinders directed against TNF
TNFCDR00480,QDIDDD,CDR1,K,6,1,disclosed_binder_claim,,fv_domain_vl,PLAbDab,TNFB01783,Gene segments encoding variable domains of anti-TNF antibodies in health and multiple sclerosis
TNFCDR00481,QDIENY,CDR1,K,6,4,disclosed_binder_claim,,fv_domain_vl;igg_chain_light,USPTO patent sequences,TNFB01854;TNFB02192;TNFB03106;TNFB03111,Bispecific antibodies directed against TNF-alpha and IL-17 | Immunobinders directed against TNF
TNFCDR00482,QDIFNY,CDR1,K,6,1,disclosed_binder_claim,,fv_domain_vl,USPTO patent sequences,TNFB01855,Immunobinders directed against TNF
TNFCDR00483,QDIGNF,CDR1,K,6,1,disclosed_binder_claim,,fv_domain_vl,USPTO patent sequences,TNFB01856,Immunobinders directed against TNF
TNFCDR00484,QDIGNW,CDR1,K,6,4,confirmed_binder,Fab1974 (conformation-selective anti-TNF mAb) [PDB 7KPB_3],fab;fv_domain_vl;igg_chain_light,PLAbDab;RCSB PDB;USPTO patent sequences,TNFB00003;TNFB01793;TNFB01794;TNFB02922,A conformation-selective monoclonal antibody against a small molecule-stabilised signalling-deficient form of TNF || Antibodies binding to trimeric TNF alpha epitopes || Antibodies binding to trimeric
TNFCDR00485,QDIGSE,CDR1,K,6,2,disclosed_binder_claim,Remtolumab (Bispecific Dual Variable Domain IG) [Thera-SAbDab via PLAbDab Remtolumab_2],fv_domain_vl,PLAbDab;USPTO patent sequences,TNFB02136;TNFB02253,Therapeutic antibody Remtolumab: Bispecific Dual Variable Domain IG targetting IL17A;TNFA
TNFCDR00486,QDINNY,CDR1,K,6,1,disclosed_binder_claim,,fv_domain_vl,USPTO patent sequences,TNFB01857,Immunobinders directed against TNF
TNFCDR00487,QDIRND,CDR1,K,6,1,disclosed_binder_claim,,fv_domain_vl,PLAbDab,TNFB01858,Gene segments encoding variable domains of anti-TNF antibodies in health and multiple sclerosis
TNFCDR00488,QDIRTD,CDR1,K,6,1,disclosed_binder_claim,,fv_domain_vl,PLAbDab,TNFB02149,Gene segments encoding variable domains of anti-TNF antibodies in health and multiple sclerosis
TNFCDR00489,QDISDY,CDR1,K,6,2,disclosed_binder_claim,,fv_domain_vl,USPTO patent sequences,TNFB01859;TNFB01860,Immunobinders directed against TNF
TNFCDR00490,QDISHY,CDR1,K,6,3,disclosed_binder_claim,,fv_domain_vl,USPTO patent sequences,TNFB01861;TNFB01862;TNFB01863,Immunobinders directed against TNF
TNFCDR00491,QDISKF,CDR1,K,6,1,disclosed_binder_claim,,fv_domain_vl,USPTO patent sequences,TNFB01864,Immunobinders directed against TNF
TNFCDR00492,QDISKY,CDR1,K,6,3,disclosed_binder_claim,,fv_domain_vl,USPTO patent sequences,TNFB01865;TNFB01866;TNFB01867,Immunobinders directed against TNF
TNFCDR00493,QDISNF,CDR1,K,6,7,disclosed_binder_claim,,fv_domain_vl;igg_chain_light,USPTO patent sequences,TNFB01868;TNFB01869;TNFB01870;TNFB01871;TNFB02193;TNFB03112;TNFB03113,Immunobinders directed against TNF
TNFCDR00494,QDISNT,CDR1,K,6,1,disclosed_binder_claim,,fv_domain_vl,USPTO patent sequences,TNFB01872,Immunobinders directed against TNF
TNFCDR00495,QDISNV,CDR1,K,6,1,disclosed_binder_claim,,fv_domain_vl,USPTO patent sequences,TNFB01873,Immunobinders directed against TNF
TNFCDR00496,QDISNY,CDR1,K,6,45,disclosed_binder_claim,,fv_domain_vl,PLAbDab;USPTO patent sequences,TNFB01651;TNFB01874;TNFB01875;TNFB01876;TNFB01877;TNFB01878;TNFB01879;TNFB01880;TNFB01881;TNFB01882;TNFB01883;TNFB01884,"Fully human anti-TNF-alpha monoclonal antibody, preparation method and use thereof"
TNFCDR00497,QDISQY,CDR1,K,6,6,disclosed_binder_claim,,fv_domain_vl;igg_chain_light,USPTO patent sequences,TNFB01911;TNFB01912;TNFB01913;TNFB02194;TNFB03114;TNFB03115,Immunobinders directed against TNF
TNFCDR00498,QDISRY,CDR1,K,6,1,disclosed_binder_claim,,fv_domain_vl,USPTO patent sequences,TNFB01914,Immunobinders directed against TNF
TNFCDR00499,QDISSY,CDR1,K,6,6,disclosed_binder_claim,,fv_domain_vl,PLAbDab;USPTO patent sequences,TNFB01915;TNFB01916;TNFB01917;TNFB01918;TNFB01919;TNFB02127,Immunobinders directed against TNF
TNFCDR00500,QDISTY,CDR1,K,6,3,disclosed_binder_claim,,fv_domain_vl,USPTO patent sequences,TNFB01920;TNFB01921;TNFB01922,Immunobinders directed against TNF
TNFCDR00501,QDITNY,CDR1,K,6,3,disclosed_binder_claim,,fv_domain_vl,USPTO patent sequences,TNFB01923;TNFB01924;TNFB01925,Immunobinders directed against TNF
TNFCDR00502,QDIVKD,CDR1,K,6,1,disclosed_binder_claim,,fv_domain_vl,PLAbDab,TNFB01786,Gene segments encoding variable domains of anti-TNF antibodies in health and multiple sclerosis
TNFCDR00503,QDIWKY,CDR1,K,6,1,disclosed_binder_claim,,fv_domain_vl,USPTO patent sequences,TNFB01926,Immunobinders directed against TNF
TNFCDR00504,QDIWNY,CDR1,K,6,1,disclosed_binder_claim,,fv_domain_vl,USPTO patent sequences,TNFB01927,Immunobinders directed against TNF
TNFCDR00505,QDIYDV,CDR1,K,6,4,disclosed_binder_claim,,fv_domain_vl;igg_chain_light,USPTO patent sequences,TNFB01928;TNFB02195;TNFB03116;TNFB03117,Bispecific antibodies directed against TNF-alpha and IL-17 | Immunobinders directed against TNF
TNFCDR00506,QDIYKF,CDR1,K,6,1,disclosed_binder_claim,,fv_domain_vl,USPTO patent sequences,TNFB01929,Immunobinders directed against TNF
TNFCDR00507,QDIYKY,CDR1,K,6,1,disclosed_binder_claim,,fv_domain_vl,USPTO patent sequences,TNFB01930,Immunobinders directed against TNF
TNFCDR00508,QDIYNV,CDR1,K,6,1,disclosed_binder_claim,,fv_domain_vl,USPTO patent sequences,TNFB01931,Immunobinders directed against TNF
TNFCDR00509,QDIYNY,CDR1,K,6,3,disclosed_binder_claim,,fv_domain_vl,USPTO patent sequences,TNFB01932;TNFB01933;TNFB01934,Immunobinders directed against TNF
TNFCDR00510,QDSINY,CDR1,K,6,1,disclosed_binder_claim,,fv_domain_vl,USPTO patent sequences,TNFB02027,Bispecific antibodies directed against TNF-alpha and IL-17
TNFCDR00511,QDSIRY,CDR1,K,6,2,disclosed_binder_claim,,fv_domain_vl,USPTO patent sequences,TNFB01935;TNFB02028,Bispecific antibodies directed against TNF-alpha and IL-17
TNFCDR00512,QDSISY,CDR1,K,6,1,disclosed_binder_claim,,fv_domain_vl,USPTO patent sequences,TNFB01936,Bispecific antibodies directed against TNF-alpha and IL-17
TNFCDR00513,QEIFSY,CDR1,K,6,1,disclosed_binder_claim,,fv_domain_vl,USPTO patent sequences,TNFB01937,Immunobinders directed against TNF
TNFCDR00514,QEISNY,CDR1,K,6,3,disclosed_binder_claim,,fv_domain_vl,USPTO patent sequences,TNFB01938;TNFB01939;TNFB01940,Immunobinders directed against TNF
TNFCDR00515,QFVGSS,CDR1,K,6,18,confirmed_binder,Infliximab (Whole mAb) [Thera-SAbDab via PLAbDab Infliximab] ; Infliximab [PDB 4G3Y_1],fab;fv_domain_vl,PLAbDab;RCSB PDB;USPTO patent sequences,TNFB00002;TNFB01787;TNFB01789;TNFB01790;TNFB01791;TNFB01792;TNFB02137;TNFB02138;TNFB02183;TNFB02184;TNFB02185;TNFB02186,Anti-TNF alpha monoclonal secretory IgA antibodies and methods for treating inflammatory diseases || Anti-TNF alpha monoclonal secretory IgA antibodies and methods for treating inflammatory diseases |
TNFCDR00516,QFVGYA,CDR1,K,6,1,disclosed_binder_claim,,igg_chain_light,USPTO patent sequences,TNFB02920,TNF-.alpha. binding molecules
TNFCDR00517,QFVGYS,CDR1,K,6,1,disclosed_binder_claim,,fv_domain_vl,USPTO patent sequences,TNFB02139,TNF-.alpha. binding molecules
TNFCDR00518,QGIFSY,CDR1,K,6,2,disclosed_binder_claim,,fv_domain_vl,USPTO patent sequences,TNFB02029;TNFB02030,Bispecific antibodies directed against TNF-alpha and IL-17
TNFCDR00519,QGIGGS,CDR1,K,6,1,disclosed_binder_claim,,fv_domain_vl,USPTO patent sequences,TNFB02254,Immunobinders directed against TNF
TNFCDR00520,QGIGNA,CDR1,K,6,1,disclosed_binder_claim,,fv_domain_vl,PLAbDab,TNFB01941,Gene segments encoding variable domains of anti-TNF antibodies in health and multiple sclerosis
TNFCDR00521,QGIGRS,CDR1,K,6,1,disclosed_binder_claim,,fv_domain_vl,USPTO patent sequences,TNFB02255,Immunobinders directed against TNF
TNFCDR00522,QGIGSR,CDR1,K,6,1,disclosed_binder_claim,,fv_domain_vl,USPTO patent sequences,TNFB02256,Immunobinders directed against TNF
TNFCDR00523,QGIGSS,CDR1,K,6,2,disclosed_binder_claim,,fv_domain_vl,USPTO patent sequences,TNFB02257;TNFB02258,Immunobinders directed against TNF
TNFCDR00524,QGIGSY,CDR1,K,6,3,disclosed_binder_claim,,fv_domain_vl,USPTO patent sequences,TNFB02031;TNFB02032;TNFB02033,Bispecific antibodies directed against TNF-alpha and IL-17
TNFCDR00525,QGIGTS,CDR1,K,6,1,disclosed_binder_claim,,fv_domain_vl,USPTO patent sequences,TNFB02259,Immunobinders directed against TNF
TNFCDR00526,QGIISY,CDR1,K,6,4,disclosed_binder_claim,,fv_domain_vl,USPTO patent sequences,TNFB01942;TNFB02034;TNFB02035;TNFB02036,Bispecific antibodies directed against TNF-alpha and IL-17
TNFCDR00527,QGIKGY,CDR1,K,6,1,disclosed_binder_claim,,fv_domain_vl,USPTO patent sequences,TNFB02037,Bispecific antibodies directed against TNF-alpha and IL-17
TNFCDR00528,QGINNY,CDR1,K,6,2,disclosed_binder_claim,,fv_domain_vl,PLAbDab;USPTO patent sequences,TNFB02038;TNFB02150,Bispecific antibodies directed against TNF-alpha and IL-17
TNFCDR00529,QGIRND,CDR1,K,6,3,disclosed_binder_claim,,fv_domain_vl,PLAbDab,TNFB01943;TNFB02151;TNFB02152,Gene segments encoding variable domains of anti-TNF antibodies in health and multiple sclerosis
TNFCDR00530,QGIRNE,CDR1,K,6,2,disclosed_binder_claim,,fv_domain_vl,PLAbDab;USPTO patent sequences,TNFB02101;TNFB02208,Stable and soluble antibodies inhibiting TNF alpha
TNFCDR00531,QGIRNH,CDR1,K,6,6,disclosed_binder_claim,,fv_domain_vl,USPTO patent sequences,TNFB01944;TNFB01945;TNFB01946;TNFB01947;TNFB01948;TNFB01949,Anti-TNF-alpha antibodies with pH-dependent antigen binding for improved target clearence
TNFCDR00532,QGIRNX,CDR1,K,6,1,disclosed_binder_claim,,fv_domain_vl,USPTO patent sequences,TNFB01950,Anti-TNF-alpha antibodies with pH-dependent antigen binding for improved target clearence
TNFCDR00533,QGIRNY,CDR1,K,6,121,confirmed_binder,Adalimumab (Whole mAb) [Thera-SAbDab via PLAbDab Adalimumab] ; Remtolumab (Bispecific Dual Variable Domain IG) [Thera-SAbDab via PLAbDab Remtolumab] ; Adalimuma,fab;fv_domain_vl,PLAbDab;RCSB PDB;USPTO patent sequences,TNFB00001;TNFB01796;TNFB01951;TNFB01952;TNFB01953;TNFB01954;TNFB01955;TNFB01956;TNFB01957;TNFB01958;TNFB01959;TNFB01960,Antibodies to TNF-alpha
TNFCDR00534,QGIRSY,CDR1,K,6,2,disclosed_binder_claim,,fv_domain_vl,USPTO patent sequences,TNFB02039;TNFB02206,Bispecific antibodies directed against TNF-alpha and IL-17
TNFCDR00535,QGISAW,CDR1,K,6,1,disclosed_binder_claim,,fv_domain_vl,PLAbDab,TNFB02129,Gene segments encoding variable domains of anti-TNF antibodies in health and multiple sclerosis
TNFCDR00536,QGISNY,CDR1,K,6,4,disclosed_binder_claim,,fv_domain_vl,PLAbDab;USPTO patent sequences,TNFB01962;TNFB01963;TNFB01964;TNFB02109,Gene segments encoding variable domains of anti-TNF antibodies in health and multiple sclerosis
TNFCDR00537,QGISSW,CDR1,K,6,1,disclosed_binder_claim,,fv_domain_vl,PLAbDab,TNFB01965,Monoclonal antibodies to human proinflammatory cytokines and methods for treating inflammatory diseases
TNFCDR00538,QGIYNY,CDR1,K,6,1,disclosed_binder_claim,,fv_domain_vl,USPTO patent sequences,TNFB01966,Immunobinders directed against TNF
TNFCDR00539,QGLRNY,CDR1,K,6,5,disclosed_binder_claim,,fv_domain_vl;igg_chain_light,PLAbDab;USPTO patent sequences,TNFB01967;TNFB02954;TNFB03040;TNFB03041;TNFB03042,Antibodies to TNF-alpha
TNFCDR00540,QGSINY,CDR1,K,6,1,disclosed_binder_claim,,fv_domain_vl,USPTO patent sequences,TNFB02040,Bispecific antibodies directed against TNF-alpha and IL-17
TNFCDR00541,QGSISY,CDR1,K,6,3,disclosed_binder_claim,,fv_domain_vl,USPTO patent sequences,TNFB02041;TNFB02042;TNFB02043,Bispecific antibodies directed against TNF-alpha and IL-17
TNFCDR00542,QGSLRY,CDR1,K,6,1,disclosed_binder_claim,,fv_domain_vl,USPTO patent sequences,TNFB02044,Bispecific antibodies directed against TNF-alpha and IL-17
TNFCDR00543,QGSNCY,CDR1,K,6,1,disclosed_binder_claim,,fv_domain_vl,USPTO patent sequences,TNFB02045,Bispecific antibodies directed against TNF-alpha and IL-17
TNFCDR00544,QGSVGD,CDR1,K,6,1,disclosed_binder_claim,,igg_chain_light,USPTO patent sequences,TNFB03098,"Fully human antibody to human TNF-alpha-, molecular evolution and use thereof"
TNFCDR00545,QGSVSN,CDR1,K,6,1,disclosed_binder_claim,,fv_domain_vl,USPTO patent sequences,TNFB02046,Bispecific antibodies directed against TNF-alpha and IL-17
TNFCDR00546,QGVRSA,CDR1,K,6,1,disclosed_binder_claim,,fv_domain_vl,USPTO patent sequences,TNFB01808,Immunobinders directed against TNF
TNFCDR00547,QGVSRA,CDR1,K,6,1,disclosed_binder_claim,,fv_domain_vl,USPTO patent sequences,TNFB01968,Immunobinders directed against TNF
TNFCDR00548,QGVSSA,CDR1,K,6,6,disclosed_binder_claim,,fv_domain_vl,USPTO patent sequences,TNFB01809;TNFB01810;TNFB01811;TNFB01969;TNFB01970;TNFB02196,Immunobinders directed against TNF
TNFCDR00549,QHISNY,CDR1,K,6,2,disclosed_binder_claim,,fv_domain_vl,USPTO patent sequences,TNFB01971;TNFB01972,Immunobinders directed against TNF
TNFCDR00550,QIIGGS,CDR1,K,6,1,disclosed_binder_claim,,fv_domain_vl,USPTO patent sequences,TNFB02260,Immunobinders directed against TNF
TNFCDR00551,QIIGHS,CDR1,K,6,1,disclosed_binder_claim,,fv_domain_vl,USPTO patent sequences,TNFB02261,Immunobinders directed against TNF
TNFCDR00552,QIIGSS,CDR1,K,6,4,disclosed_binder_claim,,fv_domain_vl,USPTO patent sequences,TNFB02262;TNFB02263;TNFB02264;TNFB02265,Immunobinders directed against TNF
TNFCDR00553,QIIGTS,CDR1,K,6,1,disclosed_binder_claim,,fv_domain_vl,USPTO patent sequences,TNFB02266,Immunobinders directed against TNF
TNFCDR00554,QIIGTT,CDR1,K,6,1,disclosed_binder_claim,,fv_domain_vl,USPTO patent sequences,TNFB02267,Immunobinders directed against TNF
TNFCDR00555,QILRSN,CDR1,K,6,1,disclosed_binder_claim,,fv_domain_vl,USPTO patent sequences,TNFB02107,Selection of human TNF.alpha. specific antibodies
TNFCDR00556,QKIGSG,CDR1,K,6,1,disclosed_binder_claim,,fv_domain_vl,USPTO patent sequences,TNFB02268,Immunobinders directed against TNF
TNFCDR00557,QKIGSN,CDR1,K,6,1,disclosed_binder_claim,,fv_domain_vl,USPTO patent sequences,TNFB02269,Immunobinders directed against TNF
TNFCDR00558,QKIGSS,CDR1,K,6,1,disclosed_binder_claim,,fv_domain_vl,USPTO patent sequences,TNFB02270,Immunobinders directed against TNF
TNFCDR00559,QKIGTS,CDR1,K,6,1,disclosed_binder_claim,,fv_domain_vl,USPTO patent sequences,TNFB02271,Immunobinders directed against TNF
TNFCDR00560,QKVSNA,CDR1,K,6,1,disclosed_binder_claim,,fv_domain_vl,USPTO patent sequences,TNFB01973,Immunobinders directed against TNF
TNFCDR00561,QKVSSA,CDR1,K,6,7,disclosed_binder_claim,,fv_domain_vl,USPTO patent sequences,TNFB01812;TNFB01813;TNFB01814;TNFB01815;TNFB01974;TNFB01975;TNFB02188,Immunobinders directed against TNF
TNFCDR00562,QLIRNY,CDR1,K,6,1,disclosed_binder_claim,,igg_chain_light,USPTO patent sequences,TNFB03043,Antibodies to TNF-alpha
TNFCDR00563,QLVSNA,CDR1,K,6,1,disclosed_binder_claim,,fv_domain_vl,USPTO patent sequences,TNFB01976,Immunobinders directed against TNF
TNFCDR00564,QLVSSA,CDR1,K,6,38,disclosed_binder_claim,,fv_domain_vl,USPTO patent sequences,TNFB01797;TNFB01816;TNFB01817;TNFB01818;TNFB01819;TNFB01820;TNFB01821;TNFB01822;TNFB01977;TNFB01978;TNFB01979;TNFB01980,Immunobinders directed against TNF
TNFCDR00565,QNIENF,CDR1,K,6,1,disclosed_binder_claim,,fv_domain_vl,USPTO patent sequences,TNFB01987,Immunobinders directed against TNF
TNFCDR00566,QNIGGN,CDR1,K,6,1,disclosed_binder_claim,,fv_domain_vl,USPTO patent sequences,TNFB02272,Immunobinders directed against TNF
TNFCDR00567,QNIGGS,CDR1,K,6,1,disclosed_binder_claim,,fv_domain_vl,USPTO patent sequences,TNFB02273,Immunobinders directed against TNF
TNFCDR00568,QNIGKN,CDR1,K,6,1,disclosed_binder_claim,,fv_domain_vl,USPTO patent sequences,TNFB02274,Immunobinders directed against TNF
TNFCDR00569,QNIGNS,CDR1,K,6,1,disclosed_binder_claim,,fv_domain_vl,USPTO patent sequences,TNFB02275,Immunobinders directed against TNF
TNFCDR00570,QNIGRS,CDR1,K,6,1,disclosed_binder_claim,,fv_domain_vl,USPTO patent sequences,TNFB02276,Immunobinders directed against TNF
TNFCDR00571,QNIGSE,CDR1,K,6,1,disclosed_binder_claim,,fv_domain_vl,USPTO patent sequences,TNFB02277,Bispecific antibodies directed against TNF-alpha and IL-17
TNFCDR00572,QNIGSS,CDR1,K,6,4,disclosed_binder_claim,,fv_domain_vl,USPTO patent sequences,TNFB02278;TNFB02279;TNFB02280;TNFB02281,Immunobinders directed against TNF
TNFCDR00573,QNIGTR,CDR1,K,6,1,disclosed_binder_claim,,fv_domain_vl,USPTO patent sequences,TNFB02282,Immunobinders directed against TNF
TNFCDR00574,QNIGTS,CDR1,K,6,1,disclosed_binder_claim,,fv_domain_vl,USPTO patent sequences,TNFB02283,Immunobinders directed against TNF
TNFCDR00575,QNINNY,CDR1,K,6,1,disclosed_binder_claim,,fv_domain_vl,USPTO patent sequences,TNFB01988,Immunobinders directed against TNF
TNFCDR00576,QNIRGN,CDR1,K,6,1,disclosed_binder_claim,,fv_domain_vl,USPTO patent sequences,TNFB02124,Selection of human TNF.alpha. specific antibodies
TNFCDR00577,QNIRSW,CDR1,K,6,1,disclosed_binder_claim,,fv_domain_vl,USPTO patent sequences,TNFB02665,Antibodies to TNF alpha and use thereof | Antibodies to TNF-alpha and use thereof
TNFCDR00578,QNIYNS,CDR1,K,6,3,disclosed_binder_claim,,fv_domain_vl,PLAbDab;USPTO patent sequences,TNFB01795;TNFB02682;TNFB02683,Anti-TNF alpha antibodies which selectively inhibit TNF alpha signalling through the p55R
TNFCDR00579,QNIYNT,CDR1,K,6,2,disclosed_binder_claim,,fv_domain_vl,PLAbDab;USPTO patent sequences,TNFB02600;TNFB02601,TNF-alpha-neutralizing antibodies || TNF-alpha-neutralizing antibodies | TNF.alpha.-neutralizing antibodies
TNFCDR00580,QNIYNV,CDR1,K,6,1,disclosed_binder_claim,,fv_domain_vl,USPTO patent sequences,TNFB01989,Bispecific antibodies directed against TNF-alpha and IL-17 | Immunobinders directed against TNF
TNFCDR00581,QNIYSA,CDR1,K,6,2,disclosed_binder_claim,,fv_domain_vl,PLAbDab;USPTO patent sequences,TNFB02220;TNFB02506,TNF-alpha-neutralizing antibodies
TNFCDR00582,QNIYSD,CDR1,K,6,3,disclosed_binder_claim,,fv_domain_vl,PLAbDab;USPTO patent sequences,TNFB02493;TNFB02538;TNFB02549,TNF-alpha-neutralizing antibodies
TNFCDR00583,QNIYSN,CDR1,K,6,2,disclosed_binder_claim,,fv_domain_vl,PLAbDab;USPTO patent sequences,TNFB02221;TNFB02507,TNF-alpha-neutralizing antibodies
TNFCDR00584,QNIYSS,CDR1,K,6,3,disclosed_binder_claim,,fv_domain_vl,USPTO patent sequences,TNFB02675;TNFB02677;TNFB02681,Antibodies to TNF alpha and use thereof | Antibodies to TNF-alpha and use thereof
TNFCDR00585,QNIYST,CDR1,K,6,7,disclosed_binder_claim,,fv_domain_vl,PLAbDab;USPTO patent sequences,TNFB01653;TNFB01654;TNFB01655;TNFB02602;TNFB02667;TNFB02668;TNFB02669,TNF-alpha-neutralizing antibodies || TNF-alpha-neutralizing antibodies | TNF.alpha.-neutralizing antibodies
TNFCDR00586,QNIYSY,CDR1,K,6,3,disclosed_binder_claim,,fv_domain_vl,USPTO patent sequences,TNFB02678;TNFB02679;TNFB02680,Antibodies to TNF alpha and use thereof | Antibodies to TNF-alpha and use thereof
TNFCDR00587,QNIYTA,CDR1,K,6,8,disclosed_binder_claim,,fv_domain_vl,USPTO patent sequences,TNFB02130;TNFB02131;TNFB02156;TNFB02157;TNFB02158;TNFB02159;TNFB02160;TNFB02161,Selection of human TNF.alpha. specific antibodies
TNFCDR00588,QNIYTT,CDR1,K,6,1,disclosed_binder_claim,,fv_domain_vl,USPTO patent sequences,TNFB02670,Antibodies to TNF alpha and use thereof | Antibodies to TNF-alpha and use thereof
TNFCDR00589,QNIYYK,CDR1,K,6,1,disclosed_binder_claim,,fv_domain_vl,PLAbDab;USPTO patent sequences,TNFB02501,TNF-alpha-neutralizing antibodies || TNF-alpha-neutralizing antibodies | TNF.alpha.-neutralizing antibodies
TNFCDR00590,QNVGTN,CDR1,K,6,6,confirmed_binder,Certolizumab (Fab) [Thera-SAbDab via PLAbDab Certolizumab] ; Certolizumab pegol [PDB 5WUX_2],fab;fv_domain_vl;igg_chain_light,PLAbDab;RCSB PDB;USPTO patent sequences,TNFB00004;TNFB01823;TNFB01824;TNFB02218;TNFB02661;TNFB03137,Anti-TNF alpha monoclonal secretory IgA antibodies and methods for treating inflammatory diseases || Anti-TNF alpha monoclonal secretory IgA antibodies and methods for treating inflammatory diseases |
TNFCDR00591,QPLRNY,CDR1,K,6,1,disclosed_binder_claim,,igg_chain_light,USPTO patent sequences,TNFB03044,Antibodies to TNF-alpha
TNFCDR00592,QPVRNY,CDR1,K,6,1,disclosed_binder_claim,,igg_chain_light,USPTO patent sequences,TNFB03045,Antibodies to TNF-alpha
TNFCDR00593,QPVRSA,CDR1,K,6,1,disclosed_binder_claim,,fv_domain_vl,USPTO patent sequences,TNFB01825,Immunobinders directed against TNF
TNFCDR00594,QPVSGA,CDR1,K,6,1,disclosed_binder_claim,,fv_domain_vl,USPTO patent sequences,TNFB01826,Immunobinders directed against TNF
TNFCDR00595,QPVSSA,CDR1,K,6,1,disclosed_binder_claim,,fv_domain_vl,USPTO patent sequences,TNFB01827,Immunobinders directed against TNF
TNFCDR00596,QRIGGN,CDR1,K,6,1,disclosed_binder_claim,,fv_domain_vl,USPTO patent sequences,TNFB02284,Immunobinders directed against TNF
TNFCDR00597,QRIGIC,CDR1,K,6,1,disclosed_binder_claim,,fv_domain_vl,USPTO patent sequences,TNFB02285,Immunobinders directed against TNF
TNFCDR00598,QRIGNT,CDR1,K,6,1,disclosed_binder_claim,,fv_domain_vl,USPTO patent sequences,TNFB02286,Immunobinders directed against TNF
TNFCDR00599,QRIGNY,CDR1,K,6,1,disclosed_binder_claim,,fv_domain_vl,USPTO patent sequences,TNFB01990,Immunobinders directed against TNF
TNFCDR00600,QRIGPS,CDR1,K,6,1,disclosed_binder_claim,,fv_domain_vl,USPTO patent sequences,TNFB02287,Immunobinders directed against TNF
TNFCDR00601,QRIGRQ,CDR1,K,6,1,disclosed_binder_claim,,fv_domain_vl,USPTO patent sequences,TNFB02288,Immunobinders directed against TNF
TNFCDR00602,QRIGRR,CDR1,K,6,1,disclosed_binder_claim,,fv_domain_vl,USPTO patent sequences,TNFB02289,Immunobinders directed against TNF
TNFCDR00603,QRIGSI,CDR1,K,6,1,disclosed_binder_claim,,fv_domain_vl,USPTO patent sequences,TNFB02290,Immunobinders directed against TNF
TNFCDR00604,QRIGSM,CDR1,K,6,1,disclosed_binder_claim,,fv_domain_vl,USPTO patent sequences,TNFB02291,Immunobinders directed against TNF
TNFCDR00605,QRIGSN,CDR1,K,6,2,disclosed_binder_claim,,fv_domain_vl,USPTO patent sequences,TNFB02292;TNFB02293,Immunobinders directed against TNF
TNFCDR00606,QRIGSR,CDR1,K,6,2,disclosed_binder_claim,,fv_domain_vl,USPTO patent sequences,TNFB02294;TNFB02295,Immunobinders directed against TNF
TNFCDR00607,QRIGSS,CDR1,K,6,10,disclosed_binder_claim,,fv_domain_vl,USPTO patent sequences,TNFB02240;TNFB02296;TNFB02297;TNFB02298;TNFB02299;TNFB02300;TNFB02301;TNFB02302;TNFB02303;TNFB02304,Immunobinders directed against TNF
TNFCDR00608,QRIGST,CDR1,K,6,1,disclosed_binder_claim,,fv_domain_vl,USPTO patent sequences,TNFB02305,Immunobinders directed against TNF
TNFCDR00609,QRIGTS,CDR1,K,6,1,disclosed_binder_claim,,fv_domain_vl,USPTO patent sequences,TNFB02306,Immunobinders directed against TNF
TNFCDR00610,QRIRNY,CDR1,K,6,3,disclosed_binder_claim,,igg_chain_light,USPTO patent sequences,TNFB03046;TNFB03047;TNFB03048,Antibodies to TNF-alpha
TNFCDR00611,QRIYTN,CDR1,K,6,1,disclosed_binder_claim,,fv_domain_vl,PLAbDab;USPTO patent sequences,TNFB02525,TNF-alpha-neutralizing antibodies || TNF-alpha-neutralizing antibodies | TNF.alpha.-neutralizing antibodies
TNFCDR00612,QRLRNY,CDR1,K,6,16,disclosed_binder_claim,,fv_domain_vl;igg_chain_light,PLAbDab;USPTO patent sequences,TNFB01991;TNFB01992;TNFB02085;TNFB02086;TNFB02087;TNFB02089;TNFB03049;TNFB03050;TNFB03051;TNFB03052;TNFB03053;TNFB03054,Antibodies to TNF-alpha
TNFCDR00613,QRVRNY,CDR1,K,6,14,disclosed_binder_claim,,igg_chain_light,USPTO patent sequences,TNFB02927;TNFB02928;TNFB02929;TNFB02930;TNFB02931;TNFB02932;TNFB03055;TNFB03056;TNFB03057;TNFB03058;TNFB03059;TNFB03060,Antibodies to TNF-alpha
TNFCDR00614,QRVSSA,CDR1,K,6,6,disclosed_binder_claim,,fv_domain_vl,USPTO patent sequences,TNFB01828;TNFB01829;TNFB01830;TNFB01831;TNFB01993;TNFB01994,Immunobinders directed against TNF
TNFCDR00615,QSIANR,CDR1,K,6,2,disclosed_binder_claim,,fv_domain_vl,PLAbDab;USPTO patent sequences,TNFB01649;TNFB02653,Antibodies to TNF alpha and use thereof
TNFCDR00616,QSIDTY,CDR1,K,6,2,disclosed_binder_claim,,fv_domain_vl,PLAbDab;USPTO patent sequences,TNFB01657;TNFB02676,Antibodies to TNF alpha and use thereof
TNFCDR00617,QSIFSG,CDR1,K,6,3,disclosed_binder_claim,,fv_domain_vl;igg_chain_light,USPTO patent sequences,TNFB02633;TNFB02634;TNFB03104,Anti-TNF-alpha-antibodies and functional fragments thereof
TNFCDR00618,QSIGCS,CDR1,K,6,3,disclosed_binder_claim,,fv_domain_vl,USPTO patent sequences,TNFB02307;TNFB02308;TNFB02309,Immunobinders directed against TNF
TNFCDR00619,QSIGDS,CDR1,K,6,1,disclosed_binder_claim,,fv_domain_vl,USPTO patent sequences,TNFB02310,Immunobinders directed against TNF
TNFCDR00620,QSIGGR,CDR1,K,6,1,disclosed_binder_claim,,fv_domain_vl,USPTO patent sequences,TNFB02311,Immunobinders directed against TNF
TNFCDR00621,QSIGGS,CDR1,K,6,4,disclosed_binder_claim,,fv_domain_vl,USPTO patent sequences,TNFB02241;TNFB02312;TNFB02313;TNFB02314,Immunobinders directed against TNF
TNFCDR00622,QSIGGT,CDR1,K,6,1,disclosed_binder_claim,,fv_domain_vl,USPTO patent sequences,TNFB02315,Immunobinders directed against TNF
TNFCDR00623,QSIGKS,CDR1,K,6,1,disclosed_binder_claim,,fv_domain_vl,USPTO patent sequences,TNFB02316,Immunobinders directed against TNF
TNFCDR00624,QSIGNE,CDR1,K,6,1,disclosed_binder_claim,,fv_domain_vl,PLAbDab;USPTO patent sequences,TNFB02584,TNF-alpha-neutralizing antibodies || TNF-alpha-neutralizing antibodies | TNF.alpha.-neutralizing antibodies
TNFCDR00625,QSIGNR,CDR1,K,6,1,disclosed_binder_claim,,fv_domain_vl,USPTO patent sequences,TNFB02317,Immunobinders directed against TNF
TNFCDR00626,QSIGNS,CDR1,K,6,2,disclosed_binder_claim,,fv_domain_vl,USPTO patent sequences,TNFB02318;TNFB02319,Immunobinders directed against TNF
TNFCDR00627,QSIGNT,CDR1,K,6,2,disclosed_binder_claim,,fv_domain_vl,USPTO patent sequences,TNFB02320;TNFB02321,Immunobinders directed against TNF
TNFCDR00628,QSIGNY,CDR1,K,6,2,disclosed_binder_claim,,fv_domain_vl,USPTO patent sequences,TNFB01660;TNFB02100,Bispecific antibodies directed against TNF-alpha and IL-17 | Immunobinders directed against TNF
TNFCDR00629,QSIGRG,CDR1,K,6,1,disclosed_binder_claim,,fv_domain_vl,USPTO patent sequences,TNFB02322,Immunobinders directed against TNF
TNFCDR00630,QSIGRK,CDR1,K,6,1,disclosed_binder_claim,,fv_domain_vl,USPTO patent sequences,TNFB02323,Immunobinders directed against TNF
TNFCDR00631,QSIGRN,CDR1,K,6,2,disclosed_binder_claim,,fv_domain_vl,USPTO patent sequences,TNFB02324;TNFB02325,Immunobinders directed against TNF
TNFCDR00632,QSIGRR,CDR1,K,6,4,disclosed_binder_claim,,fv_domain_vl,USPTO patent sequences,TNFB02326;TNFB02327;TNFB02328;TNFB02329,Immunobinders directed against TNF
TNFCDR00633,QSIGRS,CDR1,K,6,10,disclosed_binder_claim,,fv_domain_vl,USPTO patent sequences,TNFB02330;TNFB02331;TNFB02332;TNFB02333;TNFB02334;TNFB02335;TNFB02336;TNFB02337;TNFB02338;TNFB02339,Immunobinders directed against TNF
TNFCDR00634,QSIGRT,CDR1,K,6,1,disclosed_binder_claim,,fv_domain_vl,USPTO patent sequences,TNFB02340,Immunobinders directed against TNF
TNFCDR00635,QSIGSA,CDR1,K,6,1,disclosed_binder_claim,,fv_domain_vl,USPTO patent sequences,TNFB02341,Immunobinders directed against TNF
TNFCDR00636,QSIGSC,CDR1,K,6,5,disclosed_binder_claim,,fv_domain_vl,USPTO patent sequences,TNFB02342;TNFB02343;TNFB02344;TNFB02345;TNFB02346,Immunobinders directed against TNF
TNFCDR00637,QSIGSD,CDR1,K,6,1,disclosed_binder_claim,,fv_domain_vl,USPTO patent sequences,TNFB02347,Immunobinders directed against TNF
TNFCDR00638,QSIGSG,CDR1,K,6,1,disclosed_binder_claim,,fv_domain_vl,USPTO patent sequences,TNFB02348,Immunobinders directed against TNF
TNFCDR00639,QSIGSI,CDR1,K,6,1,disclosed_binder_claim,,fv_domain_vl,USPTO patent sequences,TNFB02349,Immunobinders directed against TNF
TNFCDR00640,QSIGSL,CDR1,K,6,1,disclosed_binder_claim,,fv_domain_vl,USPTO patent sequences,TNFB02350,Immunobinders directed against TNF
TNFCDR00641,QSIGSN,CDR1,K,6,6,disclosed_binder_claim,,fv_domain_vl,PLAbDab;USPTO patent sequences,TNFB02351;TNFB02352;TNFB02353;TNFB02354;TNFB02548;TNFB02603,TNF-alpha-neutralizing antibodies || TNF-alpha-neutralizing antibodies | TNF.alpha.-neutralizing antibodies
TNFCDR00642,QSIGSP,CDR1,K,6,1,disclosed_binder_claim,,fv_domain_vl,USPTO patent sequences,TNFB02355,Immunobinders directed against TNF
TNFCDR00643,QSIGSR,CDR1,K,6,12,disclosed_binder_claim,,fv_domain_vl,USPTO patent sequences,TNFB02356;TNFB02357;TNFB02358;TNFB02359;TNFB02360;TNFB02361;TNFB02362;TNFB02363;TNFB02364;TNFB02365;TNFB02366;TNFB02367,Immunobinders directed against TNF
TNFCDR00644,QSIGSS,CDR1,K,6,48,disclosed_binder_claim,,fv_domain_vl,USPTO patent sequences,TNFB02108;TNFB02212;TNFB02242;TNFB02368;TNFB02369;TNFB02370;TNFB02371;TNFB02372;TNFB02373;TNFB02374;TNFB02375;TNFB02376,Bispecific antibodies directed against TNF-alpha and IL-17 | Immunobinders directed against TNF
TNFCDR00645,QSIGST,CDR1,K,6,7,disclosed_binder_claim,,fv_domain_vl,USPTO patent sequences,TNFB02140;TNFB02413;TNFB02414;TNFB02415;TNFB02416;TNFB02417;TNFB02418,Immunobinders directed against TNF
TNFCDR00646,QSIGTR,CDR1,K,6,1,disclosed_binder_claim,,fv_domain_vl,USPTO patent sequences,TNFB02419,Immunobinders directed against TNF
TNFCDR00647,QSIGTS,CDR1,K,6,7,disclosed_binder_claim,,fv_domain_vl,PLAbDab;USPTO patent sequences,TNFB01788;TNFB02420;TNFB02421;TNFB02422;TNFB02423;TNFB02424;TNFB02425,Characterization of the neutralizing activity of three anti-human TNF monoclonal antibodies and prediction of their TNF epitopes by molecular modeling and mutant protein approach
TNFCDR00648,QSIGTT,CDR1,K,6,1,disclosed_binder_claim,,fv_domain_vl,USPTO patent sequences,TNFB02426,Immunobinders directed against TNF
TNFCDR00649,QSIHNN,CDR1,K,6,1,disclosed_binder_claim,,fv_domain_vl,USPTO patent sequences,TNFB02128,Selection of human TNF.alpha. specific antibodies
TNFCDR00650,QSISDW,CDR1,K,6,14,disclosed_binder_claim,,fv_domain_vl,PLAbDab;USPTO patent sequences,TNFB02223;TNFB02481;TNFB02482;TNFB02487;TNFB02488;TNFB02489;TNFB02490;TNFB02499;TNFB02560;TNFB02561;TNFB02568;TNFB02569,TNF-alpha-neutralizing antibodies
TNFCDR00651,QSISNE,CDR1,K,6,2,disclosed_binder_claim,,fv_domain_vl,PLAbDab;USPTO patent sequences,TNFB02494;TNFB02539,TNF-alpha-neutralizing antibodies
TNFCDR00652,QSISNL,CDR1,K,6,8,disclosed_binder_claim,,fv_domain_vl,PLAbDab;USPTO patent sequences,TNFB02224;TNFB02491;TNFB02492;TNFB02509;TNFB02533;TNFB02534;TNFB02572;TNFB02573,TNF-alpha-neutralizing antibodies
TNFCDR00653,QSISSD,CDR1,K,6,1,disclosed_binder_claim,,fv_domain_vl,PLAbDab,TNFB01995,Gene segments encoding variable domains of anti-TNF antibodies in health and multiple sclerosis
TNFCDR00654,QSISSW,CDR1,K,6,3,disclosed_binder_claim,,fv_domain_vl,PLAbDab;USPTO patent sequences,TNFB01647;TNFB01648;TNFB01780,Antibodies to TNF-alpha and use thereof
TNFCDR00655,QSISSY,CDR1,K,6,20,disclosed_binder_claim,,fv_domain_vl,PLAbDab;USPTO patent sequences,TNFB01646;TNFB01996;TNFB01997;TNFB01998;TNFB02088;TNFB02147;TNFB02153;TNFB02154;TNFB02518;TNFB02521;TNFB02522;TNFB02551,Anti-TNF-alpha-antibodies and functional fragments thereof
TNFCDR00656,QSITQH,CDR1,K,6,1,disclosed_binder_claim,,fv_domain_vl,PLAbDab,TNFB02126,Gene segments encoding variable domains of anti-TNF antibodies in health and multiple sclerosis
TNFCDR00657,QSIVSD,CDR1,K,6,2,disclosed_binder_claim,,fv_domain_vl,PLAbDab;USPTO patent sequences,TNFB02495;TNFB02540,TNF-alpha-neutralizing antibodies
TNFCDR00658,QSIVSW,CDR1,K,6,1,disclosed_binder_claim,,fv_domain_vl,USPTO patent sequences,TNFB02666,Antibodies to TNF alpha and use thereof | Antibodies to TNF-alpha and use thereof
TNFCDR00659,QSIYNY,CDR1,K,6,1,disclosed_binder_claim,,fv_domain_vl,PLAbDab;USPTO patent sequences,TNFB02617,TNF-alpha-neutralizing antibodies || TNF-alpha-neutralizing antibodies | TNF.alpha.-neutralizing antibodies
TNFCDR00660,QSIYRY,CDR1,K,6,2,disclosed_binder_claim,,fv_domain_vl,PLAbDab;USPTO patent sequences,TNFB01652;TNFB02671,Antibodies to TNF alpha and use thereof
TNFCDR00661,QSIYSS,CDR1,K,6,10,disclosed_binder_claim,,fv_domain_vl;igg_chain_light,PLAbDab;USPTO patent sequences,TNFB02141;TNFB02142;TNFB02143;TNFB02144;TNFB02477;TNFB02478;TNFB02479;TNFB02672;TNFB03086;TNFB03087,Humanized anti-TNF-alpha antibody and antigen-binding fragment (Fab) thereof and use of the same
TNFCDR00662,QSIYST,CDR1,K,6,1,disclosed_binder_claim,,fv_domain_vl,USPTO patent sequences,TNFB02673,Antibodies to TNF alpha and use thereof | Antibodies to TNF-alpha and use thereof
TNFCDR00663,QSIYSY,CDR1,K,6,2,disclosed_binder_claim,,fv_domain_vl,PLAbDab;USPTO patent sequences,TNFB02463;TNFB02616,TNF-alpha-neutralizing antibodies || TNF-alpha-neutralizing antibodies | TNF.alpha.-neutralizing antibodies
TNFCDR00664,QSLNNW,CDR1,K,6,1,disclosed_binder_claim,,fv_domain_vl,PLAbDab,TNFB01661,Anti Human TNF-alpha antibody genes
TNFCDR00665,QSLRNY,CDR1,K,6,1,disclosed_binder_claim,,igg_chain_light,USPTO patent sequences,TNFB03062,Antibodies to TNF-alpha
TNFCDR00666,QSSIRY,CDR1,K,6,1,disclosed_binder_claim,,fv_domain_vl,USPTO patent sequences,TNFB01999,Bispecific antibodies directed against TNF-alpha and IL-17
TNFCDR00667,QSVNGA,CDR1,K,6,1,disclosed_binder_claim,,fv_domain_vl,USPTO patent sequences,TNFB01832,Immunobinders directed against TNF
TNFCDR00668,QSVSND,CDR1,K,6,21,disclosed_binder_claim,,fv_domain_vl,PLAbDab;USPTO patent sequences,TNFB02102;TNFB02103;TNFB02110;TNFB02111;TNFB02112;TNFB02113;TNFB02114;TNFB02115;TNFB02116;TNFB02117;TNFB02118;TNFB02120,Stable and soluble antibodies inhibiting TNF alpha
TNFCDR00669,QSVSSY,CDR1,K,6,5,disclosed_binder_claim,,fv_domain_vl,PLAbDab;USPTO patent sequences,TNFB01785;TNFB02164;TNFB02165;TNFB02235;TNFB02472,Anti Human TNF-alpha antibody genes
TNFCDR00670,QSVTTY,CDR1,K,6,1,disclosed_binder_claim,,fv_domain_vl,PLAbDab,TNFB02155,Gene segments encoding variable domains of anti-TNF antibodies in health and multiple sclerosis
TNFCDR00671,QSVXSY,CDR1,K,6,1,disclosed_binder_claim,,fv_domain_vl,PLAbDab;USPTO patent sequences,TNFB02236,"Anti-TNF antibodies, compositions, methods and uses"
TNFCDR00672,QSVYSY,CDR1,K,6,4,confirmed_binder,Golimumab (Whole mAb) [Thera-SAbDab via PLAbDab Golimumab] ; Golimumab [PDB 5YOY_2],fv_domain_vl;igg_chain_light;igg_fv,PLAbDab;RCSB PDB;USPTO patent sequences,TNFB00009;TNFB02237;TNFB02558;TNFB03096,Structural basis for tumor necrosis factor blockade with the therapeutic antibody golimumab (Protein Sci 2018)
TNFCDR00673,QTIGGS,CDR1,K,6,1,disclosed_binder_claim,,fv_domain_vl,USPTO patent sequences,TNFB02427,Immunobinders directed against TNF
TNFCDR00674,QTIGNS,CDR1,K,6,1,disclosed_binder_claim,,fv_domain_vl,USPTO patent sequences,TNFB02428,Immunobinders directed against TNF
TNFCDR00675,QTIGRS,CDR1,K,6,3,disclosed_binder_claim,,fv_domain_vl,USPTO patent sequences,TNFB02429;TNFB02430;TNFB02431,Immunobinders directed against TNF
TNFCDR00676,QTIGSI,CDR1,K,6,1,disclosed_binder_claim,,fv_domain_vl,USPTO patent sequences,TNFB02432,Immunobinders directed against TNF
TNFCDR00677,QTIGSN,CDR1,K,6,3,disclosed_binder_claim,,fv_domain_vl,USPTO patent sequences,TNFB02433;TNFB02434;TNFB02435,Immunobinders directed against TNF
TNFCDR00678,QTIGSR,CDR1,K,6,1,disclosed_binder_claim,,fv_domain_vl,USPTO patent sequences,TNFB02436,Immunobinders directed against TNF
TNFCDR00679,QTIGSS,CDR1,K,6,8,disclosed_binder_claim,,fv_domain_vl,USPTO patent sequences,TNFB02437;TNFB02438;TNFB02439;TNFB02440;TNFB02441;TNFB02442;TNFB02443;TNFB02444,Immunobinders directed against TNF
TNFCDR00680,QTIGST,CDR1,K,6,1,disclosed_binder_claim,,fv_domain_vl,USPTO patent sequences,TNFB02445,Immunobinders directed against TNF
TNFCDR00681,QTIGTS,CDR1,K,6,2,disclosed_binder_claim,,fv_domain_vl,USPTO patent sequences,TNFB02446;TNFB02447,Immunobinders directed against TNF
TNFCDR00682,QTIYSS,CDR1,K,6,2,disclosed_binder_claim,,fv_domain_vl,PLAbDab;USPTO patent sequences,TNFB01650;TNFB02674,Antibodies to TNF alpha and use thereof
TNFCDR00683,QTSLSA,CDR1,K,6,1,disclosed_binder_claim,,fv_domain_vl,USPTO patent sequences,TNFB02047,Bispecific antibodies directed against TNF-alpha and IL-17
TNFCDR00684,QTVGNS,CDR1,K,6,1,disclosed_binder_claim,,fv_domain_vl,PLAbDab;USPTO patent sequences,TNFB02607,TNF-alpha-neutralizing antibodies || TNF-alpha-neutralizing antibodies | TNF.alpha.-neutralizing antibodies
TNFCDR00685,QTVGRA,CDR1,K,6,1,disclosed_binder_claim,,fv_domain_vl,USPTO patent sequences,TNFB01833,Immunobinders directed against TNF
TNFCDR00686,QTVHMS,CDR1,K,6,8,disclosed_binder_claim,,fv_domain_vl;igg_chain_light,PLAbDab;USPTO patent sequences,TNFB02132;TNFB02133;TNFB02134;TNFB02135;TNFB02474;TNFB02475;TNFB02476;TNFB03085,Humanized anti-TNF-alpha antibody and antigen-binding fragment (Fab) thereof and use of the same
TNFCDR00687,QTVSNA,CDR1,K,6,1,disclosed_binder_claim,,fv_domain_vl,USPTO patent sequences,TNFB01834,Immunobinders directed against TNF
TNFCDR00688,QTVSSA,CDR1,K,6,1,disclosed_binder_claim,,fv_domain_vl,USPTO patent sequences,TNFB01835,Immunobinders directed against TNF
TNFCDR00689,QTVXRA,CDR1,K,6,1,disclosed_binder_claim,,fv_domain_vl,USPTO patent sequences,TNFB01836,Immunobinders directed against TNF
TNFCDR00690,QVIGGV,CDR1,K,6,1,disclosed_binder_claim,,fv_domain_vl,USPTO patent sequences,TNFB02448,Immunobinders directed against TNF
TNFCDR00691,QVISNT,CDR1,K,6,1,disclosed_binder_claim,,fv_domain_vl,USPTO patent sequences,TNFB02000,Immunobinders directed against TNF
TNFCDR00692,QVSISY,CDR1,K,6,1,disclosed_binder_claim,,fv_domain_vl,USPTO patent sequences,TNFB02092,Bispecific antibodies directed against TNF-alpha and IL-17
TNFCDR00693,QVVSSA,CDR1,K,6,1,disclosed_binder_claim,,fv_domain_vl,USPTO patent sequences,TNFB02001,Immunobinders directed against TNF
TNFCDR00694,QWIGSS,CDR1,K,6,1,disclosed_binder_claim,,fv_domain_vl,USPTO patent sequences,TNFB02449,Immunobinders directed against TNF
TNFCDR00695,QWVSSA,CDR1,K,6,1,disclosed_binder_claim,,fv_domain_vl,USPTO patent sequences,TNFB01837,Immunobinders directed against TNF
TNFCDR00696,QXIGXX,CDR1,K,6,1,disclosed_binder_claim,,fv_domain_vl,USPTO patent sequences,TNFB02465,Bispecific antibodies directed against TNF-alpha and IL-17 | Immunobinders directed against TNF
TNFCDR00697,QXIXXX,CDR1,K,6,1,disclosed_binder_claim,,fv_domain_vl,USPTO patent sequences,TNFB02002,Bispecific antibodies directed against TNF-alpha and IL-17 | Immunobinders directed against TNF
TNFCDR00698,QXVXXX,CDR1,K,6,1,disclosed_binder_claim,,fv_domain_vl,USPTO patent sequences,TNFB02090,Bispecific antibodies directed against TNF-alpha and IL-17 | Immunobinders directed against TNF
TNFCDR00699,QYIGKR,CDR1,K,6,1,disclosed_binder_claim,,fv_domain_vl,USPTO patent sequences,TNFB02450,Immunobinders directed against TNF
TNFCDR00700,QYVGGA,CDR1,K,6,1,disclosed_binder_claim,,fv_domain_vl,USPTO patent sequences,TNFB01838,Immunobinders directed against TNF
TNFCDR00701,RCIGSN,CDR1,K,6,1,disclosed_binder_claim,,fv_domain_vl,USPTO patent sequences,TNFB02451,Immunobinders directed against TNF
TNFCDR00702,RFVGSS,CDR1,K,6,1,disclosed_binder_claim,,fv_domain_vl,USPTO patent sequences,TNFB02238,Anti-TNF-alpha binding compounds and uses thereof
TNFCDR00703,RKIRNY,CDR1,K,6,2,disclosed_binder_claim,,fv_domain_vl;igg_chain_light,PLAbDab;USPTO patent sequences,TNFB01798;TNFB02933,Antibodies to TNF-alpha
TNFCDR00704,SASVRY,CDR1,K,6,1,disclosed_binder_claim,,fv_domain_vl,USPTO patent sequences,TNFB02048,Bispecific antibodies directed against TNF-alpha and IL-17
TNFCDR00705,SDIFSC,CDR1,K,6,1,disclosed_binder_claim,,fv_domain_vl,USPTO patent sequences,TNFB02003,Bispecific antibodies directed against TNF-alpha and IL-17
TNFCDR00706,SDINSY,CDR1,K,6,1,disclosed_binder_claim,,fv_domain_vl,USPTO patent sequences,TNFB02049,Bispecific antibodies directed against TNF-alpha and IL-17
TNFCDR00707,SDISSY,CDR1,K,6,5,disclosed_binder_claim,,fv_domain_vl,USPTO patent sequences,TNFB02050;TNFB02051;TNFB02052;TNFB02053;TNFB02054,Bispecific antibodies directed against TNF-alpha and IL-17
TNFCDR00708,SDIVSY,CDR1,K,6,1,disclosed_binder_claim,,fv_domain_vl,USPTO patent sequences,TNFB02055,Bispecific antibodies directed against TNF-alpha and IL-17
TNFCDR00709,SDSISY,CDR1,K,6,3,disclosed_binder_claim,,fv_domain_vl,USPTO patent sequences,TNFB02004;TNFB02056;TNFB02057,Bispecific antibodies directed against TNF-alpha and IL-17
TNFCDR00710,SDSVSY,CDR1,K,6,1,disclosed_binder_claim,,fv_domain_vl,USPTO patent sequences,TNFB02058,Bispecific antibodies directed against TNF-alpha and IL-17
TNFCDR00711,SEIVSY,CDR1,K,6,1,disclosed_binder_claim,,fv_domain_vl,USPTO patent sequences,TNFB02059,Bispecific antibodies directed against TNF-alpha and IL-17
TNFCDR00712,SFVGSS,CDR1,K,6,1,disclosed_binder_claim,,fv_domain_vl,USPTO patent sequences,TNFB02239,Anti-TNF-alpha binding compounds and uses thereof
TNFCDR00713,SGIGSY,CDR1,K,6,1,disclosed_binder_claim,,fv_domain_vl,USPTO patent sequences,TNFB02060,Bispecific antibodies directed against TNF-alpha and IL-17
TNFCDR00714,SGIIGY,CDR1,K,6,1,disclosed_binder_claim,,fv_domain_vl,USPTO patent sequences,TNFB01839,Bispecific antibodies directed against TNF-alpha and IL-17
TNFCDR00715,SGIISS,CDR1,K,6,3,disclosed_binder_claim,,fv_domain_vl,USPTO patent sequences,TNFB02061;TNFB02062;TNFB02063,Bispecific antibodies directed against TNF-alpha and IL-17
TNFCDR00716,SGIISY,CDR1,K,6,12,disclosed_binder_claim,,fv_domain_vl;igg_chain_light,USPTO patent sequences,TNFB02005;TNFB02006;TNFB02007;TNFB02008;TNFB02009;TNFB02010;TNFB02064;TNFB02093;TNFB02094;TNFB02205;TNFB03107;TNFB03121,Bispecific antibodies directed against TNF-alpha and IL-17
TNFCDR00717,SGINGY,CDR1,K,6,1,disclosed_binder_claim,,fv_domain_vl,USPTO patent sequences,TNFB02011,Bispecific antibodies directed against TNF-alpha and IL-17
TNFCDR00718,SGINRY,CDR1,K,6,1,disclosed_binder_claim,,fv_domain_vl,USPTO patent sequences,TNFB02012,Bispecific antibodies directed against TNF-alpha and IL-17
TNFCDR00719,SGIPSY,CDR1,K,6,1,disclosed_binder_claim,,fv_domain_vl,USPTO patent sequences,TNFB02013,Bispecific antibodies directed against TNF-alpha and IL-17
TNFCDR00720,SGIRRF,CDR1,K,6,1,disclosed_binder_claim,,fv_domain_vl,USPTO patent sequences,TNFB02014,Bispecific antibodies directed against TNF-alpha and IL-17
TNFCDR00721,SGIRSY,CDR1,K,6,1,disclosed_binder_claim,,fv_domain_vl,USPTO patent sequences,TNFB02015,Bispecific antibodies directed against TNF-alpha and IL-17
TNFCDR00722,SGIVSY,CDR1,K,6,1,disclosed_binder_claim,,fv_domain_vl,USPTO patent sequences,TNFB02016,Bispecific antibodies directed against TNF-alpha and IL-17
TNFCDR00723,SGSIGD,CDR1,K,6,1,disclosed_binder_claim,,fv_domain_vl,USPTO patent sequences,TNFB02017,Bispecific antibodies directed against TNF-alpha and IL-17
TNFCDR00724,SGSINY,CDR1,K,6,3,disclosed_binder_claim,,fv_domain_vl,USPTO patent sequences,TNFB02018;TNFB02065;TNFB02066,Bispecific antibodies directed against TNF-alpha and IL-17
TNFCDR00725,SGSIPY,CDR1,K,6,1,disclosed_binder_claim,,fv_domain_vl,USPTO patent sequences,TNFB02067,Bispecific antibodies directed against TNF-alpha and IL-17
TNFCDR00726,SGSIRD,CDR1,K,6,2,disclosed_binder_claim,,fv_domain_vl,USPTO patent sequences,TNFB02019;TNFB02020,Bispecific antibodies directed against TNF-alpha and IL-17
TNFCDR00727,SGSISY,CDR1,K,6,14,disclosed_binder_claim,,fv_domain_vl,USPTO patent sequences,TNFB02068;TNFB02069;TNFB02070;TNFB02071;TNFB02072;TNFB02073;TNFB02074;TNFB02075;TNFB02076;TNFB02077;TNFB02078;TNFB02079,Bispecific antibodies directed against TNF-alpha and IL-17
TNFCDR00728,SGSLSY,CDR1,K,6,1,disclosed_binder_claim,,fv_domain_vl,USPTO patent sequences,TNFB02081,Bispecific antibodies directed against TNF-alpha and IL-17
TNFCDR00729,SSIISN,CDR1,K,6,1,disclosed_binder_claim,,fv_domain_vl,USPTO patent sequences,TNFB02082,Bispecific antibodies directed against TNF-alpha and IL-17
TNFCDR00730,SSIKSY,CDR1,K,6,1,disclosed_binder_claim,,fv_domain_vl,USPTO patent sequences,TNFB02021,Bispecific antibodies directed against TNF-alpha and IL-17
TNFCDR00731,SSSINY,CDR1,K,6,1,disclosed_binder_claim,,fv_domain_vl,USPTO patent sequences,TNFB02083,Bispecific antibodies directed against TNF-alpha and IL-17
TNFCDR00732,SSSISY,CDR1,K,6,1,disclosed_binder_claim,,fv_domain_vl,USPTO patent sequences,TNFB02084,Bispecific antibodies directed against TNF-alpha and IL-17
TNFCDR00733,VGIRNY,CDR1,K,6,1,disclosed_binder_claim,,igg_chain_light,USPTO patent sequences,TNFB03063,Antibodies to TNF-alpha
TNFCDR00734,WGIRNY,CDR1,K,6,1,disclosed_binder_claim,,igg_chain_light,USPTO patent sequences,TNFB03064,Antibodies to TNF-alpha
TNFCDR00735,XXXRNY,CDR1,K,6,14,disclosed_binder_claim,,fv_domain_vl;igg_chain_light,PLAbDab;USPTO patent sequences,TNFB02091;TNFB02174;TNFB02175;TNFB02176;TNFB02177;TNFB02178;TNFB02179;TNFB03084;TNFB03090;TNFB03091;TNFB03092;TNFB03093,Antibodies to TNF-alpha
TNFCDR00736,XXXXXX,CDR1,K,6,1,disclosed_binder_claim,,fv_domain_vl,USPTO patent sequences,TNFB02099,Bispecific antibodies directed against TNF-alpha and IL-17
TNFCDR00737,YGIRNY,CDR1,K,6,2,disclosed_binder_claim,,igg_chain_light,USPTO patent sequences,TNFB03065;TNFB03066,Antibodies to TNF-alpha
TNFCDR00738,QSIDTNY,CDR1,K,7,1,disclosed_binder_claim,,fv_domain_vl,PLAbDab,TNFB02452,Gene segments encoding variable domains of anti-TNF antibodies in health and multiple sclerosis
TNFCDR00739,QSLSSTY,CDR1,K,7,1,disclosed_binder_claim,,fv_domain_vl,PLAbDab,TNFB02145,Gene segments encoding variable domains of anti-TNF antibodies in health and multiple sclerosis
TNFCDR00740,QSVDSSY,CDR1,K,7,1,disclosed_binder_claim,,fv_domain_vl,PLAbDab,TNFB02229,Gene segments encoding variable domains of anti-TNF antibodies in health and multiple sclerosis
TNFCDR00741,QSVSSNY,CDR1,K,7,1,disclosed_binder_claim,,fv_domain_vl,PLAbDab,TNFB02453,Gene segments encoding variable domains of anti-TNF antibodies in health and multiple sclerosis
TNFCDR00742,QSVSSSF,CDR1,K,7,1,disclosed_binder_claim,,fv_domain_vl,PLAbDab,TNFB02454,Gene segments encoding variable domains of anti-TNF antibodies in health and multiple sclerosis
TNFCDR00743,QSVSSSY,CDR1,K,7,2,disclosed_binder_claim,,fv_domain_vl,PLAbDab;USPTO patent sequences,TNFB02456;TNFB02480,Humanized anti-human tumor necrosis factor alpha monoclonal antibody and sequence thereof
TNFCDR00744,QSVSSTK,CDR1,K,7,1,disclosed_binder_claim,,fv_domain_vl,PLAbDab,TNFB02455,Gene segments encoding variable domains of anti-TNF antibodies in health and multiple sclerosis
TNFCDR00745,QSVTSNY,CDR1,K,7,1,disclosed_binder_claim,,fv_domain_vl,PLAbDab,TNFB02473,Gene segments encoding variable domains of anti-TNF antibodies in health and multiple sclerosis
TNFCDR00746,QSVYSSN,CDR1,K,7,9,disclosed_binder_claim,,fv_domain_vl,PLAbDab;USPTO patent sequences,TNFB02519;TNFB02523;TNFB02524;TNFB02552;TNFB02555;TNFB02556;TNFB02589;TNFB02595;TNFB02596,Anti-TNF-alpha-antibodies and functional fragments thereof
TNFCDR00747,QTVNNNY,CDR1,K,7,1,disclosed_binder_claim,,fv_domain_vl,PLAbDab,TNFB02230,Gene segments encoding variable domains of anti-TNF antibodies in health and multiple sclerosis
TNFCDR00748,SSISYNY,CDR1,K,7,3,disclosed_binder_claim,,fv_domain_vl,USPTO patent sequences,TNFB02471;TNFB02503;TNFB02504,Humanized antibody specific for tumor necrosis factor-alpha
TNFCDR00749,SSITFNY,CDR1,K,7,6,disclosed_binder_claim,,fv_domain_vl,PLAbDab;USPTO patent sequences,TNFB02457;TNFB02458;TNFB02459;TNFB02460;TNFB02461;TNFB02462,Humanized anti-TNF-alpha antibodies
TNFCDR00750,ESLYNKKN,CDR1,K,8,1,disclosed_binder_claim,,fv_domain_vl,PLAbDab;USPTO patent sequences,TNFB02623,TNF-alpha-neutralizing antibodies || TNF-alpha-neutralizing antibodies | TNF.alpha.-neutralizing antibodies
TNFCDR00751,ESVVFNNR,CDR1,K,8,1,disclosed_binder_claim,,fv_domain_vl,USPTO patent sequences,TNFB02664,Antibodies to TNF alpha and use thereof | Antibodies to TNF-alpha and use thereof
TNFCDR00752,ESVYKNNY,CDR1,K,8,17,disclosed_binder_claim,,fv_domain_vl,PLAbDab;USPTO patent sequences,TNFB02628;TNFB02629;TNFB02630;TNFB02631;TNFB02637;TNFB02638;TNFB02639;TNFB02640;TNFB02641;TNFB02643;TNFB02644;TNFB02645,TNF-alpha-neutralizing antibodies || TNF-alpha-neutralizing antibodies | TNF.alpha.-neutralizing antibodies
TNFCDR00753,ESVYNNND,CDR1,K,8,1,disclosed_binder_claim,,fv_domain_vl,USPTO patent sequences,TNFB02656,Antibodies to TNF alpha and use thereof | Antibodies to TNF-alpha and use thereof
TNFCDR00754,ESVYSNNR,CDR1,K,8,1,disclosed_binder_claim,,fv_domain_vl,PLAbDab;USPTO patent sequences,TNFB02578,TNF-alpha-neutralizing antibodies || TNF-alpha-neutralizing antibodies | TNF.alpha.-neutralizing antibodies
TNFCDR00755,KRVVNSVA,CDR1,K,8,1,disclosed_binder_claim,,fv_domain_vl,USPTO patent sequences,TNFB02662,Antibodies to TNF alpha and use thereof | Antibodies to TNF-alpha and use thereof
TNFCDR00756,QNVYNNND,CDR1,K,8,2,disclosed_binder_claim,,fv_domain_vl,USPTO patent sequences,TNFB02655;TNFB02657,Antibodies to TNF alpha and use thereof | Antibodies to TNF-alpha and use thereof
TNFCDR00757,QSVANNNE,CDR1,K,8,1,disclosed_binder_claim,,fv_domain_vl,PLAbDab;USPTO patent sequences,TNFB02505,TNF-alpha-neutralizing antibodies || TNF-alpha-neutralizing antibodies | TNF.alpha.-neutralizing antibodies
TNFCDR00758,QSVDSDVC,CDR1,K,8,1,disclosed_binder_claim,,fv_domain_vl,PLAbDab;USPTO patent sequences,TNFB02621,TNF-alpha-neutralizing antibodies || TNF-alpha-neutralizing antibodies | TNF.alpha.-neutralizing antibodies
TNFCDR00759,QSVFSNDH,CDR1,K,8,1,disclosed_binder_claim,,fv_domain_vl,PLAbDab;USPTO patent sequences,TNFB02579,TNF-alpha-neutralizing antibodies || TNF-alpha-neutralizing antibodies | TNF.alpha.-neutralizing antibodies
TNFCDR00760,QSVYGNIW,CDR1,K,8,11,disclosed_binder_claim,Licaminlimab (scFv) [Thera-SAbDab via PLAbDab Licaminlimab],fv_domain_vl,PLAbDab;USPTO patent sequences,TNFB02526;TNFB02535;TNFB02536;TNFB02537;TNFB02547;TNFB02559;TNFB02574;TNFB02575;TNFB02576;TNFB02611;TNFB02615,Stable and soluble antibodies inhibiting TNF alpha || Stable and soluble antibodies inhibiting TNF-alpha
TNFCDR00761,QSVYNNKN,CDR1,K,8,1,disclosed_binder_claim,,fv_domain_vl,PLAbDab;USPTO patent sequences,TNFB02620,TNF-alpha-neutralizing antibodies || TNF-alpha-neutralizing antibodies | TNF.alpha.-neutralizing antibodies
TNFCDR00762,QSVYNNND,CDR1,K,8,1,disclosed_binder_claim,,fv_domain_vl,USPTO patent sequences,TNFB02654,Antibodies to TNF alpha and use thereof | Antibodies to TNF-alpha and use thereof
TNFCDR00763,QSVYNNNL,CDR1,K,8,1,disclosed_binder_claim,,fv_domain_vl,PLAbDab;USPTO patent sequences,TNFB02622,TNF-alpha-neutralizing antibodies || TNF-alpha-neutralizing antibodies | TNF.alpha.-neutralizing antibodies
TNFCDR00764,QSVYSNNL,CDR1,K,8,1,disclosed_binder_claim,,fv_domain_vl,PLAbDab;USPTO patent sequences,TNFB02624,TNF-alpha-neutralizing antibodies || TNF-alpha-neutralizing antibodies | TNF.alpha.-neutralizing antibodies
TNFCDR00765,QSLLHSNGNTY,CDR1,K,11,2,disclosed_binder_claim,,fv_domain_vl,PLAbDab,TNFB02597;TNFB02610,Gene segments encoding variable domains of anti-TNF antibodies in health and multiple sclerosis
TNFCDR00766,QSLLHSNGYNY,CDR1,K,11,3,disclosed_binder_claim,,fv_domain_vl,PLAbDab;USPTO patent sequences,TNFB02606;TNFB02609;TNFB02626,Bispecific antibodies directed against TNF-alpha and IL-17 | Immunobinders directed against TNF
TNFCDR00767,QSLLKSNGYNY,CDR1,K,11,1,disclosed_binder_claim,,fv_domain_vl,PLAbDab,TNFB02605,Gene segments encoding variable domains of anti-TNF antibodies in health and multiple sclerosis
TNFCDR00768,QSLVHGIGATY,CDR1,K,11,2,disclosed_binder_claim,,igg_chain_light,USPTO patent sequences,TNFB03102;TNFB03141,Methods of binding TNF-alpha using anti-TNF-alpha antibody fragment-polymer conjugates
TNFCDR00769,QSLVHGIGETY,CDR1,K,11,1,disclosed_binder_claim,,igg_chain_light,USPTO patent sequences,TNFB03142,Methods of binding TNF-alpha using anti-TNF-alpha antibody fragment-polymer conjugates
TNFCDR00770,QSLVHGIGNTY,CDR1,K,11,5,disclosed_binder_claim,,fv_domain_vl;igg_chain_light,USPTO patent sequences,TNFB02635;TNFB02636;TNFB02684;TNFB03143;TNFB03144,Methods of binding TNF-alpha using anti-TNF-alpha antibody fragment-polymer conjugates
TNFCDR00771,QSLVHSNGDTY,CDR1,K,11,4,disclosed_binder_claim,,fv_domain_vl;igg_chain_light,USPTO patent sequences,TNFB02599;TNFB03099;TNFB03100;TNFB03103,TNFa-IL-17 bispecific antibodies
TNFCDR00772,QSLVYSDGNTS,CDR1,K,11,1,disclosed_binder_claim,,fv_domain_vl,PLAbDab,TNFB02598,Gene segments encoding variable domains of anti-TNF antibodies in health and multiple sclerosis
TNFCDR00773,RSLVHSRGETY,CDR1,K,11,1,disclosed_binder_claim,,fv_domain_vl,PLAbDab,TNFB02604,Anti-TNF-anti-IL-17 bispecific antibodies
TNFCDR00774,QSILSRSNNKNY,CDR1,K,12,1,disclosed_binder_claim,,fv_domain_vl,PLAbDab,TNFB02625,Gene segments encoding variable domains of anti-TNF antibodies in health and multiple sclerosis
TNFCDR00775,QSLLNSSTQKNY,CDR1,K,12,1,disclosed_binder_claim,,fv_domain_vl,USPTO patent sequences,TNFB02632,"Bispecific antibodies that neutralize both TNF-alpha and IL-6: novel therapeutic agent for autoimmune disease | Murine, chimeric, humanized or human anti-TNF-alpha antibodies"
TNFCDR00776,QSLLNSYTQKNY,CDR1,K,12,1,disclosed_binder_claim,,fv_domain_vl,PLAbDab;USPTO patent sequences,TNFB02500,"Bispecific antibodies that neutralize both TNF-alpha and IL-6: novel therapeutic agent for autoimmune disease | Murine, chimeric, humanized or human anti-TNF-alpha antibodies || Characterization of th"
TNFCDR00777,QSLLTSSTQKNS,CDR1,K,12,1,disclosed_binder_claim,,fv_domain_vl,USPTO patent sequences,TNFB02652,DNA molecule encoding TNF binding ligands and vectors and host cells containing the DNA molecule
TNFCDR00778,XXXXXXXXXXXX,CDR1,K,12,2,disclosed_binder_claim,,igg_chain_light,USPTO patent sequences,TNFB03124;TNFB03125,Stable and soluble antibodies inhibiting TNF alpha | Stable and soluble antibodies inhibiting TNF-alpha
TNFCDR00779,ALPKKY,CDR1,L,6,1,disclosed_binder_claim,,fv_domain_vl,PLAbDab,TNFB02172,Gene segments encoding variable domains of anti-TNF antibodies in health and multiple sclerosis
TNFCDR00780,ALPKQY,CDR1,L,6,1,disclosed_binder_claim,,fv_domain_vl,USPTO patent sequences,TNFB02464,Bispecific antibodies directed against TNF-alpha and IL-17 | Immunobinders directed against TNF
TNFCDR00781,DIGSKS,CDR1,L,6,1,disclosed_binder_claim,,fv_domain_vl,PLAbDab,TNFB01784,Gene segments encoding variable domains of anti-TNF antibodies in health and multiple sclerosis
TNFCDR00782,KIGGKS,CDR1,L,6,1,disclosed_binder_claim,,fv_domain_vl,PLAbDab,TNFB02182,Gene segments encoding variable domains of anti-TNF antibodies in health and multiple sclerosis
TNFCDR00783,NIGDKS,CDR1,L,6,1,disclosed_binder_claim,,fv_domain_vl,USPTO patent sequences,TNFB01659,Anti-TNF-alpha/CXCL10 double-targeting antibody and use thereof
TNFCDR00784,NIGSKS,CDR1,L,6,1,disclosed_binder_claim,,fv_domain_vl,PLAbDab,TNFB02180,Gene segments encoding variable domains of anti-TNF antibodies in health and multiple sclerosis
TNFCDR00785,NIGSKT,CDR1,L,6,1,disclosed_binder_claim,,fv_domain_vl,PLAbDab,TNFB02181,Gene segments encoding variable domains of anti-TNF antibodies in health and multiple sclerosis
TNFCDR00786,NLRSYT,CDR1,L,6,1,disclosed_binder_claim,,fv_domain_vl,PLAbDab,TNFB02170,Gene segments encoding variable domains of anti-TNF antibodies in health and multiple sclerosis
TNFCDR00787,NLRTKY,CDR1,L,6,1,disclosed_binder_claim,,fv_domain_vl,USPTO patent sequences,TNFB01658,Anti-TNF-alpha/CXCL10 double-targeting antibody and use thereof
TNFCDR00788,SLRRSF,CDR1,L,6,1,disclosed_binder_claim,,fv_domain_vl,PLAbDab,TNFB02167,Gene segments encoding variable domains of anti-TNF antibodies in health and multiple sclerosis
TNFCDR00789,SLRSYY,CDR1,L,6,4,disclosed_binder_claim,,fv_domain_vl,PLAbDab,TNFB01656;TNFB01782;TNFB02168;TNFB02169,Gene segments encoding variable domains of anti-TNF antibodies in health and multiple sclerosis
TNFCDR00790,VLTKQY,CDR1,L,6,1,disclosed_binder_claim,,fv_domain_vl,PLAbDab,TNFB02514,Gene segments encoding variable domains of anti-TNF antibodies in health and multiple sclerosis
TNFCDR00791,GGSIASNY,CDR1,L,8,1,disclosed_binder_claim,,fv_domain_vl,PLAbDab,TNFB02497,Gene segments encoding variable domains of anti-TNF antibodies in health and multiple sclerosis
TNFCDR00792,RSNIGSNT,CDR1,L,8,2,disclosed_binder_claim,,fv_domain_vl,PLAbDab;USPTO patent sequences,TNFB02581;TNFB02619,High concentration anti-TNF-alpha antibody liquid formulations || Monoclonal antibodies to human proinflammatory cytokines and methods for treating inflammatory diseases
TNFCDR00793,SGSIASNY,CDR1,L,8,5,disclosed_binder_claim,,fv_domain_vl,PLAbDab,TNFB02498;TNFB02541;TNFB02542;TNFB02543;TNFB02577,Gene segments encoding variable domains of anti-TNF antibodies in health and multiple sclerosis
TNFCDR00794,SSNIGGNT,CDR1,L,8,1,disclosed_binder_claim,,fv_domain_vl,PLAbDab,TNFB02502,Gene segments encoding variable domains of anti-TNF antibodies in health and multiple sclerosis
TNFCDR00795,SSNIGSNT,CDR1,L,8,1,disclosed_binder_claim,,fv_domain_vl,PLAbDab,TNFB02583,Gene segments encoding variable domains of anti-TNF antibodies in health and multiple sclerosis
TNFCDR00796,RSNFGAGHD,CDR1,L,9,1,disclosed_binder_claim,,fv_domain_vl,USPTO patent sequences,TNFB01781,Anti-TNF-alpha/CXCL10 double-targeting antibody and use thereof
TNFCDR00797,SSNIGAGYD,CDR1,L,9,1,disclosed_binder_claim,,fv_domain_vl,PLAbDab,TNFB02580,Reconstruction and analysis of a human anti-TNF-a ScFv antibody
TNFCDR00798,SSNIGSGYD,CDR1,L,9,2,disclosed_binder_claim,,fv_domain_vl;igg_chain_light,USPTO patent sequences,TNFB02582;TNFB03101,Method of treating inflammatory bowel disease with a combination therapy of antibodies to IL-23 and TNF alpha
TNFCDR00799,SSNTGAGYD,CDR1,L,9,1,disclosed_binder_claim,,igg_chain_light,USPTO patent sequences,TNFB03138,IL-23 and TNF-alpha binding bi-specific heavy chain polypeptides
TNFCDR00800,TGAVTSGYY,CDR1,L,9,1,disclosed_binder_claim,,fv_domain_vl,PLAbDab,TNFB02618,Gene segments encoding variable domains of anti-TNF antibodies in health and multiple sclerosis
TNFCDR00801,TS,CDR2,H,2,1,disclosed_binder_claim,,fv_domain_vh,PLAbDab,TNFB01127,Anti Human TNF-alpha antibody genes
TNFCDR00802,IKS,CDR2,H,3,1,disclosed_binder_claim,,fv_domain_vh,PLAbDab;USPTO patent sequences,TNFB00345,TNF-alpha-neutralizing antibodies || TNF-alpha-neutralizing antibodies | TNF.alpha.-neutralizing antibodies
TNFCDR00803,INRN,CDR2,H,4,1,disclosed_binder_claim,,fv_domain_vh,PLAbDab;USPTO patent sequences,TNFB00697,TNF-alpha-neutralizing antibodies || TNF-alpha-neutralizing antibodies | TNF.alpha.-neutralizing antibodies
TNFCDR00804,ISSSD,CDR2,H,5,1,disclosed_binder_claim,,fv_domain_vh,PLAbDab;USPTO patent sequences,TNFB00398,TNF-alpha-neutralizing antibodies || TNF-alpha-neutralizing antibodies | TNF.alpha.-neutralizing antibodies
TNFCDR00805,IKSGNI,CDR2,H,6,2,disclosed_binder_claim,,fv_domain_vh,PLAbDab;USPTO patent sequences,TNFB00346;TNFB00367,TNF-alpha-neutralizing antibodies || TNF-alpha-neutralizing antibodies | TNF.alpha.-neutralizing antibodies
TNFCDR00806,IRDGTT,CDR2,H,6,1,disclosed_binder_claim,,vhh,USPTO patent sequences,TNFB00250,Single domain antibodies directed against tumor necrosis factor-alpha and uses therefor
TNFCDR00807,ISGDTT,CDR2,H,6,1,disclosed_binder_claim,,vhh,USPTO patent sequences,TNFB00030,Single domain antibodies directed against tumor necrosis factor-alpha and uses therefor
TNFCDR00808,ITNDTT,CDR2,H,6,1,disclosed_binder_claim,,vhh,USPTO patent sequences,TNFB00031,Single domain antibodies directed against tumor necrosis factor-alpha and uses therefor
TNFCDR00809,FASGGGT,CDR2,H,7,1,disclosed_binder_claim,,fv_domain_vh,USPTO patent sequences,TNFB01392,Antibodies to TNF alpha and use thereof | Antibodies to TNF-alpha and use thereof
TNFCDR00810,IAADGFT,CDR2,H,7,1,disclosed_binder_claim,,fv_domain_vh,USPTO patent sequences,TNFB00508,Bispecific antibodies directed against TNF-alpha and IL-17 | Immunobinders directed against TNF
TNFCDR00811,IAADGST,CDR2,H,7,3,disclosed_binder_claim,,fv_domain_vh,USPTO patent sequences,TNFB00544;TNFB00565;TNFB00569,Immunobinders directed against TNF
TNFCDR00812,IAGDGST,CDR2,H,7,1,disclosed_binder_claim,,fv_domain_vh,USPTO patent sequences,TNFB00503,Immunobinders directed against TNF
TNFCDR00813,IDIDGLA,CDR2,H,7,1,disclosed_binder_claim,,vhh,USPTO patent sequences,TNFB00136,Single domain antibodies directed against TNF-alpha
TNFCDR00814,IDIDGLT,CDR2,H,7,3,disclosed_binder_claim,,vhh,USPTO patent sequences,TNFB00134;TNFB00137;TNFB00144,Single domain antibodies directed against TNF-alpha
TNFCDR00815,IDIDGQT,CDR2,H,7,7,disclosed_binder_claim,,vhh,USPTO patent sequences,TNFB00118;TNFB00135;TNFB00138;TNFB00139;TNFB00145;TNFB00146;TNFB00147,Single domain antibodies directed against TNF-alpha
TNFCDR00816,IDLYGSA,CDR2,H,7,1,disclosed_binder_claim,,fv_domain_vh,PLAbDab;USPTO patent sequences,TNFB00400,TNF-alpha-neutralizing antibodies || TNF-alpha-neutralizing antibodies | TNF.alpha.-neutralizing antibodies
TNFCDR00817,IDVVGAT,CDR2,H,7,1,disclosed_binder_claim,,fv_domain_vh,PLAbDab;USPTO patent sequences,TNFB00698,TNF-alpha-neutralizing antibodies || TNF-alpha-neutralizing antibodies | TNF.alpha.-neutralizing antibodies
TNFCDR00818,IDVYNHA,CDR2,H,7,1,disclosed_binder_claim,,fv_domain_vh,PLAbDab;USPTO patent sequences,TNFB00401,TNF-alpha-neutralizing antibodies || TNF-alpha-neutralizing antibodies | TNF.alpha.-neutralizing antibodies
TNFCDR00819,IDWDDDK,CDR2,H,7,2,disclosed_binder_claim,,vhh_putative,PLAbDab;USPTO patent sequences,TNFB00305;TNFB00308,"Fully human anti-TNF-alpha monoclonal antibody, preparation method and use thereof"
TNFCDR00820,IDYDGYT,CDR2,H,7,1,tested_non_binder,,vhh,Proteinbase,TNFB00100,Proteinbase design tnfalphanano_27194 (mit)
TNFCDR00821,IDYGGSA,CDR2,H,7,2,disclosed_binder_claim,,fv_domain_vh,PLAbDab;USPTO patent sequences,TNFB00322;TNFB01631,Antibodies to TNF alpha and use thereof | Antibodies to TNF-alpha and use thereof
TNFCDR00822,IEGDGGT,CDR2,H,7,1,disclosed_binder_claim,,fv_domain_vh,USPTO patent sequences,TNFB00570,Immunobinders directed against TNF
TNFCDR00823,IESGSRT,CDR2,H,7,1,disclosed_binder_claim,,vhh,USPTO patent sequences,TNFB00171,Polypeptides comprising immunoglobulin single variable domains targeting TNFA and IL-23
TNFCDR00824,IFPFGST,CDR2,H,7,1,disclosed_binder_claim,,vhh,USPTO patent sequences,TNFB00016,Polypeptides comprising immunoglobulin single variable domains targeting IL-6 and TNF-alpha
TNFCDR00825,IGADGAT,CDR2,H,7,1,disclosed_binder_claim,,fv_domain_vh,USPTO patent sequences,TNFB00557,Immunobinders directed against TNF
TNFCDR00826,IGADGST,CDR2,H,7,3,disclosed_binder_claim,,fv_domain_vh,USPTO patent sequences,TNFB00522;TNFB00538;TNFB00571,Bispecific antibodies directed against TNF-alpha and IL-17 | Immunobinders directed against TNF
TNFCDR00827,IGADGYT,CDR2,H,7,3,disclosed_binder_claim,,fv_domain_vh,USPTO patent sequences,TNFB00504;TNFB00509;TNFB00510,Immunobinders directed against TNF
TNFCDR00828,IGDEGST,CDR2,H,7,1,disclosed_binder_claim,,fv_domain_vh,USPTO patent sequences,TNFB00623,Immunobinders directed against TNF
TNFCDR00829,IGEAGRA,CDR2,H,7,6,disclosed_binder_claim,,fv_domain_vh;igg_chain_heavy,PLAbDab;USPTO patent sequences,TNFB01120;TNFB01139;TNFB01147;TNFB02822;TNFB02823;TNFB02824,Stable and soluble antibodies inhibiting TNF alpha | Stable and soluble antibodies inhibiting TNF-alpha
TNFCDR00830,IGETGRA,CDR2,H,7,11,disclosed_binder_claim,,fv_domain_vh;igg_chain_heavy,PLAbDab;USPTO patent sequences,TNFB01117;TNFB01121;TNFB01122;TNFB01140;TNFB01170;TNFB01366;TNFB02819;TNFB02820;TNFB02821;TNFB02898;TNFB02905,Stable and soluble antibodies inhibiting TNF alpha | Stable and soluble antibodies inhibiting TNF-alpha
TNFCDR00831,IGETGRS,CDR2,H,7,1,disclosed_binder_claim,,fv_domain_vh,PLAbDab;USPTO patent sequences,TNFB01123,TNF-alpha-neutralizing antibodies || TNF-alpha-neutralizing antibodies | TNF.alpha.-neutralizing antibodies
TNFCDR00832,IGFGGST,CDR2,H,7,1,disclosed_binder_claim,,fv_domain_vh,USPTO patent sequences,TNFB01608,Antibodies to TNF alpha and use thereof | Antibodies to TNF-alpha and use thereof
TNFCDR00833,IGGDGFT,CDR2,H,7,1,disclosed_binder_claim,,fv_domain_vh,USPTO patent sequences,TNFB00487,Immunobinders directed against TNF
TNFCDR00834,IGGDGST,CDR2,H,7,2,disclosed_binder_claim,,fv_domain_vh,USPTO patent sequences,TNFB00467;TNFB00572,Immunobinders directed against TNF
TNFCDR00835,IGGDGYT,CDR2,H,7,1,disclosed_binder_claim,,fv_domain_vh,USPTO patent sequences,TNFB00615,Immunobinders directed against TNF
TNFCDR00836,IGGEGRT,CDR2,H,7,1,disclosed_binder_claim,,fv_domain_vh,USPTO patent sequences,TNFB00573,Immunobinders directed against TNF
TNFCDR00837,IGGGGNT,CDR2,H,7,1,disclosed_binder_claim,,fv_domain_vh,PLAbDab,TNFB00323,Gene segments encoding variable domains of anti-TNF antibodies in health and multiple sclerosis
TNFCDR00838,IGNGGMT,CDR2,H,7,5,disclosed_binder_claim,,fv_domain_vh;igg_chain_heavy,PLAbDab;USPTO patent sequences,TNFB00908;TNFB00920;TNFB00925;TNFB02817;TNFB02818,Stable and soluble antibodies inhibiting TNF alpha | Stable and soluble antibodies inhibiting TNF-alpha
TNFCDR00839,IGNSGRS,CDR2,H,7,1,disclosed_binder_claim,,fv_domain_vh,PLAbDab;USPTO patent sequences,TNFB00637,TNF-alpha-neutralizing antibodies || TNF-alpha-neutralizing antibodies | TNF.alpha.-neutralizing antibodies
TNFCDR00840,IGSDGFT,CDR2,H,7,1,disclosed_binder_claim,,fv_domain_vh,USPTO patent sequences,TNFB00545,Immunobinders directed against TNF
TNFCDR00841,IGSDGST,CDR2,H,7,2,disclosed_binder_claim,,fv_domain_vh,USPTO patent sequences,TNFB00511;TNFB00574,Immunobinders directed against TNF
TNFCDR00842,IGSSGIT,CDR2,H,7,2,disclosed_binder_claim,,fv_domain_vh,PLAbDab;USPTO patent sequences,TNFB00314;TNFB01591,Antibodies to TNF alpha and use thereof | Antibodies to TNF-alpha and use thereof
TNFCDR00843,IGVDNTT,CDR2,H,7,1,disclosed_binder_claim,,vhh,USPTO patent sequences,TNFB00011,Single domain antibodies directed against tumor necrosis factor-alpha and uses therefor
TNFCDR00844,IISSGAT,CDR2,H,7,13,disclosed_binder_claim,,fv_domain_vh;igg_chain_heavy,PLAbDab;USPTO patent sequences,TNFB00907;TNFB01378;TNFB01383;TNFB01385;TNFB02829;TNFB02830;TNFB02831;TNFB02832;TNFB02833;TNFB02834;TNFB02835;TNFB02836,Stable and soluble antibodies inhibiting TNF alpha | Stable and soluble antibodies inhibiting TNF-alpha
TNFCDR00845,ILGSGIT,CDR2,H,7,2,disclosed_binder_claim,,fv_domain_vh,PLAbDab;USPTO patent sequences,TNFB00324;TNFB01607,Antibodies to TNF alpha and use thereof | Antibodies to TNF-alpha and use thereof
TNFCDR00846,ILSSGAT,CDR2,H,7,2,disclosed_binder_claim,,vhh,USPTO patent sequences,TNFB00021;TNFB00022,Single domain antibodies directed against tumor necrosis factor-alpha and uses therefor
TNFCDR00847,ILSSGIT,CDR2,H,7,5,disclosed_binder_claim,,fv_domain_vh,PLAbDab;USPTO patent sequences,TNFB00316;TNFB00317;TNFB01592;TNFB01593;TNFB01594,Antibodies to TNF alpha and use thereof | Antibodies to TNF-alpha and use thereof
TNFCDR00848,ILTSGAT,CDR2,H,7,1,disclosed_binder_claim,,vhh,USPTO patent sequences,TNFB00023,Single domain antibodies directed against tumor necrosis factor-alpha and uses therefor
TNFCDR00849,IMGDGYT,CDR2,H,7,1,disclosed_binder_claim,,fv_domain_vh,USPTO patent sequences,TNFB00575,Immunobinders directed against TNF
TNFCDR00850,INGDGST,CDR2,H,7,1,disclosed_binder_claim,,fv_domain_vh,USPTO patent sequences,TNFB00525,Immunobinders directed against TNF
TNFCDR00851,INSGGSA,CDR2,H,7,2,disclosed_binder_claim,,fv_domain_vh,USPTO patent sequences,TNFB00695;TNFB01126,Antibodies to TNF-alpha and use thereof
TNFCDR00852,INTDGRA,CDR2,H,7,1,disclosed_binder_claim,,vhh_putative,PLAbDab;USPTO patent sequences,TNFB00301,TNF-alpha-neutralizing antibodies || TNF-alpha-neutralizing antibodies | TNF.alpha.-neutralizing antibodies
TNFCDR00853,INTGGNT,CDR2,H,7,1,disclosed_binder_claim,,fv_domain_vh,PLAbDab;USPTO patent sequences,TNFB01595,TNF-alpha-neutralizing antibodies || TNF-alpha-neutralizing antibodies | TNF.alpha.-neutralizing antibodies
TNFCDR00854,INYGGNT,CDR2,H,7,1,tested_non_binder,,vhh,Proteinbase,TNFB00170,Proteinbase design tnfalphanano_19838 (mit)
TNFCDR00855,INYSGST,CDR2,H,7,4,disclosed_binder_claim,,vhh,PLAbDab;Proteinbase;USPTO patent sequences,TNFB00025;TNFB00124;TNFB00259;TNFB00283,"Antibodies binding to trimeric TNF alpha epitopes || Antibodies binding to trimeric TNF alpha epitopes | Antibody against trimeric TNF-alpha complex | Complexes between anti-TNF antibodies, trimeric T"
TNFCDR00856,IRADGFT,CDR2,H,7,1,disclosed_binder_claim,,fv_domain_vh,USPTO patent sequences,TNFB00576,Immunobinders directed against TNF
TNFCDR00857,IRADGLT,CDR2,H,7,1,disclosed_binder_claim,,fv_domain_vh,USPTO patent sequences,TNFB00528,Immunobinders directed against TNF
TNFCDR00858,IRADGST,CDR2,H,7,11,disclosed_binder_claim,,fv_domain_vh,USPTO patent sequences,TNFB00512;TNFB00513;TNFB00514;TNFB00529;TNFB00539;TNFB00558;TNFB00577;TNFB00578;TNFB00579;TNFB00580;TNFB00581,Immunobinders directed against TNF
TNFCDR00859,IRADGTT,CDR2,H,7,2,disclosed_binder_claim,,fv_domain_vh,USPTO patent sequences,TNFB00582;TNFB00583,Immunobinders directed against TNF
TNFCDR00860,IRADGVT,CDR2,H,7,2,disclosed_binder_claim,,fv_domain_vh,USPTO patent sequences,TNFB00489;TNFB00559,Immunobinders directed against TNF
TNFCDR00861,IRADGYT,CDR2,H,7,1,disclosed_binder_claim,,fv_domain_vh,USPTO patent sequences,TNFB00584,Immunobinders directed against TNF
TNFCDR00862,IRDDGAT,CDR2,H,7,1,disclosed_binder_claim,,fv_domain_vh,USPTO patent sequences,TNFB00585,Immunobinders directed against TNF
TNFCDR00863,IRDDGFT,CDR2,H,7,1,disclosed_binder_claim,,fv_domain_vh,USPTO patent sequences,TNFB00530,Immunobinders directed against TNF
TNFCDR00864,IRDDGST,CDR2,H,7,4,disclosed_binder_claim,,fv_domain_vh,USPTO patent sequences,TNFB00523;TNFB00566;TNFB00586;TNFB00587,Immunobinders directed against TNF
TNFCDR00865,IRGDGFT,CDR2,H,7,4,disclosed_binder_claim,,fv_domain_vh,USPTO patent sequences,TNFB00515;TNFB00531;TNFB00588;TNFB00589,Immunobinders directed against TNF
TNFCDR00866,IRGDGST,CDR2,H,7,22,disclosed_binder_claim,,fv_domain_vh,USPTO patent sequences,TNFB00516;TNFB00524;TNFB00532;TNFB00533;TNFB00534;TNFB00535;TNFB00536;TNFB00540;TNFB00546;TNFB00560;TNFB00561;TNFB00562,Immunobinders directed against TNF
TNFCDR00867,IRGDGTT,CDR2,H,7,2,disclosed_binder_claim,,fv_domain_vh,USPTO patent sequences,TNFB00564;TNFB00595,Immunobinders directed against TNF
TNFCDR00868,IRGDGYT,CDR2,H,7,2,disclosed_binder_claim,,fv_domain_vh,USPTO patent sequences,TNFB00517;TNFB00541,Immunobinders directed against TNF
TNFCDR00869,IRSDGFT,CDR2,H,7,3,disclosed_binder_claim,,fv_domain_vh,USPTO patent sequences,TNFB00488;TNFB00518;TNFB00596,Immunobinders directed against TNF
TNFCDR00870,IRSDGST,CDR2,H,7,4,disclosed_binder_claim,,fv_domain_vh,USPTO patent sequences,TNFB00542;TNFB00543;TNFB00597;TNFB00598,Immunobinders directed against TNF
TNFCDR00871,ISADGFT,CDR2,H,7,2,disclosed_binder_claim,,fv_domain_vh,USPTO patent sequences,TNFB00527;TNFB00599,Immunobinders directed against TNF
TNFCDR00872,ISADGST,CDR2,H,7,4,disclosed_binder_claim,,fv_domain_vh,USPTO patent sequences,TNFB00455;TNFB00502;TNFB00506;TNFB00547,Immunobinders directed against TNF
TNFCDR00873,ISADGTT,CDR2,H,7,1,disclosed_binder_claim,,fv_domain_vh,USPTO patent sequences,TNFB00521,Immunobinders directed against TNF
TNFCDR00874,ISADGYT,CDR2,H,7,1,disclosed_binder_claim,,fv_domain_vh,USPTO patent sequences,TNFB00548,Immunobinders directed against TNF
TNFCDR00875,ISDAGST,CDR2,H,7,2,disclosed_binder_claim,,fv_domain_vh,USPTO patent sequences,TNFB00619;TNFB00620,Immunobinders directed against TNF
TNFCDR00876,ISDIGST,CDR2,H,7,1,disclosed_binder_claim,,fv_domain_vh,USPTO patent sequences,TNFB00465,Immunobinders directed against TNF
TNFCDR00877,ISDVGST,CDR2,H,7,1,disclosed_binder_claim,,fv_domain_vh,USPTO patent sequences,TNFB00478,Immunobinders directed against TNF
TNFCDR00878,ISDWGIK,CDR2,H,7,6,disclosed_binder_claim,,fv_domain_vh;igg_chain_heavy,PLAbDab;USPTO patent sequences,TNFB00372;TNFB00680;TNFB00687;TNFB02842;TNFB02843;TNFB02846,Stable and soluble antibodies inhibiting TNF alpha | Stable and soluble antibodies inhibiting TNF-alpha
TNFCDR00879,ISDWSIR,CDR2,H,7,6,disclosed_binder_claim,,fv_domain_vh;igg_chain_heavy,PLAbDab;USPTO patent sequences,TNFB00368;TNFB00681;TNFB00688;TNFB02844;TNFB02845;TNFB02847,Stable and soluble antibodies inhibiting TNF alpha | Stable and soluble antibodies inhibiting TNF-alpha
TNFCDR00880,ISDYAVK,CDR2,H,7,1,disclosed_binder_claim,,fv_domain_vh,PLAbDab;USPTO patent sequences,TNFB00369,TNF-alpha-neutralizing antibodies || TNF-alpha-neutralizing antibodies | TNF.alpha.-neutralizing antibodies
TNFCDR00881,ISDYGNT,CDR2,H,7,1,disclosed_binder_claim,,fv_domain_vh,PLAbDab;USPTO patent sequences,TNFB00638,TNF-alpha-neutralizing antibodies || TNF-alpha-neutralizing antibodies | TNF.alpha.-neutralizing antibodies
TNFCDR00882,ISDYGVR,CDR2,H,7,2,disclosed_binder_claim,,fv_domain_vh,PLAbDab;USPTO patent sequences,TNFB00370;TNFB00371,TNF-alpha-neutralizing antibodies || TNF-alpha-neutralizing antibodies | TNF.alpha.-neutralizing antibodies
TNFCDR00883,ISGDGFT,CDR2,H,7,2,disclosed_binder_claim,,fv_domain_vh,USPTO patent sequences,TNFB00537;TNFB00549,Immunobinders directed against TNF
TNFCDR00884,ISGDGST,CDR2,H,7,2,disclosed_binder_claim,,fv_domain_vh,USPTO patent sequences,TNFB00454;TNFB00526,Immunobinders directed against TNF
TNFCDR00885,ISGDGYT,CDR2,H,7,1,disclosed_binder_claim,,fv_domain_vh,USPTO patent sequences,TNFB00600,Immunobinders directed against TNF
TNFCDR00886,ISGEGST,CDR2,H,7,1,disclosed_binder_claim,,fv_domain_vh,USPTO patent sequences,TNFB00626,Immunobinders directed against TNF
TNFCDR00887,ISHRGTT,CDR2,H,7,1,disclosed_binder_claim,,fv_domain_vh,USPTO patent sequences,TNFB00678,Selection of human TNF.alpha. specific antibodies
TNFCDR00888,ISIGGRT,CDR2,H,7,1,disclosed_binder_claim,,vhh,USPTO patent sequences,TNFB00026,Single domain antibodies directed against tumor necrosis factor-alpha and uses therefor
TNFCDR00889,ISSDGFT,CDR2,H,7,1,disclosed_binder_claim,,fv_domain_vh,USPTO patent sequences,TNFB00519,Immunobinders directed against TNF
TNFCDR00890,ISSDGYT,CDR2,H,7,1,disclosed_binder_claim,,fv_domain_vh,USPTO patent sequences,TNFB00616,Immunobinders directed against TNF
TNFCDR00891,ISSGGNT,CDR2,H,7,1,tested_non_binder,,vhh,Proteinbase,TNFB00169,Proteinbase design tnfalphanano_27951 (mit)
TNFCDR00892,ISSSGSI,CDR2,H,7,1,disclosed_binder_claim,,fv_domain_vh,PLAbDab;USPTO patent sequences,TNFB00338,TNF-alpha-neutralizing antibodies || TNF-alpha-neutralizing antibodies | TNF.alpha.-neutralizing antibodies
TNFCDR00893,ISVGGST,CDR2,H,7,6,disclosed_binder_claim,,fv_domain_vh;igg_chain_heavy,PLAbDab;USPTO patent sequences,TNFB00819;TNFB00820;TNFB00900;TNFB02825;TNFB02826;TNFB02827,Anti-TNF-alpha-antibodies and functional fragments thereof
TNFCDR00894,ISYAGST,CDR2,H,7,1,disclosed_binder_claim,,fv_domain_vh,USPTO patent sequences,TNFB00485,Immunobinders directed against TNF
TNFCDR00895,ISYDGSN,CDR2,H,7,1,disclosed_binder_claim,,vhh_putative,PLAbDab;USPTO patent sequences,TNFB00290,"Bispecific antibodies that neutralize both TNF-alpha and IL-6: novel therapeutic agent for autoimmune disease | Murine, chimeric, humanized or human anti-TNF-alpha antibodies || Characterization of th"
TNFCDR00896,ISYGGLA,CDR2,H,7,2,disclosed_binder_claim,,fv_domain_vh,PLAbDab;USPTO patent sequences,TNFB00315;TNFB01625,Antibodies to TNF alpha and use thereof | Antibodies to TNF-alpha and use thereof
TNFCDR00897,ISYSGRT,CDR2,H,7,1,disclosed_binder_claim,,vhh,USPTO patent sequences,TNFB00014,"Bispecific antibodies that neutralize both TNF-alpha and IL-6: novel therapeutic agent for autoimmune disease | Murine, chimeric, humanized or human anti-TNF-alpha antibodies"
TNFCDR00898,ITDDGRT,CDR2,H,7,1,disclosed_binder_claim,,vhh,USPTO patent sequences,TNFB00020,Nanobodies against tumor necrosis factor-alpha
TNFCDR00899,ITGDGIT,CDR2,H,7,1,disclosed_binder_claim,,fv_domain_vh,USPTO patent sequences,TNFB00507,Immunobinders directed against TNF
TNFCDR00900,ITGDGYT,CDR2,H,7,1,disclosed_binder_claim,,fv_domain_vh,USPTO patent sequences,TNFB00601,Immunobinders directed against TNF
TNFCDR00901,ITIGSRT,CDR2,H,7,1,disclosed_binder_claim,,vhh,USPTO patent sequences,TNFB00012,Nanobodies against tumor necrosis factor-alpha
TNFCDR00902,ITISGDT,CDR2,H,7,1,tested_non_binder,,vhh,Proteinbase,TNFB00043,Proteinbase design tnfalphanano_05191 (mit)
TNFCDR00903,ITNSWTT,CDR2,H,7,1,disclosed_binder_claim,,vhh,USPTO patent sequences,TNFB00017,Single domain antibodies directed against tumor necrosis factor-alpha and uses therefor
TNFCDR00904,ITSGDNL,CDR2,H,7,3,disclosed_binder_claim,,vhh,USPTO patent sequences,TNFB00084;TNFB00249;TNFB00260,Single domain antibodies directed against tumor necrosis factor-alpha and uses therefor
TNFCDR00905,ITTGGSP,CDR2,H,7,21,disclosed_binder_claim,,vhh,USPTO patent sequences,TNFB00035;TNFB00044;TNFB00045;TNFB00054;TNFB00055;TNFB00056;TNFB00057;TNFB00058;TNFB00059;TNFB00060;TNFB00061;TNFB00062,IL-23 and TNF-alpha binding bi-specific heavy chain polypeptides
TNFCDR00906,ITTSGRK,CDR2,H,7,1,disclosed_binder_claim,,fv_domain_vh,PLAbDab;USPTO patent sequences,TNFB00399,TNF-alpha-neutralizing antibodies || TNF-alpha-neutralizing antibodies | TNF.alpha.-neutralizing antibodies
TNFCDR00907,ITVGDST,CDR2,H,7,1,disclosed_binder_claim,,vhh,USPTO patent sequences,TNFB00015,Nanobodies against tumor necrosis factor-alpha
TNFCDR00908,IVRDGAT,CDR2,H,7,1,disclosed_binder_claim,,vhh,USPTO patent sequences,TNFB00156,Single domain antibodies directed against TNF-alpha
TNFCDR00909,IWADGST,CDR2,H,7,37,disclosed_binder_claim,,fv_domain_vh,USPTO patent sequences,TNFB00446;TNFB00449;TNFB00450;TNFB00451;TNFB00469;TNFB00482;TNFB00483;TNFB00490;TNFB00494;TNFB00498;TNFB00499;TNFB00500,Immunobinders directed against TNF
TNFCDR00910,IWADGTT,CDR2,H,7,3,disclosed_binder_claim,,fv_domain_vh,USPTO patent sequences,TNFB00458;TNFB00611;TNFB00621,Immunobinders directed against TNF
TNFCDR00911,IWADGYT,CDR2,H,7,1,disclosed_binder_claim,,fv_domain_vh,USPTO patent sequences,TNFB00612,Immunobinders directed against TNF
TNFCDR00912,IWAGGST,CDR2,H,7,1,disclosed_binder_claim,,fv_domain_vh,USPTO patent sequences,TNFB00459,Immunobinders directed against TNF
TNFCDR00913,IWAHGAT,CDR2,H,7,1,disclosed_binder_claim,,fv_domain_vh,USPTO patent sequences,TNFB00470,Immunobinders directed against TNF
TNFCDR00914,IWASGST,CDR2,H,7,1,disclosed_binder_claim,,fv_domain_vh,USPTO patent sequences,TNFB00484,Immunobinders directed against TNF
TNFCDR00915,IWDDGST,CDR2,H,7,3,disclosed_binder_claim,,fv_domain_vh,USPTO patent sequences,TNFB00466;TNFB00480;TNFB00618,Immunobinders directed against TNF
TNFCDR00916,IWDVGST,CDR2,H,7,1,disclosed_binder_claim,,fv_domain_vh,USPTO patent sequences,TNFB00497,Immunobinders directed against TNF
TNFCDR00917,IWGAGST,CDR2,H,7,1,disclosed_binder_claim,,fv_domain_vh,USPTO patent sequences,TNFB00486,Immunobinders directed against TNF
TNFCDR00918,IWGDGAT,CDR2,H,7,1,disclosed_binder_claim,,fv_domain_vh,USPTO patent sequences,TNFB00453,Immunobinders directed against TNF
TNFCDR00919,IWGDGHT,CDR2,H,7,1,disclosed_binder_claim,,fv_domain_vh,USPTO patent sequences,TNFB00460,Immunobinders directed against TNF
TNFCDR00920,IWGDGNT,CDR2,H,7,1,disclosed_binder_claim,,fv_domain_vh,USPTO patent sequences,TNFB00520,Immunobinders directed against TNF
TNFCDR00921,IWGDGST,CDR2,H,7,25,disclosed_binder_claim,,fv_domain_vh,USPTO patent sequences,TNFB00429;TNFB00430;TNFB00431;TNFB00432;TNFB00448;TNFB00452;TNFB00461;TNFB00464;TNFB00471;TNFB00472;TNFB00473;TNFB00476,TNF-alpha binding proteins
TNFCDR00922,IWGDGTT,CDR2,H,7,3,disclosed_binder_claim,,fv_domain_vh,USPTO patent sequences,TNFB00462;TNFB00468;TNFB00501,Immunobinders directed against TNF
TNFCDR00923,IWGEGST,CDR2,H,7,1,disclosed_binder_claim,,fv_domain_vh,USPTO patent sequences,TNFB00474,Immunobinders directed against TNF
TNFCDR00924,IWGNGAT,CDR2,H,7,1,disclosed_binder_claim,,fv_domain_vh,USPTO patent sequences,TNFB00477,Immunobinders directed against TNF
TNFCDR00925,IWGSGAT,CDR2,H,7,1,disclosed_binder_claim,,fv_domain_vh,USPTO patent sequences,TNFB00475,Immunobinders directed against TNF
TNFCDR00926,IWHDGST,CDR2,H,7,1,disclosed_binder_claim,,fv_domain_vh,USPTO patent sequences,TNFB00479,Immunobinders directed against TNF
TNFCDR00927,IWRDGST,CDR2,H,7,1,disclosed_binder_claim,,fv_domain_vh,USPTO patent sequences,TNFB00456,Immunobinders directed against TNF
TNFCDR00928,IWRGVST,CDR2,H,7,2,disclosed_binder_claim,,fv_domain_vh,PLAbDab;USPTO patent sequences,TNFB00321;TNFB01617,Antibodies to TNF alpha and use thereof | Antibodies to TNF-alpha and use thereof
TNFCDR00929,IWSDGST,CDR2,H,7,4,disclosed_binder_claim,,fv_domain_vh,USPTO patent sequences,TNFB00457;TNFB00463;TNFB00556;TNFB00614,Immunobinders directed against TNF
TNFCDR00930,IWSDGTT,CDR2,H,7,6,disclosed_binder_claim,,fv_domain_vh;igg_chain_heavy,USPTO patent sequences,TNFB01137;TNFB01138;TNFB02884;TNFB02885;TNFB02886;TNFB02893,TNFa-IL-17 bispecific antibodies
TNFCDR00931,IWVDGST,CDR2,H,7,1,disclosed_binder_claim,,fv_domain_vh,USPTO patent sequences,TNFB00492,Immunobinders directed against TNF
TNFCDR00932,IXXXGXT,CDR2,H,7,1,disclosed_binder_claim,,fv_domain_vh,USPTO patent sequences,TNFB00624,Bispecific antibodies directed against TNF-alpha and IL-17 | Immunobinders directed against TNF
TNFCDR00933,IYRGGAT,CDR2,H,7,8,disclosed_binder_claim,,fv_domain_vh,USPTO patent sequences,TNFB00434;TNFB00435;TNFB00436;TNFB00437;TNFB00438;TNFB00439;TNFB00440;TNFB00441,Selection of human TNF.alpha. specific antibodies
TNFCDR00934,IYRGGIT,CDR2,H,7,1,disclosed_binder_claim,,fv_domain_vh,USPTO patent sequences,TNFB00442,Selection of human TNF.alpha. specific antibodies
TNFCDR00935,IYRGGST,CDR2,H,7,1,disclosed_binder_claim,,fv_domain_vh,USPTO patent sequences,TNFB00447,Selection of human TNF.alpha. specific antibodies
TNFCDR00936,IYRGGVT,CDR2,H,7,1,disclosed_binder_claim,,fv_domain_vh,USPTO patent sequences,TNFB00443,Selection of human TNF.alpha. specific antibodies
TNFCDR00937,IYRIGAT,CDR2,H,7,1,disclosed_binder_claim,,fv_domain_vh,USPTO patent sequences,TNFB00444,Selection of human TNF.alpha. specific antibodies
TNFCDR00938,IYRVGAT,CDR2,H,7,1,disclosed_binder_claim,,fv_domain_vh,USPTO patent sequences,TNFB00445,Selection of human TNF.alpha. specific antibodies
TNFCDR00939,IYSAGST,CDR2,H,7,5,disclosed_binder_claim,,fv_domain_vh,USPTO patent sequences,TNFB00410;TNFB00411;TNFB00412;TNFB00413;TNFB00414,Selection of human TNF.alpha. specific antibodies
TNFCDR00940,IYSGGRT,CDR2,H,7,11,disclosed_binder_claim,,fv_domain_vh,USPTO patent sequences,TNFB00416;TNFB00417;TNFB00418;TNFB00419;TNFB00420;TNFB00421;TNFB00422;TNFB00423;TNFB00424;TNFB00425;TNFB00433,Selection of human TNF.alpha. specific antibodies
TNFCDR00941,IYSGGST,CDR2,H,7,5,disclosed_binder_claim,,fv_domain_vh,USPTO patent sequences,TNFB00311;TNFB00312;TNFB00415;TNFB00426;TNFB00427,Selection of human TNF.alpha. specific antibodies
TNFCDR00942,IYTSGST,CDR2,H,7,1,disclosed_binder_claim,,fv_domain_vh,USPTO patent sequences,TNFB00428,Selection of human TNF.alpha. specific antibodies
TNFCDR00943,IYYSGST,CDR2,H,7,1,disclosed_binder_claim,,fv_domain_vh,PLAbDab,TNFB01401,Gene segments encoding variable domains of anti-TNF antibodies in health and multiple sclerosis
TNFCDR00944,MIASGIT,CDR2,H,7,1,disclosed_binder_claim,,fv_domain_vh,USPTO patent sequences,TNFB01361,Antibodies to TNF alpha and use thereof | Antibodies to TNF-alpha and use thereof
TNFCDR00945,VGNGGMT,CDR2,H,7,1,disclosed_binder_claim,,fv_domain_vh,PLAbDab;USPTO patent sequences,TNFB00909,TNF-alpha-neutralizing antibodies || TNF-alpha-neutralizing antibodies | TNF.alpha.-neutralizing antibodies
TNFCDR00946,VLGSGIT,CDR2,H,7,2,disclosed_binder_claim,,fv_domain_vh,USPTO patent sequences,TNFB01362;TNFB01590,Antibodies to TNF alpha and use thereof | Antibodies to TNF-alpha and use thereof
TNFCDR00947,CITVGDST,CDR2,H,8,1,disclosed_binder_claim,,vhh,USPTO patent sequences,TNFB00018,Nanobodies against tumor necrosis factor-alpha
TNFCDR00948,GGGGSGGG,CDR2,H,8,1,disclosed_binder_claim,,fv_domain_vh,PLAbDab,TNFB00641,Cell-type-restricted anti-cytokine therapy: TNF inhibition from one pathogenic source
TNFCDR00949,IDPDSGGT,CDR2,H,8,1,disclosed_binder_claim,,fv_domain_vh,USPTO patent sequences,TNFB01206,Bispecific antibodies directed against TNF-alpha and IL-17
TNFCDR00950,IDPESGGI,CDR2,H,8,1,disclosed_binder_claim,,fv_domain_vh,USPTO patent sequences,TNFB01207,Bispecific antibodies directed against TNF-alpha and IL-17
TNFCDR00951,IDPESGGS,CDR2,H,8,3,disclosed_binder_claim,,fv_domain_vh,USPTO patent sequences,TNFB01180;TNFB01208;TNFB01334,Bispecific antibodies directed against TNF-alpha and IL-17
TNFCDR00952,IDPESGGT,CDR2,H,8,14,disclosed_binder_claim,,fv_domain_vh,USPTO patent sequences,TNFB01181;TNFB01209;TNFB01210;TNFB01211;TNFB01212;TNFB01213;TNFB01227;TNFB01231;TNFB01232;TNFB01235;TNFB01252;TNFB01253,Bispecific antibodies directed against TNF-alpha and IL-17
TNFCDR00953,IDPSNGET,CDR2,H,8,9,disclosed_binder_claim,,fv_domain_vh;igg_chain_heavy,USPTO patent sequences,TNFB00407;TNFB00628;TNFB01637;TNFB02848;TNFB02849;TNFB02850;TNFB02860;TNFB02875;TNFB02892,Methods of binding TNF-alpha using anti-TNF-alpha antibody fragment-polymer conjugates
TNFCDR00954,IDPSNSYT,CDR2,H,8,2,disclosed_binder_claim,,fv_domain_vh;igg_chain_heavy,USPTO patent sequences,TNFB00634;TNFB02879,Method of treating inflammatory bowel disease with a combination therapy of antibodies to IL-23 and TNF alpha
TNFCDR00955,IDSGGGSP,CDR2,H,8,1,disclosed_binder_claim,,fv_domain_vh,USPTO patent sequences,TNFB01624,Nanobodies against tumor necrosis factor-alpha
TNFCDR00956,IDSRREES,CDR2,H,8,4,disclosed_binder_claim,,fv_domain_vh;igg_chain_heavy,PLAbDab;USPTO patent sequences,TNFB01409;TNFB02862;TNFB02864;TNFB02865,Anti-TNF-alpha-antibodies and functional fragments thereof
TNFCDR00957,IDVAGYNT,CDR2,H,8,1,disclosed_binder_claim,,vhh,USPTO patent sequences,TNFB00037,Nanobodies against tumor necrosis factor-alpha
TNFCDR00958,IDVYSGNI,CDR2,H,8,1,disclosed_binder_claim,,fv_domain_vh,PLAbDab;USPTO patent sequences,TNFB01395,TNF-alpha-neutralizing antibodies || TNF-alpha-neutralizing antibodies | TNF.alpha.-neutralizing antibodies
TNFCDR00959,IDWSGGSA,CDR2,H,8,1,disclosed_binder_claim,,vhh,USPTO patent sequences,TNFB00082,Single domain antibodies directed against tumor necrosis factor-alpha and uses therefor
TNFCDR00960,IGHYGDGI,CDR2,H,8,2,disclosed_binder_claim,,fv_domain_vh,PLAbDab,TNFB00389;TNFB01171,Gene segments encoding variable domains of anti-TNF antibodies in health and multiple sclerosis
TNFCDR00961,IGRGSSTI,CDR2,H,8,1,disclosed_binder_claim,,fv_domain_vh,USPTO patent sequences,TNFB00673,"Bispecific antibodies that neutralize both TNF-alpha and IL-6: novel therapeutic agent for autoimmune disease | Murine, chimeric, humanized or human anti-TNF-alpha antibodies"
TNFCDR00962,IGSGPGAT,CDR2,H,8,2,disclosed_binder_claim,,fv_domain_vh,PLAbDab;USPTO patent sequences,TNFB00408;TNFB01639,Anti-TNF alpha antibodies which selectively inhibit TNF alpha signalling through the p55R
TNFCDR00963,IGSGPGTT,CDR2,H,8,2,disclosed_binder_claim,,fv_domain_vh,PLAbDab;USPTO patent sequences,TNFB00409;TNFB01638,Anti-TNF alpha antibodies which selectively inhibit TNF alpha signalling through the p55R
TNFCDR00964,IGSSGITT,CDR2,H,8,1,disclosed_binder_claim,,vhh,USPTO patent sequences,TNFB00158,Single domain antibodies directed against tumor necrosis factor-alpha and uses therefor
TNFCDR00965,IGTASGSA,CDR2,H,8,1,disclosed_binder_claim,,vhh,USPTO patent sequences,TNFB00155,Single domain antibodies directed against TNF-alpha
TNFCDR00966,IGWNSGTT,CDR2,H,8,2,disclosed_binder_claim,,vhh,USPTO patent sequences,TNFB00140;TNFB00253,Single domain antibodies directed against tumor necrosis factor-alpha and uses therefor
TNFCDR00967,IGYDGNSI,CDR2,H,8,1,disclosed_binder_claim,,vhh,USPTO patent sequences,TNFB00041,Nanobodies against tumor necrosis factor-alpha
TNFCDR00968,IGYSGQSI,CDR2,H,8,1,disclosed_binder_claim,,vhh,USPTO patent sequences,TNFB00033,Single domain antibodies directed against tumor necrosis factor-alpha and uses therefor
TNFCDR00969,IGYSGRSI,CDR2,H,8,1,disclosed_binder_claim,,vhh,USPTO patent sequences,TNFB00024,Single domain antibodies directed against tumor necrosis factor-alpha and uses therefor
TNFCDR00970,IHPGDGDT,CDR2,H,8,1,disclosed_binder_claim,,fv_domain_vh,USPTO patent sequences,TNFB00329,DNA molecule encoding TNF binding ligands and vectors and host cells containing the DNA molecule
TNFCDR00971,IHPSDSET,CDR2,H,8,1,disclosed_binder_claim,,fv_domain_vh,USPTO patent sequences,TNFB00388,Methods of binding TNF-alpha using anti-TNF-alpha antibody fragment-polymer conjugates
TNFCDR00972,IIPIFGTA,CDR2,H,8,1,disclosed_binder_claim,,fv_domain_vh,PLAbDab,TNFB01628,Gene segments encoding variable domains of anti-TNF antibodies in health and multiple sclerosis
TNFCDR00973,IIPIIGIA,CDR2,H,8,1,disclosed_binder_claim,,fv_domain_vh,PLAbDab,TNFB01369,Anti Human TNF-alpha antibody genes
TNFCDR00974,IIPILGAP,CDR2,H,8,1,disclosed_binder_claim,,fv_domain_vh,USPTO patent sequences,TNFB00959,Immunobinders directed against TNF
TNFCDR00975,IIPILGPA,CDR2,H,8,1,disclosed_binder_claim,,fv_domain_vh,USPTO patent sequences,TNFB00963,Immunobinders directed against TNF
TNFCDR00976,IIPILGSP,CDR2,H,8,3,disclosed_binder_claim,,fv_domain_vh,USPTO patent sequences,TNFB00952;TNFB01023;TNFB01094,Immunobinders directed against TNF
TNFCDR00977,IIPILGTA,CDR2,H,8,64,disclosed_binder_claim,,fv_domain_vh,USPTO patent sequences,TNFB00943;TNFB00944;TNFB00962;TNFB00964;TNFB00965;TNFB00966;TNFB00967;TNFB00968;TNFB00969;TNFB00970;TNFB00971;TNFB00972,Immunobinders directed against TNF
TNFCDR00978,IIPILGTP,CDR2,H,8,4,disclosed_binder_claim,,fv_domain_vh,USPTO patent sequences,TNFB00948;TNFB01024;TNFB01025;TNFB01026,Immunobinders directed against TNF
TNFCDR00979,IIPILRFP,CDR2,H,8,1,disclosed_binder_claim,,fv_domain_vh,USPTO patent sequences,TNFB01027,Immunobinders directed against TNF
TNFCDR00980,IIPILRNP,CDR2,H,8,1,disclosed_binder_claim,,fv_domain_vh,USPTO patent sequences,TNFB00960,Immunobinders directed against TNF
TNFCDR00981,IIPVFETP,CDR2,H,8,1,disclosed_binder_claim,,fv_domain_vh,PLAbDab,TNFB01128,Gene segments encoding variable domains of anti-TNF antibodies in health and multiple sclerosis
TNFCDR00982,IIWTGGYT,CDR2,H,8,1,disclosed_binder_claim,,vhh,USPTO patent sequences,TNFB00176,IL-23 and TNF-alpha binding bi-specific heavy chain polypeptides
TNFCDR00983,IKQDGSEK,CDR2,H,8,1,disclosed_binder_claim,,fv_domain_vh,USPTO patent sequences,TNFB00332,Nanobodies against tumor necrosis factor-alpha
TNFCDR00984,IKTDGSER,CDR2,H,8,1,disclosed_binder_claim,,fv_domain_vh,PLAbDab,TNFB00326,Gene segments encoding variable domains of anti-TNF antibodies in health and multiple sclerosis
TNFCDR00985,IKWNGNNT,CDR2,H,8,1,disclosed_binder_claim,,vhh,USPTO patent sequences,TNFB00223,Nanobodies against tumor necrosis factor-alpha
TNFCDR00986,IKWSGGSR,CDR2,H,8,1,disclosed_binder_claim,,vhh,USPTO patent sequences,TNFB00142,Single domain antibodies directed against tumor necrosis factor-alpha and uses therefor
TNFCDR00987,IKWSGTST,CDR2,H,8,1,disclosed_binder_claim,,vhh,USPTO patent sequences,TNFB00208,Single domain antibodies directed against tumor necrosis factor-alpha and uses therefor
TNFCDR00988,ILPILDTA,CDR2,H,8,1,disclosed_binder_claim,,fv_domain_vh,USPTO patent sequences,TNFB01112,Immunobinders directed against TNF
TNFCDR00989,ILPILGSP,CDR2,H,8,1,disclosed_binder_claim,,fv_domain_vh,USPTO patent sequences,TNFB00953,Immunobinders directed against TNF
TNFCDR00990,ILPILGTA,CDR2,H,8,1,disclosed_binder_claim,,fv_domain_vh,USPTO patent sequences,TNFB00958,Immunobinders directed against TNF
TNFCDR00991,ILWTGASR,CDR2,H,8,1,disclosed_binder_claim,,vhh,USPTO patent sequences,TNFB00162,Single domain antibodies directed against tumor necrosis factor-alpha and uses therefor
TNFCDR00992,IMPILGAP,CDR2,H,8,3,disclosed_binder_claim,,fv_domain_vh,USPTO patent sequences,TNFB00954;TNFB00961;TNFB01095,Immunobinders directed against TNF
TNFCDR00993,IMPILGIP,CDR2,H,8,2,disclosed_binder_claim,,fv_domain_vh,USPTO patent sequences,TNFB01028;TNFB01096,Immunobinders directed against TNF
TNFCDR00994,IMPILGSA,CDR2,H,8,4,disclosed_binder_claim,,fv_domain_vh,USPTO patent sequences,TNFB01029;TNFB01030;TNFB01089;TNFB01097,Immunobinders directed against TNF
TNFCDR00995,IMPILGSP,CDR2,H,8,4,disclosed_binder_claim,,fv_domain_vh,USPTO patent sequences,TNFB00951;TNFB01098;TNFB01099;TNFB01105,Immunobinders directed against TNF
TNFCDR00996,IMPILGTA,CDR2,H,8,8,disclosed_binder_claim,,fv_domain_vh,USPTO patent sequences,TNFB00949;TNFB01031;TNFB01032;TNFB01090;TNFB01100;TNFB01101;TNFB01106;TNFB01109,Immunobinders directed against TNF
TNFCDR00997,IMPILGTP,CDR2,H,8,6,disclosed_binder_claim,,fv_domain_vh,USPTO patent sequences,TNFB01033;TNFB01102;TNFB01103;TNFB01104;TNFB01107;TNFB01110,Immunobinders directed against TNF
TNFCDR00998,INAGNGDT,CDR2,H,8,1,disclosed_binder_claim,,fv_domain_vh,PLAbDab,TNFB00342,Gene segments encoding variable domains of anti-TNF antibodies in health and multiple sclerosis
TNFCDR00999,INGRGDDT,CDR2,H,8,1,disclosed_binder_claim,,vhh_putative,USPTO patent sequences,TNFB00300,Nanobodies against tumor necrosis factor-alpha
TNFCDR01000,INHDESEK,CDR2,H,8,1,disclosed_binder_claim,,fv_domain_vh,USPTO patent sequences,TNFB01612,Bispecific antibodies directed against TNF-alpha and IL-17 | Immunobinders directed against TNF
TNFCDR01001,INNNGDST,CDR2,H,8,2,disclosed_binder_claim,,vhh_putative,USPTO patent sequences,TNFB00306;TNFB00307,Methods of binding TNF-alpha using anti-TNF-alpha antibody fragment-polymer conjugates
TNFCDR01002,INNRNDHI,CDR2,H,8,1,disclosed_binder_claim,,fv_domain_vh,USPTO patent sequences,TNFB00403,Single domain antibodies directed against tumor necrosis factor-alpha and uses therefor
TNFCDR01003,INPDSGDT,CDR2,H,8,2,disclosed_binder_claim,,fv_domain_vh,PLAbDab;USPTO patent sequences,TNFB00646;TNFB01600,Stable and soluble antibodies inhibiting TNF alpha || Stable and soluble antibodies inhibiting TNF alpha | Stable and soluble antibodies inhibiting TNF-alpha
TNFCDR01004,INPGTGGT,CDR2,H,8,3,disclosed_binder_claim,,fv_domain_vh,PLAbDab;USPTO patent sequences,TNFB00642;TNFB00701;TNFB00903,Bi-specific affinity reagents for cell-lineage-specific TNF-alpha neutralization
TNFCDR01005,INPNSGGT,CDR2,H,8,2,disclosed_binder_claim,,fv_domain_vh,PLAbDab;USPTO patent sequences,TNFB00319;TNFB01377,Gene segments encoding variable domains of anti-TNF antibodies in health and multiple sclerosis
TNFCDR01006,INPNSRGT,CDR2,H,8,1,disclosed_binder_claim,,fv_domain_vh,PLAbDab,TNFB00387,Gene segments encoding variable domains of anti-TNF antibodies in health and multiple sclerosis
TNFCDR01007,INPSGGST,CDR2,H,8,1,disclosed_binder_claim,,fv_domain_vh,PLAbDab,TNFB00327,Gene segments encoding variable domains of anti-TNF antibodies in health and multiple sclerosis
TNFCDR01008,INPSSAYA,CDR2,H,8,6,disclosed_binder_claim,,fv_domain_vh;igg_chain_heavy,PLAbDab;USPTO patent sequences,TNFB00706;TNFB00806;TNFB00807;TNFB00808;TNFB02792;TNFB02793,Antibody molecules which bind TNF alpha
TNFCDR01009,INPTYGTT,CDR2,H,8,1,disclosed_binder_claim,,fv_domain_vh,PLAbDab,TNFB00910,Anti-TNF-anti-IL-17 bispecific antibodies
TNFCDR01010,INPYNDGV,CDR2,H,8,1,disclosed_binder_claim,,fv_domain_vh,USPTO patent sequences,TNFB00383,Anti-TNF-/anti-IL-23 bispecific antibodies
TNFCDR01011,INRDGSEK,CDR2,H,8,1,disclosed_binder_claim,,fv_domain_vh,PLAbDab,TNFB00377,Gene segments encoding variable domains of anti-TNF antibodies in health and multiple sclerosis
TNFCDR01012,INRGGVTR,CDR2,H,8,1,disclosed_binder_claim,,vhh,USPTO patent sequences,TNFB00167,Single domain antibodies directed against tumor necrosis factor-alpha and uses therefor
TNFCDR01013,INRNGGTT,CDR2,H,8,1,disclosed_binder_claim,,vhh,USPTO patent sequences,TNFB00123,Single domain antibodies directed against tumor necrosis factor-alpha and uses therefor
TNFCDR01014,INRSGGAT,CDR2,H,8,1,disclosed_binder_claim,,vhh,USPTO patent sequences,TNFB00161,Single domain antibodies directed against tumor necrosis factor-alpha and uses therefor
TNFCDR01015,INSDGSST,CDR2,H,8,7,disclosed_binder_claim,,fv_domain_vh;vhh;vhh_putative,USPTO patent sequences,TNFB00019;TNFB00294;TNFB00295;TNFB00296;TNFB00297;TNFB00302;TNFB00331,Nanobodies against tumor necrosis factor-alpha
TNFCDR01016,INSGSGSS,CDR2,H,8,1,disclosed_binder_claim,,fv_domain_vh,PLAbDab;USPTO patent sequences,TNFB01597,TNF-alpha-neutralizing antibodies || TNF-alpha-neutralizing antibodies | TNF.alpha.-neutralizing antibodies
TNFCDR01017,INSGSGYT,CDR2,H,8,1,disclosed_binder_claim,,fv_domain_vh,PLAbDab;USPTO patent sequences,TNFB00911,TNF-alpha-neutralizing antibodies || TNF-alpha-neutralizing antibodies | TNF.alpha.-neutralizing antibodies
TNFCDR01018,INSRTGSI,CDR2,H,8,1,disclosed_binder_claim,,fv_domain_vh,USPTO patent sequences,TNFB00402,Single domain antibodies directed against tumor necrosis factor-alpha and uses therefor
TNFCDR01019,INTDGSST,CDR2,H,8,1,disclosed_binder_claim,,fv_domain_vh,PLAbDab,TNFB00325,Gene segments encoding variable domains of anti-TNF antibodies in health and multiple sclerosis
TNFCDR01020,INTGSGST,CDR2,H,8,6,disclosed_binder_claim,,fv_domain_vh;igg_chain_heavy,USPTO patent sequences,TNFB01610;TNFB01611;TNFB01613;TNFB02869;TNFB02870;TNFB02871,Anti-TNF-alpha-antibodies and functional fragments thereof
TNFCDR01021,INTGVGNG,CDR2,H,8,1,disclosed_binder_claim,,fv_domain_vh,PLAbDab;USPTO patent sequences,TNFB01603,TNF-alpha-neutralizing antibodies || TNF-alpha-neutralizing antibodies | TNF.alpha.-neutralizing antibodies
TNFCDR01022,INTNGLIT,CDR2,H,8,26,confirmed_binder,Ozoralizumab (TNF30 VHH domain) [PDB 8Z8M_2] ; Ozoralizumab [PDB 21TV_1] ; Ozoralizumab-related nanobody construct [PDB 21TW_1],fv_domain_vh;vhh,RCSB PDB;USPTO patent sequences,TNFB00273;TNFB00351;TNFB00352;TNFB00355;TNFB00356;TNFB00357;TNFB00358;TNFB00359;TNFB00373;TNFB00374;TNFB00376;TNFB00378,IL-23 and TNF-alpha binding bi-specific heavy chain polypeptides
TNFCDR01023,INTNTGEP,CDR2,H,8,4,disclosed_binder_claim,,fv_domain_vh,USPTO patent sequences,TNFB00665;TNFB00666;TNFB00667;TNFB00671,Humanized antibody specific for tumor necrosis factor-alpha
TNFCDR01024,INTYIGEP,CDR2,H,8,6,confirmed_binder,Certolizumab (Fab) [Thera-SAbDab via PLAbDab Certolizumab] ; Certolizumab pegol [PDB 5WUX_1],fab;fv_domain_vh;igg_chain_heavy;vhh_putative,PLAbDab;RCSB PDB;USPTO patent sequences,TNFB00007;TNFB00303;TNFB00683;TNFB00702;TNFB02686;TNFB02761,Anti-TNF alpha monoclonal secretory IgA antibodies and methods for treating inflammatory diseases || Anti-TNF alpha monoclonal secretory IgA antibodies and methods for treating inflammatory diseases |
TNFCDR01025,INTYNGEP,CDR2,H,8,1,disclosed_binder_claim,,fv_domain_vh,USPTO patent sequences,TNFB01479,Immunobinders directed against TNF
TNFCDR01026,INTYNGKP,CDR2,H,8,2,disclosed_binder_claim,,fv_domain_vh,USPTO patent sequences,TNFB01420;TNFB01510,Immunobinders directed against TNF
TNFCDR01027,INTYNGQP,CDR2,H,8,1,disclosed_binder_claim,,fv_domain_vh,USPTO patent sequences,TNFB01490,Immunobinders directed against TNF
TNFCDR01028,INTYSGKP,CDR2,H,8,4,disclosed_binder_claim,,fv_domain_vh;igg_chain_heavy,USPTO patent sequences,TNFB01431;TNFB01491;TNFB02853;TNFB02854,Bispecific antibodies directed against TNF-alpha and IL-17 | Immunobinders directed against TNF
TNFCDR01029,INTYSGVP,CDR2,H,8,2,disclosed_binder_claim,,fv_domain_vh,USPTO patent sequences,TNFB01416;TNFB01464,Immunobinders directed against TNF
TNFCDR01030,INTYTGAP,CDR2,H,8,1,disclosed_binder_claim,,fv_domain_vh,USPTO patent sequences,TNFB01419,Immunobinders directed against TNF
TNFCDR01031,INTYTGDP,CDR2,H,8,1,disclosed_binder_claim,,fv_domain_vh,USPTO patent sequences,TNFB01585,Immunobinders directed against TNF
TNFCDR01032,INTYTGEP,CDR2,H,8,151,disclosed_binder_claim,,fv_domain_vh,PLAbDab;USPTO patent sequences,TNFB00397;TNFB00636;TNFB00643;TNFB00644;TNFB00645;TNFB00647;TNFB00648;TNFB00649;TNFB00650;TNFB00651;TNFB00652;TNFB00653,Stable and soluble antibodies inhibiting TNF alpha | Stable and soluble antibodies inhibiting TNF-alpha
TNFCDR01033,INTYTGES,CDR2,H,8,1,disclosed_binder_claim,,fv_domain_vh,USPTO patent sequences,TNFB01478,Immunobinders directed against TNF
TNFCDR01034,INTYTGIP,CDR2,H,8,1,disclosed_binder_claim,,fv_domain_vh,USPTO patent sequences,TNFB01441,Immunobinders directed against TNF
TNFCDR01035,INTYTGKP,CDR2,H,8,44,disclosed_binder_claim,,fv_domain_vh,USPTO patent sequences,TNFB01410;TNFB01412;TNFB01414;TNFB01415;TNFB01417;TNFB01422;TNFB01423;TNFB01425;TNFB01427;TNFB01428;TNFB01429;TNFB01433,Immunobinders directed against TNF
TNFCDR01036,INTYTGKT,CDR2,H,8,1,disclosed_binder_claim,,fv_domain_vh,USPTO patent sequences,TNFB01499,Immunobinders directed against TNF
TNFCDR01037,INTYTGLP,CDR2,H,8,2,disclosed_binder_claim,,fv_domain_vh,USPTO patent sequences,TNFB01454;TNFB01468,Immunobinders directed against TNF
TNFCDR01038,INTYTGNP,CDR2,H,8,1,disclosed_binder_claim,,fv_domain_vh,USPTO patent sequences,TNFB01500,Immunobinders directed against TNF
TNFCDR01039,INTYTGQP,CDR2,H,8,7,disclosed_binder_claim,,fv_domain_vh,USPTO patent sequences,TNFB01426;TNFB01457;TNFB01469;TNFB01470;TNFB01485;TNFB01501;TNFB01584,Immunobinders directed against TNF
TNFCDR01040,INTYTGRP,CDR2,H,8,3,disclosed_binder_claim,,fv_domain_vh,USPTO patent sequences,TNFB01430;TNFB01460;TNFB01471,Immunobinders directed against TNF
TNFCDR01041,INTYTGVP,CDR2,H,8,13,disclosed_binder_claim,,fv_domain_vh,USPTO patent sequences,TNFB01418;TNFB01421;TNFB01436;TNFB01446;TNFB01447;TNFB01448;TNFB01453;TNFB01461;TNFB01472;TNFB01502;TNFB01503;TNFB01504,Immunobinders directed against TNF
TNFCDR01042,INTYXGKP,CDR2,H,8,1,disclosed_binder_claim,,fv_domain_vh,USPTO patent sequences,TNFB01509,Immunobinders directed against TNF
TNFCDR01043,INTYXGXP,CDR2,H,8,1,disclosed_binder_claim,,fv_domain_vh,USPTO patent sequences,TNFB01589,Bispecific antibodies directed against TNF-alpha and IL-17 | Immunobinders directed against TNF
TNFCDR01044,INWAGSRG,CDR2,H,8,1,disclosed_binder_claim,,vhh,USPTO patent sequences,TNFB00172,Polypeptides comprising immunoglobulin single variable domains targeting IL-6 and TNF-alpha
TNFCDR01045,INYDGANT,CDR2,H,8,3,confirmed_binder,Fab1974 (conformation-selective anti-TNF mAb) [PDB 7KPB_4],fab;fv_domain_vh;igg_chain_heavy,PLAbDab;RCSB PDB;USPTO patent sequences,TNFB00006;TNFB01136;TNFB02878,A conformation-selective monoclonal antibody against a small molecule-stabilised signalling-deficient form of TNF || Antibodies binding to trimeric TNF alpha epitopes || Antibodies binding to trimeric
TNFCDR01046,IQWSGGDA,CDR2,H,8,2,disclosed_binder_claim,,vhh,USPTO patent sequences,TNFB00103;TNFB00157,Nanobodies against tumor necrosis factor-alpha
TNFCDR01047,IRYDGSNK,CDR2,H,8,1,disclosed_binder_claim,,fv_domain_vh,PLAbDab;USPTO patent sequences,TNFB00382,High concentration anti-TNF-alpha antibody liquid formulations || Monoclonal antibodies to human proinflammatory cytokines and methods for treating inflammatory diseases
TNFCDR01048,ISADGSDK,CDR2,H,8,1,disclosed_binder_claim,,fv_domain_vh,USPTO patent sequences,TNFB00348,Single domain antibodies directed against tumor necrosis factor-alpha and uses therefor
TNFCDR01049,ISADSSDK,CDR2,H,8,1,disclosed_binder_claim,,fv_domain_vh,USPTO patent sequences,TNFB00347,Nanobodies against tumor necrosis factor-alpha
TNFCDR01050,ISADSSTK,CDR2,H,8,1,disclosed_binder_claim,,vhh_putative,USPTO patent sequences,TNFB00289,Nanobodies against tumor necrosis factor-alpha
TNFCDR01051,ISAYNGNT,CDR2,H,8,1,disclosed_binder_claim,,fv_domain_vh,PLAbDab,TNFB01376,Gene segments encoding variable domains of anti-TNF antibodies in health and multiple sclerosis
TNFCDR01052,ISGDGGVT,CDR2,H,8,1,tested_non_binder,,vhh,Proteinbase,TNFB00133,Proteinbase design tnfalphanano_11970 (mit)
TNFCDR01053,ISGDGSNT,CDR2,H,8,1,tested_non_binder,,vhh,Proteinbase,TNFB00154,Proteinbase design tnfalphanano_11114 (mit)
TNFCDR01054,ISGGGGST,CDR2,H,8,1,disclosed_binder_claim,,fv_domain_vh,PLAbDab,TNFB01400,Anti Human TNF-alpha antibody genes
TNFCDR01055,ISGIDGTT,CDR2,H,8,51,disclosed_binder_claim,,vhh,USPTO patent sequences,TNFB00034;TNFB00036;TNFB00042;TNFB00046;TNFB00047;TNFB00048;TNFB00049;TNFB00050;TNFB00051;TNFB00052;TNFB00053;TNFB00072,TNF binders
TNFCDR01056,ISGSDGRA,CDR2,H,8,1,disclosed_binder_claim,,fv_domain_vh,PLAbDab,TNFB00699,Gene segments encoding variable domains of anti-TNF antibodies in health and multiple sclerosis
TNFCDR01057,ISGSDGST,CDR2,H,8,1,disclosed_binder_claim,,vhh,USPTO patent sequences,TNFB00040,Nanobodies against tumor necrosis factor-alpha
TNFCDR01058,ISGSGAIT,CDR2,H,8,1,disclosed_binder_claim,,vhh,USPTO patent sequences,TNFB00141,Single domain antibodies directed against tumor necrosis factor-alpha and uses therefor
TNFCDR01059,ISGSGDST,CDR2,H,8,1,disclosed_binder_claim,,vhh,USPTO patent sequences,TNFB00039,Nanobodies against tumor necrosis factor-alpha
TNFCDR01060,ISGSGGST,CDR2,H,8,9,disclosed_binder_claim,,fv_domain_vh;igg_chain_heavy,PLAbDab;USPTO patent sequences,TNFB00313;TNFB00406;TNFB00684;TNFB00685;TNFB00690;TNFB01141;TNFB01391;TNFB01626;TNFB02910,Single domain antibodies directed against tumor necrosis factor-alpha and uses therefor
TNFCDR01061,ISGSGIGT,CDR2,H,8,1,disclosed_binder_claim,,fv_domain_vh,USPTO patent sequences,TNFB00674,Selection of human TNF.alpha. specific antibodies
TNFCDR01062,ISGSGSDT,CDR2,H,8,22,disclosed_binder_claim,,fv_domain_vh;vhh_putative,USPTO patent sequences,TNFB00291;TNFB00292;TNFB00293;TNFB00353;TNFB00354;TNFB00360;TNFB00361;TNFB00362;TNFB00363;TNFB00364;TNFB00365;TNFB00366,Nanobodies against tumor necrosis factor-alpha
TNFCDR01063,ISGSGSNT,CDR2,H,8,1,disclosed_binder_claim,,vhh_putative,USPTO patent sequences,TNFB00299,Single domain antibodies directed against tumor necrosis factor-alpha and uses therefor
TNFCDR01064,ISGSVGTT,CDR2,H,8,1,disclosed_binder_claim,,vhh,USPTO patent sequences,TNFB00210,Polypeptides comprising immunoglobulin single variable domains targeting IL-6 and TNF-alpha
TNFCDR01065,ISGTGAGT,CDR2,H,8,1,disclosed_binder_claim,,fv_domain_vh,PLAbDab,TNFB00350,Gene segments encoding variable domains of anti-TNF antibodies in health and multiple sclerosis
TNFCDR01066,ISNSDGST,CDR2,H,8,1,disclosed_binder_claim,,vhh,USPTO patent sequences,TNFB00207,Single domain antibodies directed against tumor necrosis factor-alpha and uses therefor
TNFCDR01067,ISPGNGNT,CDR2,H,8,1,disclosed_binder_claim,,vhh_putative,USPTO patent sequences,TNFB00298,Bispecific antibodies directed against TNF-alpha and IL-17 | Immunobinders directed against TNF
TNFCDR01068,ISPGSTYT,CDR2,H,8,1,disclosed_binder_claim,,fv_domain_vh,PLAbDab,TNFB01386,Gene segments encoding variable domains of anti-TNF antibodies in health and multiple sclerosis
TNFCDR01069,ISPSGGST,CDR2,H,8,1,disclosed_binder_claim,,fv_domain_vh,USPTO patent sequences,TNFB00682,Selection of human TNF.alpha. specific antibodies
TNFCDR01070,ISQGGTAI,CDR2,H,8,1,disclosed_binder_claim,,vhh,USPTO patent sequences,TNFB00211,Polypeptides comprising immunoglobulin single variable domains targeting TNFA and IL-23
TNFCDR01071,ISRGGNTI,CDR2,H,8,1,disclosed_binder_claim,,fv_domain_vh,USPTO patent sequences,TNFB01129,"Bispecific antibodies that neutralize both TNF-alpha and IL-6: novel therapeutic agent for autoimmune disease | Murine, chimeric, humanized or human anti-TNF-alpha antibodies"
TNFCDR01072,ISSDGSNE,CDR2,H,8,1,disclosed_binder_claim,,fv_domain_vh,PLAbDab,TNFB01618,Gene segments encoding variable domains of anti-TNF antibodies in health and multiple sclerosis
TNFCDR01073,ISSDGSST,CDR2,H,8,1,tested_non_binder,,vhh,Proteinbase,TNFB00251,Proteinbase design tnfalphanano_01349 (mit)
TNFCDR01074,ISSDGSTT,CDR2,H,8,1,tested_non_binder,,vhh,Proteinbase,TNFB00126,Proteinbase design tnfalphanano_13025 (mit)
TNFCDR01075,ISSDGSYT,CDR2,H,8,1,tested_non_binder,,vhh,Proteinbase,TNFB00252,Proteinbase design tnfalphanano_04026 (mit)
TNFCDR01076,ISSDSGTK,CDR2,H,8,1,disclosed_binder_claim,,fv_domain_vh,USPTO patent sequences,TNFB00349,Single domain antibodies directed against tumor necrosis factor-alpha and uses therefor
TNFCDR01077,ISSGSGHK,CDR2,H,8,1,disclosed_binder_claim,,fv_domain_vh,PLAbDab,TNFB01609,Gene segments encoding variable domains of anti-TNF antibodies in health and multiple sclerosis
TNFCDR01078,ISSLGDST,CDR2,H,8,1,disclosed_binder_claim,,fv_domain_vh,USPTO patent sequences,TNFB00375,Single domain antibodies directed against tumor necrosis factor-alpha and uses therefor
TNFCDR01079,ISSNGGST,CDR2,H,8,2,disclosed_binder_claim,,fv_domain_vh,USPTO patent sequences,TNFB00318;TNFB00686,Selection of human TNF.alpha. specific antibodies
TNFCDR01080,ISSNSASI,CDR2,H,8,1,disclosed_binder_claim,,fv_domain_vh,USPTO patent sequences,TNFB00337,Bispecific antibodies directed against TNF-alpha and IL-17 | Immunobinders directed against TNF
TNFCDR01081,ISSSASYI,CDR2,H,8,1,disclosed_binder_claim,,fv_domain_vh,PLAbDab,TNFB00809,Gene segments encoding variable domains of anti-TNF antibodies in health and multiple sclerosis
TNFCDR01082,ISSSDGST,CDR2,H,8,1,disclosed_binder_claim,,vhh,USPTO patent sequences,TNFB00177,Single domain antibodies directed against tumor necrosis factor-alpha and uses therefor
TNFCDR01083,ISSSEGDT,CDR2,H,8,1,disclosed_binder_claim,,vhh,USPTO patent sequences,TNFB00180,Polypeptides comprising immunoglobulin single variable domains targeting IL-6 and TNF-alpha
TNFCDR01084,ISSSGDSI,CDR2,H,8,1,disclosed_binder_claim,,fv_domain_vh,PLAbDab,TNFB01402,Gene segments encoding variable domains of anti-TNF antibodies in health and multiple sclerosis
TNFCDR01085,ISSSGSTI,CDR2,H,8,4,disclosed_binder_claim,,fv_domain_vh,PLAbDab,TNFB00320;TNFB00405;TNFB00917;TNFB01632,Gene segments encoding variable domains of anti-TNF antibodies in health and multiple sclerosis
TNFCDR01086,ISSSSSTI,CDR2,H,8,4,disclosed_binder_claim,,fv_domain_vh,PLAbDab;USPTO patent sequences,TNFB00330;TNFB01387;TNFB01602;TNFB01633,Nanobodies against tumor necrosis factor-alpha
TNFCDR01087,ISSSSSYT,CDR2,H,8,1,disclosed_binder_claim,,fv_domain_vh,PLAbDab,TNFB00334,Gene segments encoding variable domains of anti-TNF antibodies in health and multiple sclerosis
TNFCDR01088,ISSSSTFT,CDR2,H,8,1,disclosed_binder_claim,,fv_domain_vh,PLAbDab,TNFB00635,Gene segments encoding variable domains of anti-TNF antibodies in health and multiple sclerosis
TNFCDR01089,ISSSTSYI,CDR2,H,8,1,disclosed_binder_claim,,fv_domain_vh,USPTO patent sequences,TNFB00336,Antibody molecules which bind TNF alpha
TNFCDR01090,ISSTGAST,CDR2,H,8,2,disclosed_binder_claim,,fv_domain_vh;igg_chain_heavy,PLAbDab;USPTO patent sequences,TNFB00386;TNFB02911,Isolation of anti-TNF alpha scFv antibody from phage antibody library
TNFCDR01091,ISTGGLIT,CDR2,H,8,9,disclosed_binder_claim,,vhh,USPTO patent sequences,TNFB00195;TNFB00196;TNFB00199;TNFB00200;TNFB00201;TNFB00202;TNFB00204;TNFB00205;TNFB00206,Single domain antibodies directed against TNF-alpha
TNFCDR01092,ISTTSGYI,CDR2,H,8,1,disclosed_binder_claim,,fv_domain_vh,PLAbDab,TNFB01408,Gene segments encoding variable domains of anti-TNF antibodies in health and multiple sclerosis
TNFCDR01093,ISWGGGFT,CDR2,H,8,1,disclosed_binder_claim,,vhh,USPTO patent sequences,TNFB00213,Single domain antibodies directed against tumor necrosis factor-alpha and uses therefor
TNFCDR01094,ISWGGGSI,CDR2,H,8,1,disclosed_binder_claim,,vhh,USPTO patent sequences,TNFB00027,Nanobodies against tumor necrosis factor-alpha
TNFCDR01095,ISWNGEHT,CDR2,H,8,1,disclosed_binder_claim,,vhh,USPTO patent sequences,TNFB00160,Single domain antibodies directed against tumor necrosis factor-alpha and uses therefor
TNFCDR01096,ISWNGGSI,CDR2,H,8,3,disclosed_binder_claim,,vhh,USPTO patent sequences,TNFB00188;TNFB00189;TNFB00190,Single domain antibodies directed against tumor necrosis factor-alpha and uses therefor
TNFCDR01097,ISWNGGSS,CDR2,H,8,1,disclosed_binder_claim,,vhh,USPTO patent sequences,TNFB00165,Nanobodies against tumor necrosis factor-alpha
TNFCDR01098,ISWNGGST,CDR2,H,8,2,disclosed_binder_claim,,vhh,USPTO patent sequences,TNFB00182;TNFB00187,Single domain antibodies directed against tumor necrosis factor-alpha and uses therefor
TNFCDR01099,ISWNGGTI,CDR2,H,8,1,disclosed_binder_claim,,fv_domain_vh,PLAbDab,TNFB01403,Gene segments encoding variable domains of anti-TNF antibodies in health and multiple sclerosis
TNFCDR01100,ISWRGDNT,CDR2,H,8,1,disclosed_binder_claim,,vhh,USPTO patent sequences,TNFB00143,Nanobodies against tumor necrosis factor-alpha
TNFCDR01101,ISWRGYNI,CDR2,H,8,12,confirmed_binder,,vhh,RCSB PDB;USPTO patent sequences,TNFB00087;TNFB00122;TNFB00127;TNFB00128;TNFB00129;TNFB00130;TNFB00131;TNFB00263;TNFB00271;TNFB00274;TNFB00275;TNFB00278,Nanobodies against tumor necrosis factor-alpha
TNFCDR01102,ISWSGDTT,CDR2,H,8,1,disclosed_binder_claim,,vhh,USPTO patent sequences,TNFB00197,Nanobodies against tumor necrosis factor-alpha
TNFCDR01103,ISWSGGSA,CDR2,H,8,1,disclosed_binder_claim,,vhh,USPTO patent sequences,TNFB00083,Single domain antibodies directed against tumor necrosis factor-alpha and uses therefor
TNFCDR01104,ISWSGGTT,CDR2,H,8,2,disclosed_binder_claim,,vhh,USPTO patent sequences,TNFB00168;TNFB00173,Single domain antibodies directed against tumor necrosis factor-alpha and uses therefor
TNFCDR01105,ISWSGTIT,CDR2,H,8,1,disclosed_binder_claim,,vhh,USPTO patent sequences,TNFB00198,Nanobodies against tumor necrosis factor-alpha
TNFCDR01106,ISYAGGRT,CDR2,H,8,2,disclosed_binder_claim,,vhh,USPTO patent sequences,TNFB00150;TNFB00286,Polypeptides comprising immunoglobulin single variable domains targeting IL-6 and TNF-alpha
TNFCDR01107,ISYDARVK,CDR2,H,8,1,disclosed_binder_claim,,fv_domain_vh,USPTO patent sequences,TNFB00676,Selection of human TNF.alpha. specific antibodies
TNFCDR01108,ISYDGNNK,CDR2,H,8,2,disclosed_binder_claim,,fv_domain_vh,USPTO patent sequences,TNFB00693;TNFB01368,Selection of human TNF.alpha. specific antibodies
TNFCDR01109,ISYDGNSK,CDR2,H,8,1,disclosed_binder_claim,,fv_domain_vh,USPTO patent sequences,TNFB01370,Anti-TNF-alpha/CXCL10 double-targeting antibody and use thereof
TNFCDR01110,ISYDGSDK,CDR2,H,8,1,disclosed_binder_claim,,fv_domain_vh,PLAbDab,TNFB00924,Gene segments encoding variable domains of anti-TNF antibodies in health and multiple sclerosis
TNFCDR01111,ISYDGSKK,CDR2,H,8,1,disclosed_binder_claim,,fv_domain_vh,USPTO patent sequences,TNFB00689,Selection of human TNF.alpha. specific antibodies
TNFCDR01112,ISYDGSNK,CDR2,H,8,3,disclosed_binder_claim,,fv_domain_vh,PLAbDab;USPTO patent sequences,TNFB00661;TNFB00694;TNFB00700,Selection of human TNF.alpha. specific antibodies
TNFCDR01113,ISYDGSNT,CDR2,H,8,1,tested_non_binder,,vhh,Proteinbase,TNFB00101,Proteinbase design tnfalphanano_24816 (mit)
TNFCDR01114,ISYDGSSE,CDR2,H,8,1,disclosed_binder_claim,,fv_domain_vh,USPTO patent sequences,TNFB00703,Anti-TNF-alpha/CXCL10 double-targeting antibody and use thereof
TNFCDR01115,ISYDGSYT,CDR2,H,8,2,tested_non_binder,,vhh,Proteinbase,TNFB00099;TNFB00132,Proteinbase design tnfalphanano_13443 (mit)
TNFCDR01116,ISYNGSST,CDR2,H,8,1,tested_non_binder,,vhh,Proteinbase,TNFB00102,Proteinbase design tnfalphanano_16223 (mit)
TNFCDR01117,ISYSGSDT,CDR2,H,8,1,tested_non_binder,,vhh,Proteinbase,TNFB00254,Proteinbase design tnfalphanano_09218 (mit)
TNFCDR01118,ITANGVAT,CDR2,H,8,1,disclosed_binder_claim,,vhh,USPTO patent sequences,TNFB00153,IL-23 and TNF-alpha binding bi-specific heavy chain polypeptides
TNFCDR01119,ITGNADRT,CDR2,H,8,1,disclosed_binder_claim,,fv_domain_vh,USPTO patent sequences,TNFB00675,Selection of human TNF.alpha. specific antibodies
TNFCDR01120,ITHFFGIT,CDR2,H,8,1,disclosed_binder_claim,,fv_domain_vh,USPTO patent sequences,TNFB01614,Bispecific antibodies directed against TNF-alpha and IL-17
TNFCDR01121,ITPFFGFA,CDR2,H,8,1,disclosed_binder_claim,Remtolumab (Bispecific Dual Variable Domain IG) [Thera-SAbDab via PLAbDab Remtolumab_2],fv_domain_vh,PLAbDab;USPTO patent sequences,TNFB01615,Bispecific antibodies directed against TNF-alpha and IL-17 || Therapeutic antibody Remtolumab: Bispecific Dual Variable Domain IG targetting IL17A;TNFA
TNFCDR01122,ITPILDAA,CDR2,H,8,1,disclosed_binder_claim,,fv_domain_vh,USPTO patent sequences,TNFB01034,Immunobinders directed against TNF
TNFCDR01123,ITPILGAA,CDR2,H,8,12,disclosed_binder_claim,,fv_domain_vh,USPTO patent sequences,TNFB00950;TNFB00955;TNFB01035;TNFB01036;TNFB01037;TNFB01038;TNFB01039;TNFB01040;TNFB01041;TNFB01042;TNFB01091;TNFB01108,Immunobinders directed against TNF
TNFCDR01124,ITPILGAG,CDR2,H,8,1,disclosed_binder_claim,,fv_domain_vh,USPTO patent sequences,TNFB01087,Immunobinders directed against TNF
TNFCDR01125,ITPILGAP,CDR2,H,8,1,disclosed_binder_claim,,fv_domain_vh,USPTO patent sequences,TNFB01043,Immunobinders directed against TNF
TNFCDR01126,ITPILGDP,CDR2,H,8,1,disclosed_binder_claim,,fv_domain_vh,USPTO patent sequences,TNFB01044,Immunobinders directed against TNF
TNFCDR01127,ITPILGIG,CDR2,H,8,1,disclosed_binder_claim,,fv_domain_vh,USPTO patent sequences,TNFB01045,Immunobinders directed against TNF
TNFCDR01128,ITPILGNA,CDR2,H,8,3,disclosed_binder_claim,,fv_domain_vh,USPTO patent sequences,TNFB00945;TNFB01046;TNFB01047,Immunobinders directed against TNF
TNFCDR01129,ITPILGNP,CDR2,H,8,3,disclosed_binder_claim,,fv_domain_vh,USPTO patent sequences,TNFB01048;TNFB01049;TNFB01050,Immunobinders directed against TNF
TNFCDR01130,ITPILGNS,CDR2,H,8,1,disclosed_binder_claim,,fv_domain_vh,USPTO patent sequences,TNFB01051,Immunobinders directed against TNF
TNFCDR01131,ITPILGSA,CDR2,H,8,16,disclosed_binder_claim,,fv_domain_vh,USPTO patent sequences,TNFB00956;TNFB01052;TNFB01053;TNFB01054;TNFB01055;TNFB01056;TNFB01057;TNFB01058;TNFB01059;TNFB01060;TNFB01061;TNFB01062,Immunobinders directed against TNF
TNFCDR01132,ITPILGSP,CDR2,H,8,9,disclosed_binder_claim,,fv_domain_vh,USPTO patent sequences,TNFB00946;TNFB01065;TNFB01066;TNFB01067;TNFB01068;TNFB01069;TNFB01070;TNFB01071;TNFB01086,Immunobinders directed against TNF
TNFCDR01133,ITPILGSS,CDR2,H,8,1,disclosed_binder_claim,,fv_domain_vh,USPTO patent sequences,TNFB01072,Immunobinders directed against TNF
TNFCDR01134,ITPILGTA,CDR2,H,8,10,disclosed_binder_claim,,fv_domain_vh,USPTO patent sequences,TNFB00947;TNFB01021;TNFB01073;TNFB01074;TNFB01075;TNFB01076;TNFB01077;TNFB01078;TNFB01079;TNFB01093,Immunobinders directed against TNF
TNFCDR01135,ITPILGTP,CDR2,H,8,1,disclosed_binder_claim,,fv_domain_vh,USPTO patent sequences,TNFB01080,Immunobinders directed against TNF
TNFCDR01136,ITPILGVA,CDR2,H,8,1,disclosed_binder_claim,,fv_domain_vh,USPTO patent sequences,TNFB01081,Immunobinders directed against TNF
TNFCDR01137,ITPILGYP,CDR2,H,8,1,disclosed_binder_claim,,fv_domain_vh,USPTO patent sequences,TNFB01082,Immunobinders directed against TNF
TNFCDR01138,ITPILRSA,CDR2,H,8,1,disclosed_binder_claim,,fv_domain_vh,USPTO patent sequences,TNFB01083,Immunobinders directed against TNF
TNFCDR01139,ITWNSGHI,CDR2,H,8,105,confirmed_binder,Adalimumab (Whole mAb) [Thera-SAbDab via PLAbDab Adalimumab] ; Remtolumab (Bispecific Dual Variable Domain IG) [Thera-SAbDab via PLAbDab Remtolumab] ; Adalimuma,fab;fv_domain_vh,PLAbDab;RCSB PDB;USPTO patent sequences,TNFB00005;TNFB00926;TNFB00928;TNFB00929;TNFB00930;TNFB00931;TNFB00933;TNFB00934;TNFB00935;TNFB00936;TNFB01130;TNFB01143,TNFa-IL-17 bispecific antibodies
TNFCDR01140,ITWNSGHT,CDR2,H,8,1,disclosed_binder_claim,,igg_chain_heavy,USPTO patent sequences,TNFB02702,Antibodies to TNF-alpha
TNFCDR01141,ITWNSGHV,CDR2,H,8,27,disclosed_binder_claim,,fv_domain_vh;igg_chain_heavy,PLAbDab;USPTO patent sequences,TNFB00927;TNFB00932;TNFB01132;TNFB01134;TNFB01157;TNFB01164;TNFB01372;TNFB01374;TNFB02692;TNFB02703;TNFB02704;TNFB02705,Antibodies to TNF-alpha
TNFCDR01142,ITWNSGHX,CDR2,H,8,6,disclosed_binder_claim,,fv_domain_vh;igg_chain_heavy,PLAbDab;USPTO patent sequences,TNFB01133;TNFB01135;TNFB01373;TNFB01375;TNFB02757;TNFB02759,Antibodies to TNF-alpha
TNFCDR01143,ITYSGGST,CDR2,H,8,1,disclosed_binder_claim,,fv_domain_vh,PLAbDab,TNFB00328,Gene segments encoding variable domains of anti-TNF antibodies in health and multiple sclerosis
TNFCDR01144,IVPILGAA,CDR2,H,8,1,disclosed_binder_claim,,fv_domain_vh,USPTO patent sequences,TNFB00957,Immunobinders directed against TNF
TNFCDR01145,IVPILGAP,CDR2,H,8,1,disclosed_binder_claim,,fv_domain_vh,USPTO patent sequences,TNFB01084,Immunobinders directed against TNF
TNFCDR01146,IVPILGTP,CDR2,H,8,1,disclosed_binder_claim,,fv_domain_vh,USPTO patent sequences,TNFB01085,Immunobinders directed against TNF
TNFCDR01147,IVPLFGAA,CDR2,H,8,1,disclosed_binder_claim,,fv_domain_vh,PLAbDab,TNFB01630,Gene segments encoding variable domains of anti-TNF antibodies in health and multiple sclerosis
TNFCDR01148,IWRSGVSL,CDR2,H,8,4,disclosed_binder_claim,,vhh,USPTO patent sequences,TNFB00183;TNFB00184;TNFB00185;TNFB00186,Single domain antibodies directed against tumor necrosis factor-alpha and uses therefor
TNFCDR01149,IWTSSGNS,CDR2,H,8,1,disclosed_binder_claim,,fv_domain_vh,PLAbDab;USPTO patent sequences,TNFB00904,TNF-alpha-neutralizing antibodies || TNF-alpha-neutralizing antibodies | TNF.alpha.-neutralizing antibodies
TNFCDR01150,IWYDGSNE,CDR2,H,8,1,disclosed_binder_claim,,igg_chain_heavy,USPTO patent sequences,TNFB02899,IL-23 and TNF-alpha binding bi-specific heavy chain polypeptides
TNFCDR01151,IYLGFGIT,CDR2,H,8,1,disclosed_binder_claim,,fv_domain_vh,PLAbDab;USPTO patent sequences,TNFB01116,TNF-alpha-neutralizing antibodies || TNF-alpha-neutralizing antibodies | TNF.alpha.-neutralizing antibodies
TNFCDR01152,IYNGDGSR,CDR2,H,8,1,disclosed_binder_claim,,fv_domain_vh,PLAbDab;USPTO patent sequences,TNFB00696,TNF-alpha-neutralizing antibodies || TNF-alpha-neutralizing antibodies | TNF.alpha.-neutralizing antibodies
TNFCDR01153,IYPDYGIT,CDR2,H,8,6,disclosed_binder_claim,,fv_domain_vh;igg_chain_heavy,USPTO patent sequences,TNFB01604;TNFB01605;TNFB01606;TNFB02866;TNFB02867;TNFB02868,Anti-TNF-alpha-antibodies and functional fragments thereof
TNFCDR01154,IYPGDGNT,CDR2,H,8,1,disclosed_binder_claim,,fv_domain_vh,USPTO patent sequences,TNFB00384,DNA molecule encoding TNF binding ligands and vectors and host cells containing the DNA molecule
TNFCDR01155,IYPGDSDT,CDR2,H,8,1,disclosed_binder_claim,,fv_domain_vh,PLAbDab,TNFB00404,Reconstruction and analysis of a human anti-TNF-a ScFv antibody
TNFCDR01156,IYPGFAIT,CDR2,H,8,5,disclosed_binder_claim,,fv_domain_vh;igg_chain_heavy,USPTO patent sequences,TNFB01381;TNFB02861;TNFB02863;TNFB02891;TNFB02912,Anti-TNF-alpha-antibodies and functional fragments thereof
TNFCDR01157,IYPGFGIR,CDR2,H,8,2,disclosed_binder_claim,,fv_domain_vh;igg_chain_heavy,PLAbDab;USPTO patent sequences,TNFB01382;TNFB02859,Nucleic acids encoding binding members to TNF alpha | TNF alpha antibody or fragment thereof and methods of use
TNFCDR01158,IYPGNGDT,CDR2,H,8,2,disclosed_binder_claim,,fv_domain_vh;igg_chain_heavy,USPTO patent sequences,TNFB01380;TNFB02890,Therapy of autoimmune disease in a patient with an inadequate response to a TNF-.alpha. inhibitor | Therapy of autoimmune disease in a patient with an inadequate response to a TNF-alpha inhibitor
TNFCDR01159,IYPSDSYT,CDR2,H,8,1,disclosed_binder_claim,,fv_domain_vh,PLAbDab,TNFB00344,Gene segments encoding variable domains of anti-TNF antibodies in health and multiple sclerosis
TNFCDR01160,IYRNSGIT,CDR2,H,8,1,disclosed_binder_claim,,vhh,USPTO patent sequences,TNFB00121,Single domain antibodies directed against TNF-alpha
TNFCDR01161,IYTRNGYT,CDR2,H,8,1,disclosed_binder_claim,,vhh,USPTO patent sequences,TNFB00166,Single domain antibodies directed against TNF-alpha
TNFCDR01162,IYWSSANT,CDR2,H,8,4,disclosed_binder_claim,,vhh,USPTO patent sequences,TNFB00194;TNFB00203;TNFB00257;TNFB00262,Nanobodies against tumor necrosis factor-alpha
TNFCDR01163,IYWSSGLT,CDR2,H,8,11,disclosed_binder_claim,,vhh,USPTO patent sequences,TNFB00224;TNFB00225;TNFB00226;TNFB00227;TNFB00228;TNFB00229;TNFB00230;TNFB00242;TNFB00270;TNFB00272;TNFB00277,Nanobodies against tumor necrosis factor-alpha
TNFCDR01164,IYWSSGNT,CDR2,H,8,20,confirmed_binder,,vhh,RCSB PDB;USPTO patent sequences,TNFB00214;TNFB00218;TNFB00236;TNFB00237;TNFB00238;TNFB00239;TNFB00240;TNFB00241;TNFB00256;TNFB00258;TNFB00264;TNFB00265,Nanobodies against tumor necrosis factor-alpha
TNFCDR01165,IYWSSLNT,CDR2,H,8,1,disclosed_binder_claim,,vhh_putative,USPTO patent sequences,TNFB00304,Nanobodies against tumor necrosis factor-alpha
TNFCDR01166,LFPGNSDT,CDR2,H,8,1,disclosed_binder_claim,,fv_domain_vh,PLAbDab,TNFB00343,Characterization of the neutralizing activity of three anti-human TNF monoclonal antibodies and prediction of their TNF epitopes by molecular modeling and mutant protein approach
TNFCDR01167,LNSGSGDT,CDR2,H,8,1,disclosed_binder_claim,,fv_domain_vh,PLAbDab;USPTO patent sequences,TNFB01393,TNF-alpha-neutralizing antibodies || TNF-alpha-neutralizing antibodies | TNF.alpha.-neutralizing antibodies
TNFCDR01168,LSSRGFAG,CDR2,H,8,6,disclosed_binder_claim,,vhh,USPTO patent sequences,TNFB00174;TNFB00175;TNFB00179;TNFB00181;TNFB00192;TNFB00193,Single domain antibodies directed against TNF-alpha
TNFCDR01169,MDPNNGNT,CDR2,H,8,1,disclosed_binder_claim,,fv_domain_vh,USPTO patent sequences,TNFB01586,Bispecific antibodies directed against TNF-alpha and IL-17 | Immunobinders directed against TNF
TNFCDR01170,MFPGDSET,CDR2,H,8,1,disclosed_binder_claim,,fv_domain_vh,PLAbDab,TNFB00679,Gene segments encoding variable domains of anti-TNF antibodies in health and multiple sclerosis
TNFCDR01171,MNPNSGNT,CDR2,H,8,3,disclosed_binder_claim,,fv_domain_vh,PLAbDab;USPTO patent sequences,TNFB00633;TNFB00916;TNFB01629,Gene segments encoding variable domains of anti-TNF antibodies in health and multiple sclerosis
TNFCDR01172,MSPVDSDI,CDR2,H,8,1,disclosed_binder_claim,,fv_domain_vh,PLAbDab,TNFB00901,Monoclonal antibodies to human proinflammatory cytokines and methods for treating inflammatory diseases
TNFCDR01173,MSTSGRFI,CDR2,H,8,1,disclosed_binder_claim,,fv_domain_vh,PLAbDab,TNFB00335,Gene segments encoding variable domains of anti-TNF antibodies in health and multiple sclerosis
TNFCDR01174,MSYDGSNK,CDR2,H,8,7,confirmed_binder,Golimumab (Whole mAb) [Thera-SAbDab via PLAbDab Golimumab] ; Golimumab [PDB 5YOY_3],fv_domain_vh;igg_chain_heavy;igg_fv,PLAbDab;RCSB PDB;USPTO patent sequences,TNFB00010;TNFB01619;TNFB01627;TNFB02790;TNFB02895;TNFB02896;TNFB02897,"Anti-tumor necrosis factor (TNF) antibodies and compositions thereof | Nucleic acid molecule encoding, and method of producing, a recombinant anti-tumor necrosis factor (TNF) antibody"
TNFCDR01175,NDPDSGGT,CDR2,H,8,13,disclosed_binder_claim,,fv_domain_vh,USPTO patent sequences,TNFB01173;TNFB01182;TNFB01183;TNFB01214;TNFB01229;TNFB01238;TNFB01254;TNFB01255;TNFB01256;TNFB01257;TNFB01258;TNFB01259,Bispecific antibodies directed against TNF-alpha and IL-17
TNFCDR01176,NDPESGGI,CDR2,H,8,1,disclosed_binder_claim,,fv_domain_vh,USPTO patent sequences,TNFB01260,Bispecific antibodies directed against TNF-alpha and IL-17
TNFCDR01177,NDPESGGS,CDR2,H,8,1,disclosed_binder_claim,,fv_domain_vh,USPTO patent sequences,TNFB01355,Bispecific antibodies directed against TNF-alpha and IL-17
TNFCDR01178,NDPESGGT,CDR2,H,8,163,disclosed_binder_claim,,fv_domain_vh,USPTO patent sequences,TNFB01172;TNFB01174;TNFB01175;TNFB01176;TNFB01177;TNFB01178;TNFB01179;TNFB01184;TNFB01185;TNFB01186;TNFB01187;TNFB01188,Bispecific antibodies directed against TNF-alpha and IL-17
TNFCDR01179,RNWGDGST,CDR2,H,8,1,disclosed_binder_claim,,vhh,USPTO patent sequences,TNFB00028,Single domain antibodies directed against tumor necrosis factor-alpha and uses therefor
TNFCDR01180,SGRSNSYN,CDR2,H,8,1,disclosed_binder_claim,,vhh,USPTO patent sequences,TNFB00149,Single domain antibodies directed against tumor necrosis factor-alpha and uses therefor
TNFCDR01181,SSSSGSTI,CDR2,H,8,1,disclosed_binder_claim,,fv_domain_vh,PLAbDab,TNFB00391,Gene segments encoding variable domains of anti-TNF antibodies in health and multiple sclerosis
TNFCDR01182,TSFDGSHA,CDR2,H,8,1,disclosed_binder_claim,,fv_domain_vh,USPTO patent sequences,TNFB00677,Selection of human TNF.alpha. specific antibodies
TNFCDR01183,TSSRSSYI,CDR2,H,8,1,disclosed_binder_claim,,fv_domain_vh,PLAbDab,TNFB01616,Gene segments encoding variable domains of anti-TNF antibodies in health and multiple sclerosis
TNFCDR01184,VDVSGGNT,CDR2,H,8,1,disclosed_binder_claim,,vhh,USPTO patent sequences,TNFB00038,Nanobodies against tumor necrosis factor-alpha
TNFCDR01185,VGYDGSSI,CDR2,H,8,1,disclosed_binder_claim,,vhh,USPTO patent sequences,TNFB00071,Nanobodies against tumor necrosis factor-alpha
TNFCDR01186,VNTNGLIT,CDR2,H,8,13,disclosed_binder_claim,,fv_domain_vh;igg_chain_heavy,USPTO patent sequences,TNFB01389;TNFB01390;TNFB01396;TNFB01397;TNFB01398;TNFB01635;TNFB01636;TNFB02789;TNFB02810;TNFB02811;TNFB02812;TNFB02813,Single domain antibodies directed against tumor necrosis factor-alpha and uses therefor
TNFCDR01187,VNWNGGHT,CDR2,H,8,1,disclosed_binder_claim,,fv_domain_vh,PLAbDab,TNFB00339,Gene segments encoding variable domains of anti-TNF antibodies in health and multiple sclerosis
TNFCDR01188,VRSNGTST,CDR2,H,8,2,disclosed_binder_claim,,vhh,USPTO patent sequences,TNFB00029;TNFB00032,Single domain antibodies directed against tumor necrosis factor-alpha and uses therefor
TNFCDR01189,VSGTGTIA,CDR2,H,8,1,disclosed_binder_claim,,vhh,USPTO patent sequences,TNFB00191,Single domain antibodies directed against tumor necrosis factor-alpha and uses therefor
TNFCDR01190,VSSSGQYT,CDR2,H,8,1,disclosed_binder_claim,,vhh,USPTO patent sequences,TNFB00178,IL-23 and TNF-alpha binding bi-specific heavy chain polypeptides
TNFCDR01191,VSWGFGST,CDR2,H,8,1,disclosed_binder_claim,,vhh,USPTO patent sequences,TNFB00212,Single domain antibodies directed against tumor necrosis factor-alpha and uses therefor
TNFCDR01192,VSWSGGTI,CDR2,H,8,1,disclosed_binder_claim,,vhh,USPTO patent sequences,TNFB00164,Single domain antibodies directed against tumor necrosis factor-alpha and uses therefor
TNFCDR01193,VSWSGGTT,CDR2,H,8,4,disclosed_binder_claim,,vhh,USPTO patent sequences,TNFB00159;TNFB00255;TNFB00261;TNFB00269,Single domain antibodies directed against tumor necrosis factor-alpha and uses therefor
TNFCDR01194,VSWSSSTI,CDR2,H,8,1,disclosed_binder_claim,,vhh,USPTO patent sequences,TNFB00151,Single domain antibodies directed against tumor necrosis factor-alpha and uses therefor
TNFCDR01195,VTWGFGST,CDR2,H,8,2,disclosed_binder_claim,,vhh,USPTO patent sequences,TNFB00215;TNFB00216,Single domain antibodies directed against tumor necrosis factor-alpha and uses therefor
TNFCDR01196,VTWSGSST,CDR2,H,8,1,disclosed_binder_claim,,vhh,USPTO patent sequences,TNFB00152,Single domain antibodies directed against tumor necrosis factor-alpha and uses therefor
TNFCDR01197,VYRRAGDT,CDR2,H,8,3,disclosed_binder_claim,,vhh,USPTO patent sequences,TNFB00119;TNFB00120;TNFB00148,Single domain antibodies directed against TNF-alpha
TNFCDR01198,XDPXSGGX,CDR2,H,8,1,disclosed_binder_claim,,fv_domain_vh,USPTO patent sequences,TNFB01356,Bispecific antibodies directed against TNF-alpha and IL-17
TNFCDR01199,XIPIXXXX,CDR2,H,8,1,disclosed_binder_claim,,fv_domain_vh,USPTO patent sequences,TNFB01113,Bispecific antibodies directed against TNF-alpha and IL-17 | Immunobinders directed against TNF
TNFCDR01200,XXXDGSNK,CDR2,H,8,3,disclosed_binder_claim,,fv_domain_vh,PLAbDab;USPTO patent sequences,TNFB01620;TNFB01621;TNFB01622,"Anti-TNF antibodies, compositions, and methods for the treatment of active Ankylosing Spondylitis | Anti-TNF antibodies, compositions, and methods for the treatment of active ankylosing spondylitis | "
TNFCDR01201,XXYDGSXK,CDR2,H,8,1,disclosed_binder_claim,,fv_domain_vh,PLAbDab;USPTO patent sequences,TNFB01623,"Anti-TNF antibodies, compositions, methods and uses"
TNFCDR01202,DISTGGGYS,CDR2,H,9,1,disclosed_binder_claim,,fv_domain_vh,USPTO patent sequences,TNFB01399,Nanobodies against tumor necrosis factor-alpha
TNFCDR01203,IAAGGSTST,CDR2,H,9,1,disclosed_binder_claim,,fv_domain_vh,PLAbDab;USPTO patent sequences,TNFB01365,TNF-alpha-neutralizing antibodies || TNF-alpha-neutralizing antibodies | TNF.alpha.-neutralizing antibodies
TNFCDR01204,IDAGTSGGT,CDR2,H,9,6,disclosed_binder_claim,,fv_domain_vh;igg_chain_heavy,PLAbDab;USPTO patent sequences,TNFB01364;TNFB01379;TNFB01384;TNFB02838;TNFB02839;TNFB02840,Stable and soluble antibodies inhibiting TNF alpha | Stable and soluble antibodies inhibiting TNF-alpha
TNFCDR01205,IYAATNGNT,CDR2,H,9,1,disclosed_binder_claim,,fv_domain_vh,PLAbDab;USPTO patent sequences,TNFB01119,TNF-alpha-neutralizing antibodies || TNF-alpha-neutralizing antibodies | TNF.alpha.-neutralizing antibodies
TNFCDR01206,IYAAVNGGT,CDR2,H,9,1,disclosed_binder_claim,,fv_domain_vh,PLAbDab;USPTO patent sequences,TNFB01118,TNF-alpha-neutralizing antibodies || TNF-alpha-neutralizing antibodies | TNF.alpha.-neutralizing antibodies
TNFCDR01207,IYGDNDITP,CDR2,H,9,6,disclosed_binder_claim,Licaminlimab (scFv) [Thera-SAbDab via PLAbDab Licaminlimab],fv_domain_vh;igg_chain_heavy,PLAbDab;USPTO patent sequences,TNFB00906;TNFB01142;TNFB01146;TNFB01169;TNFB02828;TNFB02841,Stable and soluble antibodies inhibiting TNF alpha | Stable and soluble antibodies inhibiting TNF-alpha
TNFCDR01208,IYSGVSGDT,CDR2,H,9,1,disclosed_binder_claim,,fv_domain_vh,PLAbDab;USPTO patent sequences,TNFB00905,TNF-alpha-neutralizing antibodies || TNF-alpha-neutralizing antibodies | TNF.alpha.-neutralizing antibodies
TNFCDR01209,IYTGSSGST,CDR2,H,9,1,disclosed_binder_claim,,fv_domain_vh,PLAbDab;USPTO patent sequences,TNFB00912,TNF-alpha-neutralizing antibodies || TNF-alpha-neutralizing antibodies | TNF.alpha.-neutralizing antibodies
TNFCDR01210,LYTGSSGTT,CDR2,H,9,1,disclosed_binder_claim,,fv_domain_vh,PLAbDab;USPTO patent sequences,TNFB01363,TNF-alpha-neutralizing antibodies || TNF-alpha-neutralizing antibodies | TNF.alpha.-neutralizing antibodies
TNFCDR01211,MSPGVSGST,CDR2,H,9,1,disclosed_binder_claim,,fv_domain_vh,PLAbDab;USPTO patent sequences,TNFB01394,TNF-alpha-neutralizing antibodies || TNF-alpha-neutralizing antibodies | TNF.alpha.-neutralizing antibodies
TNFCDR01212,RYVGNSDNT,CDR2,H,9,1,disclosed_binder_claim,,fv_domain_vh,PLAbDab;USPTO patent sequences,TNFB01404,TNF-alpha-neutralizing antibodies || TNF-alpha-neutralizing antibodies | TNF.alpha.-neutralizing antibodies
TNFCDR01213,IKSKTYRETP,CDR2,H,10,1,disclosed_binder_claim,,fv_domain_vh,PLAbDab,TNFB01371,Gene segments encoding variable domains of anti-TNF antibodies in health and multiple sclerosis
TNFCDR01214,IRSKSINGAT,CDR2,H,10,25,disclosed_binder_claim,,fv_domain_vh,USPTO patent sequences,TNFB00707;TNFB00709;TNFB00715;TNFB00716;TNFB00736;TNFB00744;TNFB00745;TNFB00746;TNFB00755;TNFB00756;TNFB00772;TNFB00775,Anti-TNF.alpha. antibodies | Anti-TNF.alpha. antibodies and methods of use
TNFCDR01215,IRSKSINSAT,CDR2,H,10,54,confirmed_binder,Infliximab (Whole mAb) [Thera-SAbDab via PLAbDab Infliximab] ; Infliximab [PDB 4G3Y_2],fab;fv_domain_vh,PLAbDab;RCSB PDB;USPTO patent sequences,TNFB00008;TNFB00704;TNFB00705;TNFB00728;TNFB00740;TNFB00747;TNFB00757;TNFB00758;TNFB00774;TNFB00777;TNFB00778;TNFB00787,Modified anti-TNF alpha antibody || Modified anti-TNF alpha antibody | TNF alpha-binding polypeptide compositions and methods
TNFCDR01216,IRSKSIYGAT,CDR2,H,10,22,disclosed_binder_claim,,fv_domain_vh,USPTO patent sequences,TNFB00711;TNFB00717;TNFB00718;TNFB00729;TNFB00730;TNFB00731;TNFB00741;TNFB00763;TNFB00770;TNFB00779;TNFB00785;TNFB00813,Anti-TNF.alpha. antibodies | Anti-TNF.alpha. antibodies and methods of use
TNFCDR01217,IRSKSIYSAT,CDR2,H,10,27,disclosed_binder_claim,,fv_domain_vh,USPTO patent sequences,TNFB00713;TNFB00719;TNFB00722;TNFB00732;TNFB00737;TNFB00739;TNFB00752;TNFB00764;TNFB00765;TNFB00767;TNFB00768;TNFB00791,Anti-TNF.alpha. antibodies | Anti-TNF.alpha. antibodies and methods of use
TNFCDR01218,IRSKSMNSAT,CDR2,H,10,5,disclosed_binder_claim,,fv_domain_vh;igg_chain_heavy,USPTO patent sequences,TNFB00919;TNFB02760;TNFB02762;TNFB02906;TNFB02907,TNF-.alpha. binding molecules
TNFCDR01219,IRSKSSNGAT,CDR2,H,10,17,disclosed_binder_claim,,fv_domain_vh,USPTO patent sequences,TNFB00710;TNFB00733;TNFB00748;TNFB00750;TNFB00753;TNFB00761;TNFB00771;TNFB00781;TNFB00799;TNFB00800;TNFB00801;TNFB00823,Anti-TNF.alpha. antibodies | Anti-TNF.alpha. antibodies and methods of use
TNFCDR01220,IRSKSSNSAT,CDR2,H,10,27,disclosed_binder_claim,,fv_domain_vh,USPTO patent sequences,TNFB00720;TNFB00723;TNFB00724;TNFB00734;TNFB00735;TNFB00738;TNFB00742;TNFB00759;TNFB00773;TNFB00782;TNFB00786;TNFB00788,Anti-TNF.alpha. antibodies | Anti-TNF.alpha. antibodies and methods of use
TNFCDR01221,IRSKSSYGAT,CDR2,H,10,19,disclosed_binder_claim,,fv_domain_vh,USPTO patent sequences,TNFB00714;TNFB00725;TNFB00726;TNFB00727;TNFB00751;TNFB00766;TNFB00769;TNFB00783;TNFB00789;TNFB00793;TNFB00794;TNFB00805,Anti-TNF.alpha. antibodies | Anti-TNF.alpha. antibodies and methods of use
TNFCDR01222,IRSKSSYSAT,CDR2,H,10,20,disclosed_binder_claim,,fv_domain_vh,USPTO patent sequences,TNFB00708;TNFB00712;TNFB00721;TNFB00743;TNFB00749;TNFB00754;TNFB00760;TNFB00762;TNFB00780;TNFB00795;TNFB00796;TNFB00816,Anti-TNF.alpha. antibodies | Anti-TNF.alpha. antibodies and methods of use
TNFCDR01223,IRSKSXXXAT,CDR2,H,10,1,disclosed_binder_claim,,fv_domain_vh,USPTO patent sequences,TNFB00902,Anti-TNF.alpha. antibodies | Anti-TNF.alpha. antibodies and methods of use
TNFCDR01224,ITSSDTNDTT,CDR2,H,10,1,disclosed_binder_claim,,vhh,USPTO patent sequences,TNFB00163,Single domain antibodies directed against tumor necrosis factor-alpha and uses therefor
TNFCDR01225,TRNKANSYTT,CDR2,H,10,1,disclosed_binder_claim,,fv_domain_vh,USPTO patent sequences,TNFB00333,Nanobodies against tumor necrosis factor-alpha
TNFCDR01226,TRSKSTNSAT,CDR2,H,10,2,disclosed_binder_claim,,fv_domain_vh,PLAbDab;USPTO patent sequences,TNFB00914;TNFB00923,Modified anti-TNF alpha antibody || Modified anti-TNF alpha antibody | TNF alpha-binding polypeptide compositions and methods
TNFCDR01227,VRLQSDNFTT,CDR2,H,10,2,disclosed_binder_claim,,fv_domain_vh,USPTO patent sequences,TNFB00340;TNFB00341,Humanized anti-human tumor necrosis factor alpha monoclonal antibody and sequence thereof
TNFCDR01228,XXXXXXXXXX,CDR2,H,10,5,disclosed_binder_claim,,igg_chain_heavy,USPTO patent sequences,TNFB02763;TNFB02764;TNFB02765;TNFB02908;TNFB02909,Stable and soluble antibodies inhibiting TNF alpha | Stable and soluble antibodies inhibiting TNF-alpha
TNFCDR01229,ITTEGITSEAS,CDR2,H,11,1,disclosed_binder_claim,,vhh,USPTO patent sequences,TNFB00209,Single domain antibodies directed against TNF-alpha
TNFCDR01230,TRNKAHSYTTS,CDR2,H,11,1,disclosed_binder_claim,,fv_domain_vh,USPTO patent sequences,TNFB01388,Humanized anti-human tumor necrosis factor alpha monoclonal antibody and sequence thereof
TNFCDR01231,ITTEGITSEASS,CDR2,H,12,14,disclosed_binder_claim,,vhh,USPTO patent sequences,TNFB00217;TNFB00219;TNFB00221;TNFB00222;TNFB00231;TNFB00232;TNFB00233;TNFB00234;TNFB00235;TNFB00243;TNFB00244;TNFB00245,Single domain antibodies directed against TNF-alpha
TNFCDR01232,ITTEGITSVASS,CDR2,H,12,1,disclosed_binder_claim,,vhh,USPTO patent sequences,TNFB00220,Single domain antibodies directed against TNF-alpha
TNFCDR01233,IRPSGDFGPEGEFE,CDR2,H,14,1,disclosed_binder_claim,,vhh,USPTO patent sequences,TNFB00248,Nanobodies against tumor necrosis factor-alpha
TNFCDR01234,AAG,CDR2,K,3,16,disclosed_binder_claim,,igg_chain_light,USPTO patent sequences,TNFB02959;TNFB02962;TNFB02963;TNFB02964;TNFB02965;TNFB02966;TNFB02967;TNFB02968;TNFB02969;TNFB02970;TNFB02971;TNFB02972,Antibodies to TNF-alpha
TNFCDR01235,AAH,CDR2,K,3,1,disclosed_binder_claim,,fv_domain_vl,USPTO patent sequences,TNFB01945,Anti-TNF-alpha antibodies with pH-dependent antigen binding for improved target clearence
TNFCDR01236,AAN,CDR2,K,3,10,disclosed_binder_claim,,igg_chain_light,USPTO patent sequences,TNFB02921;TNFB02976;TNFB02977;TNFB02978;TNFB02979;TNFB02980;TNFB02981;TNFB02982;TNFB02983;TNFB02984,Antibodies to TNF-alpha
TNFCDR01237,AAS,CDR2,K,3,213,confirmed_binder,Adalimumab (Whole mAb) [Thera-SAbDab via PLAbDab Adalimumab] ; Remtolumab (Bispecific Dual Variable Domain IG) [Thera-SAbDab via PLAbDab Remtolumab] ; Adalimuma,fab;fv_domain_vl,PLAbDab;RCSB PDB;USPTO patent sequences,TNFB00001;TNFB01646;TNFB01650;TNFB01660;TNFB01796;TNFB01798;TNFB01799;TNFB01858;TNFB01943;TNFB01944;TNFB01946;TNFB01947,High concentration anti-TNF-alpha antibody liquid formulations || High concentration anti-TNF-alpha antibody liquid formulations | Human antibodies that bind human TNF-alpha | Human antibodies that bi
TNFCDR01238,AAW,CDR2,K,3,4,disclosed_binder_claim,,igg_chain_light,USPTO patent sequences,TNFB03036;TNFB03037;TNFB03038;TNFB03039,Antibodies to TNF-alpha
TNFCDR01239,AAX,CDR2,K,3,15,disclosed_binder_claim,,fv_domain_vl;igg_chain_light,PLAbDab;USPTO patent sequences,TNFB01950;TNFB02173;TNFB02174;TNFB02175;TNFB02176;TNFB02177;TNFB02178;TNFB02179;TNFB03089;TNFB03090;TNFB03091;TNFB03092,Anti-TNF-alpha antibodies with pH-dependent antigen binding for improved target clearence
TNFCDR01240,AGS,CDR2,K,3,5,disclosed_binder_claim,,fv_domain_vl,PLAbDab;USPTO patent sequences,TNFB02101;TNFB02110;TNFB02126;TNFB02208;TNFB02213,Stable and soluble antibodies inhibiting TNF alpha
TNFCDR01241,APS,CDR2,K,3,2,disclosed_binder_claim,,fv_domain_vl;igg_chain_light,USPTO patent sequences,TNFB02022;TNFB02919,Therapy of autoimmune disease in a patient with an inadequate response to a TNF-.alpha. inhibitor | Therapy of autoimmune disease in a patient with an inadequate response to a TNF-alpha inhibitor
TNFCDR01242,ATF,CDR2,K,3,52,disclosed_binder_claim,,fv_domain_vl,USPTO patent sequences,TNFB01666;TNFB01677;TNFB01678;TNFB01681;TNFB01682;TNFB01687;TNFB01706;TNFB01709;TNFB01722;TNFB01737;TNFB01742;TNFB01752,Bispecific antibodies directed against TNF-alpha and IL-17
TNFCDR01243,ATS,CDR2,K,3,113,disclosed_binder_claim,,fv_domain_vl,USPTO patent sequences,TNFB01662;TNFB01663;TNFB01664;TNFB01665;TNFB01667;TNFB01668;TNFB01669;TNFB01670;TNFB01671;TNFB01672;TNFB01673;TNFB01674,Bispecific antibodies directed against TNF-alpha and IL-17
TNFCDR01244,CAS,CDR2,K,3,1,disclosed_binder_claim,,fv_domain_vl,USPTO patent sequences,TNFB01807,Immunobinders directed against TNF
TNFCDR01245,DAS,CDR2,K,3,49,confirmed_binder,Golimumab (Whole mAb) [Thera-SAbDab via PLAbDab Golimumab] ; Golimumab [PDB 5YOY_2],fv_domain_vl;igg_fv,PLAbDab;RCSB PDB;USPTO patent sequences,TNFB00009;TNFB01647;TNFB01651;TNFB01785;TNFB01941;TNFB02146;TNFB02148;TNFB02164;TNFB02165;TNFB02235;TNFB02236;TNFB02237,TNF-alpha-neutralizing antibodies || TNF-alpha-neutralizing antibodies | TNF.alpha.-neutralizing antibodies
TNFCDR01246,DSS,CDR2,K,3,4,disclosed_binder_claim,,fv_domain_vl,PLAbDab;USPTO patent sequences,TNFB01841;TNFB01842;TNFB02468;TNFB02469,Antibody molecules which bind TNF alpha
TNFCDR01247,DTF,CDR2,K,3,7,disclosed_binder_claim,,fv_domain_vl,USPTO patent sequences,TNFB01699;TNFB02019;TNFB02026;TNFB02056;TNFB02063;TNFB02066;TNFB02074,Bispecific antibodies directed against TNF-alpha and IL-17
TNFCDR01248,DTS,CDR2,K,3,2,disclosed_binder_claim,,fv_domain_vl,USPTO patent sequences,TNFB01724;TNFB01942,Bispecific antibodies directed against TNF-alpha and IL-17
TNFCDR01249,EAS,CDR2,K,3,5,disclosed_binder_claim,,fv_domain_vl,PLAbDab;USPTO patent sequences,TNFB02222;TNFB02463;TNFB02508;TNFB02623;TNFB02624,TNF-alpha-neutralizing antibodies
TNFCDR01250,EAT,CDR2,K,3,1,disclosed_binder_claim,,fv_domain_vl,PLAbDab,TNFB01783,Gene segments encoding variable domains of anti-TNF antibodies in health and multiple sclerosis
TNFCDR01251,EGS,CDR2,K,3,2,disclosed_binder_claim,,fv_domain_vl,PLAbDab;USPTO patent sequences,TNFB02122;TNFB02685,Cell type-restricted anti-cytokine therapy: TNF inhibition from one pathogenic source || Cell-type-restricted anti-cytokine therapy: TNF inhibition from one pathogenic source
TNFCDR01252,ESS,CDR2,K,3,1,disclosed_binder_claim,,fv_domain_vl,USPTO patent sequences,TNFB02128,Selection of human TNF.alpha. specific antibodies
TNFCDR01253,ETF,CDR2,K,3,3,disclosed_binder_claim,,fv_domain_vl,USPTO patent sequences,TNFB02003;TNFB02042;TNFB02043,Bispecific antibodies directed against TNF-alpha and IL-17
TNFCDR01254,ETS,CDR2,K,3,6,disclosed_binder_claim,,fv_domain_vl,PLAbDab;USPTO patent sequences,TNFB01721;TNFB01739;TNFB01775;TNFB02229;TNFB02620;TNFB02622,Bispecific antibodies directed against TNF-alpha and IL-17
TNFCDR01255,FAS,CDR2,K,3,14,disclosed_binder_claim,,fv_domain_vl,PLAbDab;USPTO patent sequences,TNFB01874;TNFB02141;TNFB02142;TNFB02143;TNFB02144;TNFB02477;TNFB02478;TNFB02479;TNFB02500;TNFB02632;TNFB02652;TNFB02662,"Bispecific antibodies that neutralize both TNF-alpha and IL-6: novel therapeutic agent for autoimmune disease | Murine, chimeric, humanized or human anti-TNF-alpha antibodies"
TNFCDR01256,FTS,CDR2,K,3,1,disclosed_binder_claim,,fv_domain_vl,USPTO patent sequences,TNFB01875,Immunobinders directed against TNF
TNFCDR01257,GAS,CDR2,K,3,48,disclosed_binder_claim,,fv_domain_vl,PLAbDab;USPTO patent sequences,TNFB01652;TNFB01657;TNFB01806;TNFB02107;TNFB02119;TNFB02125;TNFB02129;TNFB02145;TNFB02150;TNFB02156;TNFB02157;TNFB02158,Gene segments encoding variable domains of anti-TNF antibodies in health and multiple sclerosis
TNFCDR01258,GAT,CDR2,K,3,3,confirmed_binder,Fab1974 (conformation-selective anti-TNF mAb) [PDB 7KPB_3],fab;fv_domain_vl,PLAbDab;RCSB PDB;USPTO patent sequences,TNFB00003;TNFB01793;TNFB01800,A conformation-selective monoclonal antibody against a small molecule-stabilised signalling-deficient form of TNF || Antibodies binding to trimeric TNF alpha epitopes || Antibodies binding to trimeric
TNFCDR01259,GPS,CDR2,K,3,1,disclosed_binder_claim,,fv_domain_vl,USPTO patent sequences,TNFB02124,Selection of human TNF.alpha. specific antibodies
TNFCDR01260,GSG,CDR2,K,3,1,disclosed_binder_claim,,fv_domain_vl,PLAbDab,TNFB02121,Cell-type-restricted anti-cytokine therapy: TNF inhibition from one pathogenic source
TNFCDR01261,GTF,CDR2,K,3,2,disclosed_binder_claim,,fv_domain_vl,USPTO patent sequences,TNFB01692;TNFB01712,Bispecific antibodies directed against TNF-alpha and IL-17
TNFCDR01262,GTS,CDR2,K,3,4,disclosed_binder_claim,,fv_domain_vl,USPTO patent sequences,TNFB01700;TNFB01713;TNFB02040;TNFB02067,Bispecific antibodies directed against TNF-alpha and IL-17
TNFCDR01263,GTT,CDR2,K,3,2,disclosed_binder_claim,,fv_domain_vl;igg_chain_light,PLAbDab;USPTO patent sequences,TNFB01794;TNFB02922,"Antibodies binding to trimeric TNF alpha epitopes || Antibodies binding to trimeric TNF alpha epitopes | Antibody against trimeric TNF-alpha complex | Complexes between anti-TNF antibodies, trimeric T"
TNFCDR01264,HAS,CDR2,K,3,69,disclosed_binder_claim,,fv_domain_vl,USPTO patent sequences,TNFB02140;TNFB02212;TNFB02241;TNFB02242;TNFB02245;TNFB02247;TNFB02248;TNFB02261;TNFB02262;TNFB02267;TNFB02268;TNFB02272,Bispecific antibodies directed against TNF-alpha and IL-17 | Immunobinders directed against TNF
TNFCDR01265,HDS,CDR2,K,3,4,disclosed_binder_claim,,fv_domain_vl,USPTO patent sequences,TNFB02259;TNFB02386;TNFB02416;TNFB02441,Immunobinders directed against TNF
TNFCDR01266,HES,CDR2,K,3,5,disclosed_binder_claim,,fv_domain_vl,USPTO patent sequences,TNFB02249;TNFB02271;TNFB02284;TNFB02299;TNFB02316,Immunobinders directed against TNF
TNFCDR01267,HGS,CDR2,K,3,6,disclosed_binder_claim,,fv_domain_vl,USPTO patent sequences,TNFB02256;TNFB02295;TNFB02318;TNFB02354;TNFB02387;TNFB02429,Immunobinders directed against TNF
TNFCDR01268,HKS,CDR2,K,3,1,disclosed_binder_claim,,fv_domain_vl,USPTO patent sequences,TNFB02243,Immunobinders directed against TNF
TNFCDR01269,HLS,CDR2,K,3,1,disclosed_binder_claim,,fv_domain_vl,USPTO patent sequences,TNFB02300,Immunobinders directed against TNF
TNFCDR01270,HNS,CDR2,K,3,1,disclosed_binder_claim,,fv_domain_vl,USPTO patent sequences,TNFB02388,Immunobinders directed against TNF
TNFCDR01271,HPS,CDR2,K,3,12,disclosed_binder_claim,,fv_domain_vl,USPTO patent sequences,TNFB02244;TNFB02288;TNFB02301;TNFB02302;TNFB02303;TNFB02304;TNFB02326;TNFB02333;TNFB02389;TNFB02390;TNFB02421;TNFB02442,Immunobinders directed against TNF
TNFCDR01272,HRS,CDR2,K,3,1,disclosed_binder_claim,,fv_domain_vl,USPTO patent sequences,TNFB02343,Immunobinders directed against TNF
TNFCDR01273,HSS,CDR2,K,3,4,disclosed_binder_claim,,fv_domain_vl,USPTO patent sequences,TNFB02291;TNFB02327;TNFB02391;TNFB02434,Immunobinders directed against TNF
TNFCDR01274,HTS,CDR2,K,3,9,disclosed_binder_claim,,fv_domain_vl,USPTO patent sequences,TNFB02250;TNFB02324;TNFB02334;TNFB02348;TNFB02361;TNFB02392;TNFB02422;TNFB02445;TNFB02449,Immunobinders directed against TNF
TNFCDR01275,HVS,CDR2,K,3,9,disclosed_binder_claim,,fv_domain_vl,USPTO patent sequences,TNFB02251;TNFB02279;TNFB02321;TNFB02325;TNFB02347;TNFB02393;TNFB02394;TNFB02426;TNFB02427,Immunobinders directed against TNF
TNFCDR01276,ISS,CDR2,K,3,1,disclosed_binder_claim,,fv_domain_vl,PLAbDab;USPTO patent sequences,TNFB02617,TNF-alpha-neutralizing antibodies || TNF-alpha-neutralizing antibodies | TNF.alpha.-neutralizing antibodies
TNFCDR01277,KAS,CDR2,K,3,19,disclosed_binder_claim,,fv_domain_vl,PLAbDab;USPTO patent sequences,TNFB01648;TNFB01661;TNFB01780;TNFB02518;TNFB02521;TNFB02522;TNFB02548;TNFB02551;TNFB02553;TNFB02554;TNFB02586;TNFB02587,Anti Human TNF-alpha antibody genes
TNFCDR01278,KTS,CDR2,K,3,1,disclosed_binder_claim,,fv_domain_vl,PLAbDab;USPTO patent sequences,TNFB02616,TNF-alpha-neutralizing antibodies || TNF-alpha-neutralizing antibodies | TNF.alpha.-neutralizing antibodies
TNFCDR01279,KVS,CDR2,K,3,12,disclosed_binder_claim,,fv_domain_vl;igg_chain_light,PLAbDab;USPTO patent sequences,TNFB02598;TNFB02599;TNFB02604;TNFB02684;TNFB03099;TNFB03100;TNFB03102;TNFB03103;TNFB03141;TNFB03142;TNFB03143;TNFB03144,Methods of binding TNF-alpha using anti-TNF-alpha antibody fragment-polymer conjugates
TNFCDR01280,LAS,CDR2,K,3,12,disclosed_binder_claim,,fv_domain_vl,PLAbDab;USPTO patent sequences,TNFB01653;TNFB01654;TNFB01655;TNFB02525;TNFB02601;TNFB02602;TNFB02608;TNFB02667;TNFB02668;TNFB02669;TNFB02670;TNFB02673,TNF-alpha-neutralizing antibodies || TNF-alpha-neutralizing antibodies | TNF.alpha.-neutralizing antibodies
TNFCDR01281,LGS,CDR2,K,3,3,disclosed_binder_claim,,fv_domain_vl,PLAbDab;USPTO patent sequences,TNFB02605;TNFB02609;TNFB02626,Bispecific antibodies directed against TNF-alpha and IL-17 | Immunobinders directed against TNF
TNFCDR01282,LSS,CDR2,K,3,2,disclosed_binder_claim,,fv_domain_vl,PLAbDab,TNFB02597;TNFB02610,Gene segments encoding variable domains of anti-TNF antibodies in health and multiple sclerosis
TNFCDR01283,MAS,CDR2,K,3,1,disclosed_binder_claim,,fv_domain_vl,PLAbDab,TNFB02606,Gene segments encoding variable domains of anti-TNF antibodies in health and multiple sclerosis
TNFCDR01284,MTS,CDR2,K,3,1,disclosed_binder_claim,,fv_domain_vl,USPTO patent sequences,TNFB02047,Bispecific antibodies directed against TNF-alpha and IL-17
TNFCDR01285,NAA,CDR2,K,3,1,disclosed_binder_claim,,fv_domain_vl,USPTO patent sequences,TNFB02130,Selection of human TNF.alpha. specific antibodies
TNFCDR01286,NAE,CDR2,K,3,1,disclosed_binder_claim,,fv_domain_vl,USPTO patent sequences,TNFB02659,"Bispecific antibodies that neutralize both TNF-alpha and IL-6: novel therapeutic agent for autoimmune disease | Murine, chimeric, humanized or human anti-TNF-alpha antibodies"
TNFCDR01287,NAK,CDR2,K,3,1,disclosed_binder_claim,,fv_domain_vl,USPTO patent sequences,TNFB02660,"Bispecific antibodies that neutralize both TNF-alpha and IL-6: novel therapeutic agent for autoimmune disease | Murine, chimeric, humanized or human anti-TNF-alpha antibodies"
TNFCDR01288,NAS,CDR2,K,3,3,disclosed_binder_claim,,fv_domain_vl,USPTO patent sequences,TNFB01865;TNFB02131;TNFB02161,Immunobinders directed against TNF
TNFCDR01289,NSN,CDR2,K,3,2,disclosed_binder_claim,,fv_domain_vl,PLAbDab;USPTO patent sequences,TNFB01840;TNFB02106,Antibody molecules which bind TNF alpha
TNFCDR01290,PTF,CDR2,K,3,2,disclosed_binder_claim,,fv_domain_vl,USPTO patent sequences,TNFB01756;TNFB02050,Bispecific antibodies directed against TNF-alpha and IL-17
TNFCDR01291,QAS,CDR2,K,3,22,disclosed_binder_claim,Licaminlimab (scFv) [Thera-SAbDab via PLAbDab Licaminlimab],fv_domain_vl,PLAbDab;USPTO patent sequences,TNFB01838;TNFB02228;TNFB02485;TNFB02486;TNFB02513;TNFB02526;TNFB02531;TNFB02532;TNFB02535;TNFB02536;TNFB02537;TNFB02547,Antibodies to TNF-alpha and use thereof
TNFCDR01292,QTF,CDR2,K,3,1,disclosed_binder_claim,,fv_domain_vl,USPTO patent sequences,TNFB02082,Bispecific antibodies directed against TNF-alpha and IL-17
TNFCDR01293,QTS,CDR2,K,3,1,disclosed_binder_claim,,fv_domain_vl,USPTO patent sequences,TNFB02020,Bispecific antibodies directed against TNF-alpha and IL-17
TNFCDR01294,RAS,CDR2,K,3,11,disclosed_binder_claim,,fv_domain_vl,PLAbDab;USPTO patent sequences,TNFB01832;TNFB02493;TNFB02494;TNFB02495;TNFB02538;TNFB02539;TNFB02540;TNFB02579;TNFB02584;TNFB02607;TNFB02621,Immunobinders directed against TNF
TNFCDR01295,RTS,CDR2,K,3,5,disclosed_binder_claim,,fv_domain_vl,USPTO patent sequences,TNFB02051;TNFB02052;TNFB02053;TNFB02054;TNFB02080,Bispecific antibodies directed against TNF-alpha and IL-17
TNFCDR01296,SAF,CDR2,K,3,19,disclosed_binder_claim,,fv_domain_vl,PLAbDab;USPTO patent sequences,TNFB02102;TNFB02103;TNFB02111;TNFB02112;TNFB02113;TNFB02114;TNFB02115;TNFB02116;TNFB02117;TNFB02118;TNFB02120;TNFB02171,Stable and soluble antibodies inhibiting TNF alpha
TNFCDR01297,SAN,CDR2,K,3,3,disclosed_binder_claim,,fv_domain_vl,PLAbDab;USPTO patent sequences,TNFB01795;TNFB02682;TNFB02683,Anti-TNF alpha antibodies which selectively inhibit TNF alpha signalling through the p55R
TNFCDR01298,SAS,CDR2,K,3,36,confirmed_binder,Certolizumab (Fab) [Thera-SAbDab via PLAbDab Certolizumab] ; Certolizumab pegol [PDB 5WUX_2],fab;fv_domain_vl,PLAbDab;RCSB PDB;USPTO patent sequences,TNFB00004;TNFB01823;TNFB01824;TNFB01825;TNFB01849;TNFB01998;TNFB02218;TNFB02225;TNFB02226;TNFB02227;TNFB02483;TNFB02484,Anti-TNF-alpha antibody
TNFCDR01299,SIS,CDR2,K,3,1,disclosed_binder_claim,,fv_domain_vl,PLAbDab;USPTO patent sequences,TNFB02578,TNF-alpha-neutralizing antibodies || TNF-alpha-neutralizing antibodies | TNF.alpha.-neutralizing antibodies
TNFCDR01300,SSS,CDR2,K,3,5,disclosed_binder_claim,,fv_domain_vl;igg_chain_light,USPTO patent sequences,TNFB02471;TNFB02503;TNFB02504;TNFB02661;TNFB03137,Humanized antibody specific for tumor necrosis factor-alpha
TNFCDR01301,STF,CDR2,K,3,4,disclosed_binder_claim,,fv_domain_vl,USPTO patent sequences,TNFB01714;TNFB01757;TNFB02011;TNFB02017,Bispecific antibodies directed against TNF-alpha and IL-17
TNFCDR01302,STS,CDR2,K,3,13,disclosed_binder_claim,,fv_domain_vl,PLAbDab;USPTO patent sequences,TNFB01694;TNFB01715;TNFB01758;TNFB02027;TNFB02036;TNFB02065;TNFB02149;TNFB02457;TNFB02458;TNFB02459;TNFB02460;TNFB02461,Bispecific antibodies directed against TNF-alpha and IL-17
TNFCDR01303,TAS,CDR2,K,3,1,disclosed_binder_claim,,fv_domain_vl,PLAbDab,TNFB02155,Gene segments encoding variable domains of anti-TNF antibodies in health and multiple sclerosis
TNFCDR01304,TTF,CDR2,K,3,2,disclosed_binder_claim,,fv_domain_vl,USPTO patent sequences,TNFB01695;TNFB01728,Bispecific antibodies directed against TNF-alpha and IL-17
TNFCDR01305,TTS,CDR2,K,3,1,disclosed_binder_claim,,fv_domain_vl,USPTO patent sequences,TNFB01708,Bispecific antibodies directed against TNF-alpha and IL-17
TNFCDR01306,VAS,CDR2,K,3,1,disclosed_binder_claim,,fv_domain_vl,PLAbDab;USPTO patent sequences,TNFB02600,TNF-alpha-neutralizing antibodies || TNF-alpha-neutralizing antibodies | TNF.alpha.-neutralizing antibodies
TNFCDR01307,WAS,CDR2,K,3,92,disclosed_binder_claim,,fv_domain_vl,PLAbDab;USPTO patent sequences,TNFB01797;TNFB01801;TNFB01802;TNFB01803;TNFB01804;TNFB01805;TNFB01808;TNFB01809;TNFB01810;TNFB01811;TNFB01812;TNFB01813,Immunobinders directed against TNF
TNFCDR01308,XAS,CDR2,K,3,1,disclosed_binder_claim,,fv_domain_vl,USPTO patent sequences,TNFB02090,Bispecific antibodies directed against TNF-alpha and IL-17 | Immunobinders directed against TNF
TNFCDR01309,XTX,CDR2,K,3,1,disclosed_binder_claim,,fv_domain_vl,USPTO patent sequences,TNFB02099,Bispecific antibodies directed against TNF-alpha and IL-17
TNFCDR01310,XXS,CDR2,K,3,2,disclosed_binder_claim,,fv_domain_vl,USPTO patent sequences,TNFB02002;TNFB02465,Bispecific antibodies directed against TNF-alpha and IL-17 | Immunobinders directed against TNF
TNFCDR01311,YAA,CDR2,K,3,1,disclosed_binder_claim,,fv_domain_vl,USPTO patent sequences,TNFB02681,Antibodies to TNF alpha and use thereof | Antibodies to TNF-alpha and use thereof
TNFCDR01312,YAS,CDR2,K,3,102,confirmed_binder,Infliximab (Whole mAb) [Thera-SAbDab via PLAbDab Infliximab] ; Infliximab [PDB 4G3Y_1] ; Remtolumab (Bispecific Dual Variable Domain IG) [Thera-SAbDab via PLAbD,fab;fv_domain_vl,PLAbDab;RCSB PDB;USPTO patent sequences,TNFB00002;TNFB01649;TNFB01787;TNFB01789;TNFB01790;TNFB01791;TNFB01792;TNFB01843;TNFB01868;TNFB01872;TNFB01873;TNFB01876,Antibodies to TNF alpha and use thereof
TNFCDR01313,YAT,CDR2,K,3,1,disclosed_binder_claim,,fv_domain_vl,PLAbDab,TNFB01786,Gene segments encoding variable domains of anti-TNF antibodies in health and multiple sclerosis
TNFCDR01314,YDS,CDR2,K,3,1,disclosed_binder_claim,,fv_domain_vl,USPTO patent sequences,TNFB02252,Immunobinders directed against TNF
TNFCDR01315,YES,CDR2,K,3,3,disclosed_binder_claim,,fv_domain_vl,USPTO patent sequences,TNFB02257;TNFB02406;TNFB02417,Immunobinders directed against TNF
TNFCDR01316,YFS,CDR2,K,3,1,disclosed_binder_claim,,fv_domain_vl,USPTO patent sequences,TNFB02407,Immunobinders directed against TNF
TNFCDR01317,YGS,CDR2,K,3,15,disclosed_binder_claim,,fv_domain_vl,PLAbDab;USPTO patent sequences,TNFB02132;TNFB02133;TNFB02134;TNFB02135;TNFB02270;TNFB02282;TNFB02313;TNFB02322;TNFB02349;TNFB02408;TNFB02409;TNFB02474,Humanized anti-TNF-alpha antibody and antigen-binding fragment (Fab) thereof and use of the same
TNFCDR01318,YIS,CDR2,K,3,1,disclosed_binder_claim,,fv_domain_vl,USPTO patent sequences,TNFB02364,Immunobinders directed against TNF
TNFCDR01319,YKS,CDR2,K,3,1,disclosed_binder_claim,,fv_domain_vl,USPTO patent sequences,TNFB02431,Immunobinders directed against TNF
TNFCDR01320,YMS,CDR2,K,3,1,disclosed_binder_claim,,fv_domain_vl,USPTO patent sequences,TNFB02365,Immunobinders directed against TNF
TNFCDR01321,YPS,CDR2,K,3,7,disclosed_binder_claim,,fv_domain_vl,USPTO patent sequences,TNFB02265;TNFB02274;TNFB02286;TNFB02319;TNFB02346;TNFB02366;TNFB02424,Immunobinders directed against TNF
TNFCDR01322,YRS,CDR2,K,3,1,disclosed_binder_claim,,fv_domain_vl,USPTO patent sequences,TNFB02234,Anti-TNF-alpha binding compounds and uses thereof
TNFCDR01323,YSS,CDR2,K,3,5,disclosed_binder_claim,,fv_domain_vl,USPTO patent sequences,TNFB02281;TNFB02314;TNFB02323;TNFB02339;TNFB02410,Immunobinders directed against TNF
TNFCDR01324,YTS,CDR2,K,3,94,disclosed_binder_claim,,fv_domain_vl,PLAbDab;USPTO patent sequences,TNFB01788;TNFB01850;TNFB01851;TNFB01852;TNFB01853;TNFB01854;TNFB01855;TNFB01856;TNFB01857;TNFB01859;TNFB01860;TNFB01861,Characterization of the neutralizing activity of three anti-human TNF monoclonal antibodies and prediction of their TNF epitopes by molecular modeling and mutant protein approach
TNFCDR01325,YVS,CDR2,K,3,9,disclosed_binder_claim,,fv_domain_vl,USPTO patent sequences,TNFB02258;TNFB02283;TNFB02367;TNFB02412;TNFB02418;TNFB02419;TNFB02425;TNFB02436;TNFB02444,Immunobinders directed against TNF
TNFCDR01326,YKVS,CDR2,K,4,2,disclosed_binder_claim,,fv_domain_vl,USPTO patent sequences,TNFB02635;TNFB02636,Methods of binding TNF-alpha using anti-TNF-alpha antibody fragment-polymer conjugates
TNFCDR01327,YSGS,CDR2,K,4,1,disclosed_binder_claim,,fv_domain_vl,USPTO patent sequences,TNFB02470,Methods of binding TNF-alpha using anti-TNF-alpha antibody fragment-polymer conjugates
TNFCDR01328,XXXXXXXXXXX,CDR2,K,11,2,disclosed_binder_claim,,igg_chain_light,USPTO patent sequences,TNFB03124;TNFB03125,Stable and soluble antibodies inhibiting TNF alpha | Stable and soluble antibodies inhibiting TNF-alpha
TNFCDR01329,AKN,CDR2,L,3,1,disclosed_binder_claim,,fv_domain_vl,PLAbDab,TNFB02169,Gene segments encoding variable domains of anti-TNF antibodies in health and multiple sclerosis
TNFCDR01330,DDK,CDR2,L,3,1,disclosed_binder_claim,,fv_domain_vl,PLAbDab,TNFB01784,Gene segments encoding variable domains of anti-TNF antibodies in health and multiple sclerosis
TNFCDR01331,DDS,CDR2,L,3,2,disclosed_binder_claim,,fv_domain_vl,PLAbDab,TNFB02180;TNFB02181,Gene segments encoding variable domains of anti-TNF antibodies in health and multiple sclerosis
TNFCDR01332,DYS,CDR2,L,3,1,disclosed_binder_claim,,fv_domain_vl,PLAbDab,TNFB02182,Gene segments encoding variable domains of anti-TNF antibodies in health and multiple sclerosis
TNFCDR01333,EDD,CDR2,L,3,1,disclosed_binder_claim,,fv_domain_vl,PLAbDab,TNFB02541,Gene segments encoding variable domains of anti-TNF antibodies in health and multiple sclerosis
TNFCDR01334,EDN,CDR2,L,3,4,disclosed_binder_claim,,fv_domain_vl,PLAbDab,TNFB02498;TNFB02542;TNFB02543;TNFB02577,Gene segments encoding variable domains of anti-TNF antibodies in health and multiple sclerosis
TNFCDR01335,EDS,CDR2,L,3,1,disclosed_binder_claim,,fv_domain_vl,PLAbDab,TNFB02172,Gene segments encoding variable domains of anti-TNF antibodies in health and multiple sclerosis
TNFCDR01336,END,CDR2,L,3,1,disclosed_binder_claim,,fv_domain_vl,PLAbDab,TNFB02497,Gene segments encoding variable domains of anti-TNF antibodies in health and multiple sclerosis
TNFCDR01337,ENT,CDR2,L,3,1,disclosed_binder_claim,,fv_domain_vl,PLAbDab,TNFB02167,Gene segments encoding variable domains of anti-TNF antibodies in health and multiple sclerosis
TNFCDR01338,GKN,CDR2,L,3,3,disclosed_binder_claim,,fv_domain_vl,PLAbDab,TNFB01782;TNFB02168;TNFB02170,Gene segments encoding variable domains of anti-TNF antibodies in health and multiple sclerosis
TNFCDR01339,GNN,CDR2,L,3,2,disclosed_binder_claim,,fv_domain_vl,PLAbDab;USPTO patent sequences,TNFB01656;TNFB01781,Anti-TNF-alpha/CXCL10 double-targeting antibody and use thereof
TNFCDR01340,GNS,CDR2,L,3,3,disclosed_binder_claim,,fv_domain_vl;igg_chain_light,PLAbDab;USPTO patent sequences,TNFB02580;TNFB02582;TNFB03101,Reconstruction and analysis of a human anti-TNF-a ScFv antibody
TNFCDR01341,GSG,CDR2,L,3,1,disclosed_binder_claim,,igg_chain_light,USPTO patent sequences,TNFB03138,IL-23 and TNF-alpha binding bi-specific heavy chain polypeptides
TNFCDR01342,KDT,CDR2,L,3,1,disclosed_binder_claim,,fv_domain_vl,USPTO patent sequences,TNFB02464,Bispecific antibodies directed against TNF-alpha and IL-17 | Immunobinders directed against TNF
TNFCDR01343,QDT,CDR2,L,3,1,disclosed_binder_claim,,fv_domain_vl,USPTO patent sequences,TNFB01658,Anti-TNF-alpha/CXCL10 double-targeting antibody and use thereof
TNFCDR01344,RDI,CDR2,L,3,1,disclosed_binder_claim,,fv_domain_vl,PLAbDab,TNFB02514,Gene segments encoding variable domains of anti-TNF antibodies in health and multiple sclerosis
TNFCDR01345,SND,CDR2,L,3,1,disclosed_binder_claim,,fv_domain_vl,PLAbDab,TNFB02502,Gene segments encoding variable domains of anti-TNF antibodies in health and multiple sclerosis
TNFCDR01346,SNN,CDR2,L,3,1,disclosed_binder_claim,,fv_domain_vl,PLAbDab,TNFB02583,Gene segments encoding variable domains of anti-TNF antibodies in health and multiple sclerosis
TNFCDR01347,STS,CDR2,L,3,1,disclosed_binder_claim,,fv_domain_vl,PLAbDab,TNFB02618,Gene segments encoding variable domains of anti-TNF antibodies in health and multiple sclerosis
TNFCDR01348,YDS,CDR2,L,3,1,disclosed_binder_claim,,fv_domain_vl,USPTO patent sequences,TNFB01659,Anti-TNF-alpha/CXCL10 double-targeting antibody and use thereof
TNFCDR01349,YND,CDR2,L,3,2,disclosed_binder_claim,,fv_domain_vl,PLAbDab;USPTO patent sequences,TNFB02581;TNFB02619,High concentration anti-TNF-alpha antibody liquid formulations || Monoclonal antibodies to human proinflammatory cytokines and methods for treating inflammatory diseases
TNFCDR01350,A,CDR3,H,1,1,disclosed_binder_claim,,fv_domain_vh,USPTO patent sequences,TNFB01608,Antibodies to TNF alpha and use thereof | Antibodies to TNF-alpha and use thereof
TNFCDR01351,V,CDR3,H,1,4,disclosed_binder_claim,,fv_domain_vh;vhh_putative,USPTO patent sequences,TNFB00289;TNFB00347;TNFB00348;TNFB00349,Nanobodies against tumor necrosis factor-alpha
TNFCDR01352,AK,CDR3,H,2,1,disclosed_binder_claim,,fv_domain_vh,USPTO patent sequences,TNFB00313,Single domain antibodies directed against tumor necrosis factor-alpha and uses therefor
TNFCDR01353,AR,CDR3,H,2,11,disclosed_binder_claim,,fv_domain_vh,PLAbDab;USPTO patent sequences,TNFB00311;TNFB00312;TNFB00314;TNFB00316;TNFB00318;TNFB00319;TNFB00330;TNFB00331;TNFB00332;TNFB00333;TNFB00352,Nanobodies against tumor necrosis factor-alpha
TNFCDR01354,GR,CDR3,H,2,1,disclosed_binder_claim,,vhh_putative,USPTO patent sequences,TNFB00296,Nanobodies against tumor necrosis factor-alpha
TNFCDR01355,VR,CDR3,H,2,1,disclosed_binder_claim,,fv_domain_vh,PLAbDab,TNFB00317,Antibodies to TNF alpha and use thereof
TNFCDR01356,ARD,CDR3,H,3,2,disclosed_binder_claim,,fv_domain_vh,PLAbDab;USPTO patent sequences,TNFB00321;TNFB01362,Antibodies to TNF alpha and use thereof | Antibodies to TNF-alpha and use thereof
TNFCDR01357,ARAA,CDR3,H,4,1,disclosed_binder_claim,,fv_domain_vh,PLAbDab,TNFB00315,Antibodies to TNF alpha and use thereof
TNFCDR01358,ARNY,CDR3,H,4,1,disclosed_binder_claim,,fv_domain_vh,USPTO patent sequences,TNFB01361,Antibodies to TNF alpha and use thereof | Antibodies to TNF-alpha and use thereof
TNFCDR01359,ARDAG,CDR3,H,5,1,disclosed_binder_claim,,fv_domain_vh,USPTO patent sequences,TNFB01617,Antibodies to TNF alpha and use thereof | Antibodies to TNF-alpha and use thereof
TNFCDR01360,TPFAY,CDR3,H,5,2,disclosed_binder_claim,,fv_domain_vh,USPTO patent sequences,TNFB00340;TNFB00341,Humanized anti-human tumor necrosis factor alpha monoclonal antibody and sequence thereof
TNFCDR01361,TRRDY,CDR3,H,5,1,disclosed_binder_claim,,fv_domain_vh,USPTO patent sequences,TNFB01631,Antibodies to TNF alpha and use thereof | Antibodies to TNF-alpha and use thereof
TNFCDR01362,AGSIYY,CDR3,H,6,2,disclosed_binder_claim,,fv_domain_vh,PLAbDab;USPTO patent sequences,TNFB00324;TNFB01607,Antibodies to TNF alpha and use thereof | Antibodies to TNF-alpha and use thereof
TNFCDR01363,ARGGAY,CDR3,H,6,1,disclosed_binder_claim,,fv_domain_vh,USPTO patent sequences,TNFB01392,Antibodies to TNF alpha and use thereof | Antibodies to TNF-alpha and use thereof
TNFCDR01364,ARYFDY,CDR3,H,6,1,disclosed_binder_claim,,fv_domain_vh,USPTO patent sequences,TNFB00336,Antibody molecules which bind TNF alpha
TNFCDR01365,TRRDYT,CDR3,H,6,1,disclosed_binder_claim,,fv_domain_vh,PLAbDab,TNFB00322,Antibodies to TNF alpha and use thereof
TNFCDR01366,VSLTLG,CDR3,H,6,1,disclosed_binder_claim,,fv_domain_vh,USPTO patent sequences,TNFB00337,Bispecific antibodies directed against TNF-alpha and IL-17 | Immunobinders directed against TNF
TNFCDR01367,ARAASGA,CDR3,H,7,1,disclosed_binder_claim,,fv_domain_vh,USPTO patent sequences,TNFB01625,Antibodies to TNF alpha and use thereof | Antibodies to TNF-alpha and use thereof
TNFCDR01368,ARNGNYN,CDR3,H,7,2,disclosed_binder_claim,,fv_domain_vh,USPTO patent sequences,TNFB01591;TNFB01593,Antibodies to TNF alpha and use thereof | Antibodies to TNF-alpha and use thereof
TNFCDR01369,ARRGFDY,CDR3,H,7,1,disclosed_binder_claim,,fv_domain_vh,PLAbDab,TNFB00344,Gene segments encoding variable domains of anti-TNF antibodies in health and multiple sclerosis
TNFCDR01370,NKVPYID,CDR3,H,7,1,disclosed_binder_claim,,vhh,USPTO patent sequences,TNFB00011,Single domain antibodies directed against tumor necrosis factor-alpha and uses therefor
TNFCDR01371,VRNDNYN,CDR3,H,7,1,disclosed_binder_claim,,fv_domain_vh,USPTO patent sequences,TNFB01590,Antibodies to TNF alpha and use thereof | Antibodies to TNF-alpha and use thereof
TNFCDR01372,VRNGNYN,CDR3,H,7,2,disclosed_binder_claim,,fv_domain_vh,USPTO patent sequences,TNFB01592;TNFB01594,Antibodies to TNF alpha and use thereof | Antibodies to TNF-alpha and use thereof
TNFCDR01373,ALNQAGLS,CDR3,H,8,2,disclosed_binder_claim,,fv_domain_vh,USPTO patent sequences,TNFB00373;TNFB00380,Single domain antibodies directed against tumor necrosis factor-alpha and uses therefor
TNFCDR01374,ARDPSGKL,CDR3,H,8,2,disclosed_binder_claim,,fv_domain_vh,USPTO patent sequences,TNFB00378;TNFB00379,Single domain antibodies directed against tumor necrosis factor-alpha and uses therefor
TNFCDR01375,ARNQHGLN,CDR3,H,8,1,disclosed_binder_claim,,fv_domain_vh,USPTO patent sequences,TNFB00351,IL-23 and TNF-alpha binding bi-specific heavy chain polypeptides
TNFCDR01376,ARNWDTGL,CDR3,H,8,1,disclosed_binder_claim,,fv_domain_vh,USPTO patent sequences,TNFB00383,Anti-TNF-/anti-IL-23 bispecific antibodies
TNFCDR01377,ARSPSGFN,CDR3,H,8,14,confirmed_binder,Ozoralizumab (TNF30 VHH domain) [PDB 8Z8M_2] ; Ozoralizumab [PDB 21TV_1] ; Ozoralizumab-related nanobody construct [PDB 21TW_1],fv_domain_vh;igg_chain_heavy;vhh,RCSB PDB;USPTO patent sequences,TNFB00273;TNFB00355;TNFB00356;TNFB00357;TNFB00358;TNFB00381;TNFB00013;TNFB00125;TNFB02767;TNFB02872;TNFB02873;TNFB02874,Nanobodies against tumor necrosis factor-alpha
TNFCDR01378,ARSPSGSF,CDR3,H,8,5,disclosed_binder_claim,,fv_domain_vh;igg_chain_heavy,USPTO patent sequences,TNFB00359;TNFB00374;TNFB00376;TNFB01598;TNFB02769,Nanobodies against tumor necrosis factor-alpha
TNFCDR01379,ARXXXGXN,CDR3,H,8,1,disclosed_binder_claim,,fv_domain_vh,USPTO patent sequences,TNFB00385,Nanobodies against tumor necrosis factor-alpha
TNFCDR01380,ASVTSGGY,CDR3,H,8,1,disclosed_binder_claim,,fv_domain_vh,PLAbDab,TNFB00335,Gene segments encoding variable domains of anti-TNF antibodies in health and multiple sclerosis
TNFCDR01381,GRRGYGRD,CDR3,H,8,3,disclosed_binder_claim,,vhh_putative,USPTO patent sequences,TNFB00294;TNFB00295;TNFB00297,Nanobodies against tumor necrosis factor-alpha
TNFCDR01382,KTHGSHDN,CDR3,H,8,1,disclosed_binder_claim,,fv_domain_vh,PLAbDab;USPTO patent sequences,TNFB00382,High concentration anti-TNF-alpha antibody liquid formulations || Monoclonal antibodies to human proinflammatory cytokines and methods for treating inflammatory diseases
TNFCDR01383,QRRGYALD,CDR3,H,8,2,disclosed_binder_claim,,vhh;vhh_putative,USPTO patent sequences,TNFB00019;TNFB00302,Nanobodies against tumor necrosis factor-alpha
TNFCDR01384,TIGGSLNP,CDR3,H,8,1,disclosed_binder_claim,,fv_domain_vh,USPTO patent sequences,TNFB00375,Single domain antibodies directed against tumor necrosis factor-alpha and uses therefor
TNFCDR01385,TIGGSLSR,CDR3,H,8,21,disclosed_binder_claim,,fv_domain_vh;vhh_putative,USPTO patent sequences,TNFB00291;TNFB00292;TNFB00293;TNFB00299;TNFB00353;TNFB00354;TNFB00360;TNFB00361;TNFB00362;TNFB00363;TNFB00364;TNFB00365,Nanobodies against tumor necrosis factor-alpha
TNFCDR01386,TSVDLGDH,CDR3,H,8,1,disclosed_binder_claim,,vhh_putative,USPTO patent sequences,TNFB00298,Bispecific antibodies directed against TNF-alpha and IL-17 | Immunobinders directed against TNF
TNFCDR01387,AKGGAAFDY,CDR3,H,9,2,disclosed_binder_claim,,fv_domain_vh;igg_chain_heavy,PLAbDab;USPTO patent sequences,TNFB00386;TNFB02911,Isolation of anti-TNF alpha scFv antibody from phage antibody library
TNFCDR01388,AKRAPAFDY,CDR3,H,9,1,disclosed_binder_claim,,igg_chain_heavy,USPTO patent sequences,TNFB02910,Anti-TNF/IFN scFv-Fc bispecific antibody and uses thereof
TNFCDR01389,APGRWYLEV,CDR3,H,9,2,disclosed_binder_claim,,fv_domain_vh,USPTO patent sequences,TNFB00329;TNFB00384,DNA molecule encoding TNF binding ligands and vectors and host cells containing the DNA molecule
TNFCDR01390,ARDQSQTKY,CDR3,H,9,1,disclosed_binder_claim,,fv_domain_vh,PLAbDab,TNFB00327,Gene segments encoding variable domains of anti-TNF antibodies in health and multiple sclerosis
TNFCDR01391,AREGSGYDY,CDR3,H,9,1,disclosed_binder_claim,,fv_domain_vh,PLAbDab,TNFB00387,Gene segments encoding variable domains of anti-TNF antibodies in health and multiple sclerosis
TNFCDR01392,ARGWYEFNV,CDR3,H,9,1,disclosed_binder_claim,,fv_domain_vh,PLAbDab;USPTO patent sequences,TNFB00338,TNF-alpha-neutralizing antibodies || TNF-alpha-neutralizing antibodies | TNF.alpha.-neutralizing antibodies
TNFCDR01393,ARHGWGMDV,CDR3,H,9,1,disclosed_binder_claim,,fv_domain_vh,PLAbDab,TNFB00404,Reconstruction and analysis of a human anti-TNF-a ScFv antibody
TNFCDR01394,ASRVDDRVS,CDR3,H,9,2,disclosed_binder_claim,,fv_domain_vh,USPTO patent sequences,TNFB00402;TNFB00403,Single domain antibodies directed against tumor necrosis factor-alpha and uses therefor
TNFCDR01395,ATYTRAFDY,CDR3,H,9,1,disclosed_binder_claim,,fv_domain_vh,PLAbDab,TNFB00405,Gene segments encoding variable domains of anti-TNF antibodies in health and multiple sclerosis
TNFCDR01396,NAVPPRDDY,CDR3,H,9,1,disclosed_binder_claim,,vhh,USPTO patent sequences,TNFB00012,Nanobodies against tumor necrosis factor-alpha
TNFCDR01397,NTYPTWVLS,CDR3,H,9,3,disclosed_binder_claim,,vhh,USPTO patent sequences,TNFB00021;TNFB00022;TNFB00023,Single domain antibodies directed against tumor necrosis factor-alpha and uses therefor
TNFCDR01398,TIGRSVSRS,CDR3,H,9,1,disclosed_binder_claim,,vhh_putative,USPTO patent sequences,TNFB00300,Nanobodies against tumor necrosis factor-alpha
TNFCDR01399,VTSSGSFDY,CDR3,H,9,1,disclosed_binder_claim,,fv_domain_vh,PLAbDab,TNFB00389,Gene segments encoding variable domains of anti-TNF antibodies in health and multiple sclerosis
TNFCDR01400,AIFDSDYMDV,CDR3,H,10,1,disclosed_binder_claim,,fv_domain_vh,USPTO patent sequences,TNFB00633,Bispecific antibodies directed against TNF-alpha and IL-17 | Immunobinders directed against TNF
TNFCDR01401,ARDANYVLDY,CDR3,H,10,1,disclosed_binder_claim,,vhh,USPTO patent sequences,TNFB00014,"Bispecific antibodies that neutralize both TNF-alpha and IL-6: novel therapeutic agent for autoimmune disease | Murine, chimeric, humanized or human anti-TNF-alpha antibodies"
TNFCDR01402,ARDGDYYFDY,CDR3,H,10,1,disclosed_binder_claim,,vhh_putative,PLAbDab;USPTO patent sequences,TNFB00290,"Bispecific antibodies that neutralize both TNF-alpha and IL-6: novel therapeutic agent for autoimmune disease | Murine, chimeric, humanized or human anti-TNF-alpha antibodies || Characterization of th"
TNFCDR01403,ARDKRAAFDI,CDR3,H,10,1,disclosed_binder_claim,,fv_domain_vh,USPTO patent sequences,TNFB00661,Anti-TNF-alpha/CXCL10 double-targeting antibody and use thereof
TNFCDR01404,ARDQDESNDY,CDR3,H,10,1,disclosed_binder_claim,,fv_domain_vh,PLAbDab,TNFB00334,Gene segments encoding variable domains of anti-TNF antibodies in health and multiple sclerosis
TNFCDR01405,ARERGDAMDY,CDR3,H,10,39,disclosed_binder_claim,,fv_domain_vh,PLAbDab;USPTO patent sequences,TNFB00397;TNFB00636;TNFB00643;TNFB00644;TNFB00645;TNFB00646;TNFB00647;TNFB00648;TNFB00649;TNFB00650;TNFB00651;TNFB00652,Stable and soluble antibodies inhibiting TNF alpha | Stable and soluble antibodies inhibiting TNF-alpha
TNFCDR01406,ARGDFGAMDY,CDR3,H,10,1,disclosed_binder_claim,,fv_domain_vh,PLAbDab,TNFB00343,Characterization of the neutralizing activity of three anti-human TNF monoclonal antibodies and prediction of their TNF epitopes by molecular modeling and mutant protein approach
TNFCDR01407,ARWYYKPFDV,CDR3,H,10,2,disclosed_binder_claim,,fv_domain_vh;igg_chain_heavy,USPTO patent sequences,TNFB00634;TNFB02879,Method of treating inflammatory bowel disease with a combination therapy of antibodies to IL-23 and TNF alpha
TNFCDR01408,ARYDFDGFDY,CDR3,H,10,7,disclosed_binder_claim,,fv_domain_vh,PLAbDab;USPTO patent sequences,TNFB00662;TNFB00663;TNFB00664;TNFB00668;TNFB00669;TNFB00670;TNFB00672,Humanized anti-TNF-alpha antibodies
TNFCDR01409,ARYDSRGFDC,CDR3,H,10,4,disclosed_binder_claim,,fv_domain_vh,USPTO patent sequences,TNFB00665;TNFB00666;TNFB00667;TNFB00671,Humanized antibody specific for tumor necrosis factor-alpha
TNFCDR01410,ATDSDWAFDH,CDR3,H,10,1,disclosed_binder_claim,,fv_domain_vh,PLAbDab,TNFB00323,Gene segments encoding variable domains of anti-TNF antibodies in health and multiple sclerosis
TNFCDR01411,HSYDPRGDDY,CDR3,H,10,1,disclosed_binder_claim,,vhh,USPTO patent sequences,TNFB00016,Polypeptides comprising immunoglobulin single variable domains targeting IL-6 and TNF-alpha
TNFCDR01412,KIRRTWHSEL,CDR3,H,10,2,disclosed_binder_claim,,vhh,USPTO patent sequences,TNFB00015;TNFB00018,Nanobodies against tumor necrosis factor-alpha
TNFCDR01413,NARRWYQPEA,CDR3,H,10,1,disclosed_binder_claim,,vhh,USPTO patent sequences,TNFB00017,Single domain antibodies directed against tumor necrosis factor-alpha and uses therefor
TNFCDR01414,QTSGSGSPNF,CDR3,H,10,1,disclosed_binder_claim,,vhh,USPTO patent sequences,TNFB00171,Polypeptides comprising immunoglobulin single variable domains targeting TNFA and IL-23
TNFCDR01415,AKDSGDLAFDI,CDR3,H,11,1,disclosed_binder_claim,,fv_domain_vh,PLAbDab,TNFB00700,Anti Human TNF-alpha antibody genes
TNFCDR01416,AKRTHTTDFDY,CDR3,H,11,4,disclosed_binder_claim,,fv_domain_vh,PLAbDab;USPTO patent sequences,TNFB00408;TNFB00409;TNFB01638;TNFB01639,Anti-TNF alpha antibodies which selectively inhibit TNF alpha signalling through the p55R
TNFCDR01417,AQNYYGSTPDY,CDR3,H,11,40,disclosed_binder_claim,,fv_domain_vh,USPTO patent sequences,TNFB00709;TNFB00710;TNFB00711;TNFB00713;TNFB00716;TNFB00718;TNFB00739;TNFB00741;TNFB00742;TNFB00743;TNFB00744;TNFB00752,Anti-TNF.alpha. antibodies | Anti-TNF.alpha. antibodies and methods of use
TNFCDR01418,AQNYYGSTYDY,CDR3,H,11,49,disclosed_binder_claim,,fv_domain_vh,USPTO patent sequences,TNFB00707;TNFB00708;TNFB00714;TNFB00724;TNFB00725;TNFB00727;TNFB00734;TNFB00737;TNFB00738;TNFB00750;TNFB00753;TNFB00754,Anti-TNF.alpha. antibodies | Anti-TNF.alpha. antibodies and methods of use
TNFCDR01419,ARDGGSAGFNI,CDR3,H,11,1,disclosed_binder_claim,,fv_domain_vh,PLAbDab;USPTO patent sequences,TNFB00401,TNF-alpha-neutralizing antibodies || TNF-alpha-neutralizing antibodies | TNF.alpha.-neutralizing antibodies
TNFCDR01420,ARDWHHGLFDY,CDR3,H,11,1,disclosed_binder_claim,,fv_domain_vh,USPTO patent sequences,TNFB00497,Immunobinders directed against TNF
TNFCDR01421,ARDWHHGRFAY,CDR3,H,11,2,disclosed_binder_claim,,fv_domain_vh,USPTO patent sequences,TNFB00619;TNFB00620,Immunobinders directed against TNF
TNFCDR01422,ARDWHHGRFDY,CDR3,H,11,1,disclosed_binder_claim,,fv_domain_vh,USPTO patent sequences,TNFB00478,Immunobinders directed against TNF
TNFCDR01423,ARDWHNGRFDY,CDR3,H,11,1,disclosed_binder_claim,,fv_domain_vh,USPTO patent sequences,TNFB00465,Immunobinders directed against TNF
TNFCDR01424,ARDWQHGPEGY,CDR3,H,11,1,disclosed_binder_claim,,fv_domain_vh,USPTO patent sequences,TNFB00598,Immunobinders directed against TNF
TNFCDR01425,ARDWQHGPIGY,CDR3,H,11,1,disclosed_binder_claim,,fv_domain_vh,USPTO patent sequences,TNFB00595,Immunobinders directed against TNF
TNFCDR01426,ARDWQHGPLGY,CDR3,H,11,1,disclosed_binder_claim,,fv_domain_vh,USPTO patent sequences,TNFB00580,Immunobinders directed against TNF
TNFCDR01427,ARDWQHGPSVY,CDR3,H,11,1,disclosed_binder_claim,,fv_domain_vh,USPTO patent sequences,TNFB00576,Immunobinders directed against TNF
TNFCDR01428,AREWHHGPVAY,CDR3,H,11,122,disclosed_binder_claim,,fv_domain_vh,USPTO patent sequences,TNFB00429;TNFB00430;TNFB00431;TNFB00432;TNFB00448;TNFB00449;TNFB00450;TNFB00451;TNFB00452;TNFB00453;TNFB00454;TNFB00455,TNF-alpha binding proteins
TNFCDR01429,AREWQHGPAAY,CDR3,H,11,3,disclosed_binder_claim,,fv_domain_vh,USPTO patent sequences,TNFB00553;TNFB00607;TNFB00608,Immunobinders directed against TNF
TNFCDR01430,AREWQHGPLAY,CDR3,H,11,13,disclosed_binder_claim,,fv_domain_vh,USPTO patent sequences,TNFB00500;TNFB00534;TNFB00551;TNFB00577;TNFB00585;TNFB00592;TNFB00597;TNFB00600;TNFB00601;TNFB00605;TNFB00606;TNFB00611,Immunobinders directed against TNF
TNFCDR01431,AREWQHGPLGY,CDR3,H,11,4,disclosed_binder_claim,,fv_domain_vh,USPTO patent sequences,TNFB00557;TNFB00564;TNFB00587;TNFB00588,Immunobinders directed against TNF
TNFCDR01432,AREWQHGPSAY,CDR3,H,11,1,disclosed_binder_claim,,fv_domain_vh,USPTO patent sequences,TNFB00609,Bispecific antibodies directed against TNF-alpha and IL-17 | Immunobinders directed against TNF
TNFCDR01433,AREWQHGPVAY,CDR3,H,11,31,disclosed_binder_claim,,fv_domain_vh,USPTO patent sequences,TNFB00446;TNFB00498;TNFB00519;TNFB00535;TNFB00545;TNFB00548;TNFB00550;TNFB00554;TNFB00562;TNFB00565;TNFB00569;TNFB00572,Immunobinders directed against TNF
TNFCDR01434,AREWQHGPVGY,CDR3,H,11,8,disclosed_binder_claim,,fv_domain_vh,USPTO patent sequences,TNFB00489;TNFB00499;TNFB00503;TNFB00555;TNFB00571;TNFB00578;TNFB00583;TNFB00603,Immunobinders directed against TNF
TNFCDR01435,AREWQHSGLAY,CDR3,H,11,1,disclosed_binder_claim,,fv_domain_vh,USPTO patent sequences,TNFB00522,Bispecific antibodies directed against TNF-alpha and IL-17 | Immunobinders directed against TNF
TNFCDR01436,AREWQYGPLAY,CDR3,H,11,1,disclosed_binder_claim,,fv_domain_vh,USPTO patent sequences,TNFB00538,Immunobinders directed against TNF
TNFCDR01437,ARGDSYWYFDF,CDR3,H,11,3,disclosed_binder_claim,,fv_domain_vh,PLAbDab;USPTO patent sequences,TNFB00642;TNFB00701;TNFB00903,Bi-specific affinity reagents for cell-lineage-specific TNF-alpha neutralization
TNFCDR01438,ARGGGSGGGGS,CDR3,H,11,1,disclosed_binder_claim,,fv_domain_vh,PLAbDab,TNFB00641,Cell-type-restricted anti-cytokine therapy: TNF inhibition from one pathogenic source
TNFCDR01439,ARGYRSYAMDY,CDR3,H,11,6,confirmed_binder,Certolizumab (Fab) [Thera-SAbDab via PLAbDab Certolizumab] ; Certolizumab pegol [PDB 5WUX_1],fab;fv_domain_vh;igg_chain_heavy;vhh_putative,PLAbDab;RCSB PDB;USPTO patent sequences,TNFB00007;TNFB00303;TNFB00683;TNFB00702;TNFB02686;TNFB02761,Anti-TNF alpha monoclonal secretory IgA antibodies and methods for treating inflammatory diseases || Anti-TNF alpha monoclonal secretory IgA antibodies and methods for treating inflammatory diseases |
TNFCDR01440,ARHGHHGPFVY,CDR3,H,11,1,disclosed_binder_claim,,fv_domain_vh,USPTO patent sequences,TNFB00466,Immunobinders directed against TNF
TNFCDR01441,ARHSHDGRFDY,CDR3,H,11,1,disclosed_binder_claim,,fv_domain_vh,USPTO patent sequences,TNFB00480,Immunobinders directed against TNF
TNFCDR01442,ARHWHHGAVDY,CDR3,H,11,1,disclosed_binder_claim,,fv_domain_vh,USPTO patent sequences,TNFB00623,Immunobinders directed against TNF
TNFCDR01443,ARLLHKGPIDY,CDR3,H,11,1,disclosed_binder_claim,,fv_domain_vh,USPTO patent sequences,TNFB00485,Immunobinders directed against TNF
TNFCDR01444,ARLYYGSTYDY,CDR3,H,11,1,disclosed_binder_claim,,fv_domain_vh,USPTO patent sequences,TNFB00416,Selection of human TNF.alpha. specific antibodies
TNFCDR01445,ARNDYGAAYDH,CDR3,H,11,2,disclosed_binder_claim,,igg_chain_heavy,USPTO patent sequences,TNFB02760;TNFB02906,"Fully human antibody to human TNF-alpha-, molecular evolution and use thereof"
TNFCDR01446,ARNVDGAPYDH,CDR3,H,11,2,disclosed_binder_claim,,igg_chain_heavy,USPTO patent sequences,TNFB02762;TNFB02907,"Fully human antibody to human TNF-alpha-, molecular evolution and use thereof"
TNFCDR01447,ARNYAGSTYDY,CDR3,H,11,1,disclosed_binder_claim,,fv_domain_vh,USPTO patent sequences,TNFB00417,Selection of human TNF.alpha. specific antibodies
TNFCDR01448,ARNYYGSLYDY,CDR3,H,11,1,disclosed_binder_claim,,fv_domain_vh,USPTO patent sequences,TNFB00418,Selection of human TNF.alpha. specific antibodies
TNFCDR01449,ARNYYGSTFDY,CDR3,H,11,3,disclosed_binder_claim,,fv_domain_vh,USPTO patent sequences,TNFB00410;TNFB00419;TNFB00435,Selection of human TNF.alpha. specific antibodies
TNFCDR01450,ARNYYGSTHDY,CDR3,H,11,3,disclosed_binder_claim,,fv_domain_vh,USPTO patent sequences,TNFB00411;TNFB00420;TNFB00436,Selection of human TNF.alpha. specific antibodies
TNFCDR01451,ARNYYGSTIDY,CDR3,H,11,1,disclosed_binder_claim,,fv_domain_vh,USPTO patent sequences,TNFB00437,Selection of human TNF.alpha. specific antibodies
TNFCDR01452,ARNYYGSTLDY,CDR3,H,11,8,disclosed_binder_claim,,fv_domain_vh,USPTO patent sequences,TNFB00412;TNFB00421;TNFB00434;TNFB00438;TNFB00442;TNFB00443;TNFB00444;TNFB00445,Selection of human TNF.alpha. specific antibodies
TNFCDR01453,ARNYYGSTMDY,CDR3,H,11,3,disclosed_binder_claim,,fv_domain_vh,USPTO patent sequences,TNFB00413;TNFB00422;TNFB00439,Selection of human TNF.alpha. specific antibodies
TNFCDR01454,ARNYYGSTPDY,CDR3,H,11,42,disclosed_binder_claim,,fv_domain_vh,USPTO patent sequences,TNFB00715;TNFB00721;TNFB00722;TNFB00726;TNFB00730;TNFB00731;TNFB00732;TNFB00733;TNFB00735;TNFB00736;TNFB00740;TNFB00745,Anti-TNF.alpha. antibodies | Anti-TNF.alpha. antibodies and methods of use
TNFCDR01455,ARNYYGSTVDY,CDR3,H,11,1,disclosed_binder_claim,,fv_domain_vh,USPTO patent sequences,TNFB00423,Selection of human TNF.alpha. specific antibodies
TNFCDR01456,ARNYYGSTYDH,CDR3,H,11,2,disclosed_binder_claim,,fv_domain_vh,USPTO patent sequences,TNFB00919;TNFB00921,TNF-.alpha. binding molecules
TNFCDR01457,ARNYYGSTYDY,CDR3,H,11,75,disclosed_binder_claim,,fv_domain_vh,USPTO patent sequences,TNFB00414;TNFB00415;TNFB00424;TNFB00426;TNFB00427;TNFB00428;TNFB00433;TNFB00440;TNFB00447;TNFB00674;TNFB00675;TNFB00676,Selection of human TNF.alpha. specific antibodies
TNFCDR01458,ARNYYGSYYDH,CDR3,H,11,1,disclosed_binder_claim,,igg_chain_heavy,USPTO patent sequences,TNFB02882,TNF-.alpha. binding molecules
TNFCDR01459,ARPSHHGLIDN,CDR3,H,11,1,disclosed_binder_claim,,fv_domain_vh,USPTO patent sequences,TNFB00524,Immunobinders directed against TNF
TNFCDR01460,ARPVGQLGYDY,CDR3,H,11,1,disclosed_binder_claim,,fv_domain_vh,PLAbDab,TNFB00679,Gene segments encoding variable domains of anti-TNF antibodies in health and multiple sclerosis
TNFCDR01461,ARSNWDGAMDY,CDR3,H,11,1,disclosed_binder_claim,,fv_domain_vh,USPTO patent sequences,TNFB00673,"Bispecific antibodies that neutralize both TNF-alpha and IL-6: novel therapeutic agent for autoimmune disease | Murine, chimeric, humanized or human anti-TNF-alpha antibodies"
TNFCDR01462,ARTYYGSTYDY,CDR3,H,11,2,disclosed_binder_claim,,fv_domain_vh,USPTO patent sequences,TNFB00425;TNFB00441,Selection of human TNF.alpha. specific antibodies
TNFCDR01463,ARVKRSLKGTR,CDR3,H,11,2,disclosed_binder_claim,,fv_domain_vh,PLAbDab,TNFB00684;TNFB00685,Gene segments encoding variable domains of anti-TNF antibodies in health and multiple sclerosis
TNFCDR01464,ARXXXXXXXXX,CDR3,H,11,1,disclosed_binder_claim,,fv_domain_vh,USPTO patent sequences,TNFB00624,Bispecific antibodies directed against TNF-alpha and IL-17 | Immunobinders directed against TNF
TNFCDR01465,ARYIDISHSNL,CDR3,H,11,1,disclosed_binder_claim,,fv_domain_vh,PLAbDab;USPTO patent sequences,TNFB00398,TNF-alpha-neutralizing antibodies || TNF-alpha-neutralizing antibodies | TNF.alpha.-neutralizing antibodies
TNFCDR01466,ATDGGSSGFNI,CDR3,H,11,1,disclosed_binder_claim,,fv_domain_vh,PLAbDab;USPTO patent sequences,TNFB00400,TNF-alpha-neutralizing antibodies || TNF-alpha-neutralizing antibodies | TNF.alpha.-neutralizing antibodies
TNFCDR01467,AXNYYGSTXDY,CDR3,H,11,1,disclosed_binder_claim,,fv_domain_vh,USPTO patent sequences,TNFB00902,Anti-TNF.alpha. antibodies | Anti-TNF.alpha. antibodies and methods of use
TNFCDR01468,SRNYYGSMYDY,CDR3,H,11,1,disclosed_binder_claim,,fv_domain_vh,USPTO patent sequences,TNFB00937,Anti-TNF-alpha binding compounds and uses thereof
TNFCDR01469,SRNYYGSTYDR,CDR3,H,11,1,disclosed_binder_claim,,fv_domain_vh,USPTO patent sequences,TNFB00938,Anti-TNF-alpha binding compounds and uses thereof
TNFCDR01470,SRNYYGSTYDY,CDR3,H,11,17,confirmed_binder,Infliximab (Whole mAb) [Thera-SAbDab via PLAbDab Infliximab] ; Infliximab [PDB 4G3Y_2],fab;fv_domain_vh,PLAbDab;RCSB PDB;USPTO patent sequences,TNFB00008;TNFB00704;TNFB00705;TNFB00913;TNFB00914;TNFB00915;TNFB00922;TNFB00923;TNFB00939;TNFB00940;TNFB00941;TNFB01124,Modified anti-TNF alpha antibody || Modified anti-TNF alpha antibody | TNF alpha-binding polypeptide compositions and methods
TNFCDR01471,SRNYYGSTYQY,CDR3,H,11,4,disclosed_binder_claim,,fv_domain_vh;igg_chain_heavy,PLAbDab;USPTO patent sequences,TNFB00918;TNFB01125;TNFB02687;TNFB02688,Humanized anti-TNF-alpha antibody and antigen-binding fragment (Fab) thereof and use of the same
TNFCDR01472,TRNYYGSTYDY,CDR3,H,11,1,disclosed_binder_claim,,fv_domain_vh,USPTO patent sequences,TNFB00942,Anti-TNF-alpha binding compounds and uses thereof
TNFCDR01473,VKDGLAAKLGH,CDR3,H,11,1,disclosed_binder_claim,,fv_domain_vh,USPTO patent sequences,TNFB00703,Anti-TNF-alpha/CXCL10 double-targeting antibody and use thereof
TNFCDR01474,VKDKGAVMADV,CDR3,H,11,1,disclosed_binder_claim,,fv_domain_vh,PLAbDab,TNFB00699,Gene segments encoding variable domains of anti-TNF antibodies in health and multiple sclerosis
TNFCDR01475,AKGAPGAGDNGI,CDR3,H,12,4,disclosed_binder_claim,,fv_domain_vh;igg_chain_heavy,PLAbDab;USPTO patent sequences,TNFB00680;TNFB00681;TNFB02842;TNFB02844,Stable and soluble antibodies inhibiting TNF alpha | Stable and soluble antibodies inhibiting TNF-alpha
TNFCDR01476,AKLGYADYAYDL,CDR3,H,12,2,disclosed_binder_claim,,fv_domain_vh;igg_chain_heavy,PLAbDab;USPTO patent sequences,TNFB01142;TNFB02841,Stable and soluble antibodies inhibiting TNF alpha | Stable and soluble antibodies inhibiting TNF-alpha
TNFCDR01477,ARELNALTALDY,CDR3,H,12,1,disclosed_binder_claim,,fv_domain_vh,PLAbDab,TNFB00320,Gene segments encoding variable domains of anti-TNF antibodies in health and multiple sclerosis
TNFCDR01478,ARESRFGYWFDS,CDR3,H,12,1,disclosed_binder_claim,,fv_domain_vh,PLAbDab,TNFB00339,Gene segments encoding variable domains of anti-TNF antibodies in health and multiple sclerosis
TNFCDR01479,ARGAPGAGDNDI,CDR3,H,12,2,disclosed_binder_claim,,fv_domain_vh,PLAbDab;USPTO patent sequences,TNFB00369;TNFB00371,TNF-alpha-neutralizing antibodies || TNF-alpha-neutralizing antibodies | TNF.alpha.-neutralizing antibodies
TNFCDR01480,ARGAPGAGDNGI,CDR3,H,12,9,disclosed_binder_claim,,fv_domain_vh;igg_chain_heavy,PLAbDab;USPTO patent sequences,TNFB00368;TNFB00370;TNFB00372;TNFB00687;TNFB00688;TNFB02843;TNFB02845;TNFB02846;TNFB02847,Stable and soluble antibodies inhibiting TNF alpha | Stable and soluble antibodies inhibiting TNF-alpha
TNFCDR01481,ARGGLYNSGLNI,CDR3,H,12,1,disclosed_binder_claim,,fv_domain_vh,PLAbDab;USPTO patent sequences,TNFB00345,TNF-alpha-neutralizing antibodies || TNF-alpha-neutralizing antibodies | TNF.alpha.-neutralizing antibodies
TNFCDR01482,ARGGVYNIGLNI,CDR3,H,12,1,disclosed_binder_claim,,fv_domain_vh,PLAbDab;USPTO patent sequences,TNFB00367,TNF-alpha-neutralizing antibodies || TNF-alpha-neutralizing antibodies | TNF.alpha.-neutralizing antibodies
TNFCDR01483,ARGGVYNSGLNI,CDR3,H,12,1,disclosed_binder_claim,,fv_domain_vh,PLAbDab;USPTO patent sequences,TNFB00346,TNF-alpha-neutralizing antibodies || TNF-alpha-neutralizing antibodies | TNF.alpha.-neutralizing antibodies
TNFCDR01484,ARGSPGNGDNDI,CDR3,H,12,1,disclosed_binder_claim,,fv_domain_vh,PLAbDab;USPTO patent sequences,TNFB00638,TNF-alpha-neutralizing antibodies || TNF-alpha-neutralizing antibodies | TNF.alpha.-neutralizing antibodies
TNFCDR01485,ARLGYADYAYDL,CDR3,H,12,4,disclosed_binder_claim,Licaminlimab (scFv) [Thera-SAbDab via PLAbDab Licaminlimab],fv_domain_vh;igg_chain_heavy,PLAbDab;USPTO patent sequences,TNFB00906;TNFB01146;TNFB01169;TNFB02828,Stable and soluble antibodies inhibiting TNF alpha | Stable and soluble antibodies inhibiting TNF-alpha
TNFCDR01486,ARRRPGQGYFDF,CDR3,H,12,1,disclosed_binder_claim,,fv_domain_vh,PLAbDab,TNFB00901,Monoclonal antibodies to human proinflammatory cytokines and methods for treating inflammatory diseases
TNFCDR01487,ARWAISDDAFNI,CDR3,H,12,1,disclosed_binder_claim,,fv_domain_vh,PLAbDab;USPTO patent sequences,TNFB00637,TNF-alpha-neutralizing antibodies || TNF-alpha-neutralizing antibodies | TNF.alpha.-neutralizing antibodies
TNFCDR01488,ARYAAAGEPFDI,CDR3,H,12,1,disclosed_binder_claim,,fv_domain_vh,PLAbDab,TNFB00809,Gene segments encoding variable domains of anti-TNF antibodies in health and multiple sclerosis
TNFCDR01489,ARYDYFTGTGVY,CDR3,H,12,1,disclosed_binder_claim,,fv_domain_vh,PLAbDab,TNFB00910,Anti-TNF-anti-IL-17 bispecific antibodies
TNFCDR01490,ASSGSIGEDFDY,CDR3,H,12,1,disclosed_binder_claim,,fv_domain_vh,USPTO patent sequences,TNFB01388,Humanized anti-human tumor necrosis factor alpha monoclonal antibody and sequence thereof
TNFCDR01491,NARTYWAHLPTY,CDR3,H,12,1,disclosed_binder_claim,,vhh,USPTO patent sequences,TNFB00020,Nanobodies against tumor necrosis factor-alpha
TNFCDR01492,TRRYYSAMPFAY,CDR3,H,12,6,disclosed_binder_claim,,fv_domain_vh;igg_chain_heavy,PLAbDab;USPTO patent sequences,TNFB00706;TNFB00806;TNFB00807;TNFB00808;TNFB02792;TNFB02793,Antibody molecules which bind TNF alpha
TNFCDR01493,AAANNIATLRQGS,CDR3,H,13,1,disclosed_binder_claim,,vhh,USPTO patent sequences,TNFB00027,Nanobodies against tumor necrosis factor-alpha
TNFCDR01494,AAATRDYGGSFDY,CDR3,H,13,2,disclosed_binder_claim,,vhh,USPTO patent sequences,TNFB00029;TNFB00032,Single domain antibodies directed against tumor necrosis factor-alpha and uses therefor
TNFCDR01495,AAVRTYGSATYDI,CDR3,H,13,1,disclosed_binder_claim,,vhh,USPTO patent sequences,TNFB00028,Single domain antibodies directed against tumor necrosis factor-alpha and uses therefor
TNFCDR01496,AGGDYINFFYFNI,CDR3,H,13,6,disclosed_binder_claim,,fv_domain_vh;igg_chain_heavy,PLAbDab;USPTO patent sequences,TNFB00819;TNFB00820;TNFB00900;TNFB02825;TNFB02826;TNFB02827,Anti-TNF-alpha-antibodies and functional fragments thereof
TNFCDR01497,AKAPDVWPRGSDY,CDR3,H,13,1,disclosed_binder_claim,,fv_domain_vh,PLAbDab,TNFB00350,Gene segments encoding variable domains of anti-TNF antibodies in health and multiple sclerosis
TNFCDR01498,AKDAFGGATYVDA,CDR3,H,13,1,disclosed_binder_claim,,fv_domain_vh,PLAbDab,TNFB00924,Gene segments encoding variable domains of anti-TNF antibodies in health and multiple sclerosis
TNFCDR01499,AKGLYYDPTRADY,CDR3,H,13,1,disclosed_binder_claim,,fv_domain_vh,USPTO patent sequences,TNFB00968,Immunobinders directed against TNF
TNFCDR01500,AKGVSSNGYYFKL,CDR3,H,13,2,disclosed_binder_claim,,fv_domain_vh;igg_chain_heavy,PLAbDab;USPTO patent sequences,TNFB01379;TNFB02839,Stable and soluble antibodies inhibiting TNF alpha | Stable and soluble antibodies inhibiting TNF-alpha
TNFCDR01501,ARAFGADIGLYNI,CDR3,H,13,1,disclosed_binder_claim,,vhh_putative,PLAbDab;USPTO patent sequences,TNFB00301,TNF-alpha-neutralizing antibodies || TNF-alpha-neutralizing antibodies | TNF.alpha.-neutralizing antibodies
TNFCDR01502,ARALISSATWFGY,CDR3,H,13,2,disclosed_binder_claim,,vhh_putative,USPTO patent sequences,TNFB00306;TNFB00307,Methods of binding TNF-alpha using anti-TNF-alpha antibody fragment-polymer conjugates
TNFCDR01503,ARDFDFWSVSLDH,CDR3,H,13,1,disclosed_binder_claim,,fv_domain_vh,PLAbDab,TNFB00325,Gene segments encoding variable domains of anti-TNF antibodies in health and multiple sclerosis
TNFCDR01504,ARDPYGFVYDFTL,CDR3,H,13,1,disclosed_binder_claim,,fv_domain_vh,PLAbDab;USPTO patent sequences,TNFB01363,TNF-alpha-neutralizing antibodies || TNF-alpha-neutralizing antibodies | TNF.alpha.-neutralizing antibodies
TNFCDR01505,ARDRAGDSLDFDP,CDR3,H,13,1,disclosed_binder_claim,,fv_domain_vh,PLAbDab;USPTO patent sequences,TNFB00399,TNF-alpha-neutralizing antibodies || TNF-alpha-neutralizing antibodies | TNF.alpha.-neutralizing antibodies
TNFCDR01506,ARGFYYDPTRADY,CDR3,H,13,1,disclosed_binder_claim,,fv_domain_vh,USPTO patent sequences,TNFB00969,Immunobinders directed against TNF
TNFCDR01507,ARGIYYDFRRADY,CDR3,H,13,1,disclosed_binder_claim,,fv_domain_vh,USPTO patent sequences,TNFB01040,Immunobinders directed against TNF
TNFCDR01508,ARGIYYDPARADY,CDR3,H,13,2,disclosed_binder_claim,,fv_domain_vh,USPTO patent sequences,TNFB00970;TNFB01038,Immunobinders directed against TNF
TNFCDR01509,ARGIYYDPKRADY,CDR3,H,13,9,disclosed_binder_claim,,fv_domain_vh,USPTO patent sequences,TNFB00971;TNFB01041;TNFB01044;TNFB01047;TNFB01061;TNFB01063;TNFB01067;TNFB01097;TNFB01098,Immunobinders directed against TNF
TNFCDR01510,ARGIYYDPSRADY,CDR3,H,13,1,disclosed_binder_claim,,fv_domain_vh,USPTO patent sequences,TNFB00972,Immunobinders directed against TNF
TNFCDR01511,ARGIYYDPTRADY,CDR3,H,13,2,disclosed_binder_claim,,fv_domain_vh,USPTO patent sequences,TNFB00973;TNFB01039,Immunobinders directed against TNF
TNFCDR01512,ARGIYYDYKRADY,CDR3,H,13,2,disclosed_binder_claim,,fv_domain_vh,USPTO patent sequences,TNFB01048;TNFB01053,Immunobinders directed against TNF
TNFCDR01513,ARGIYYDYRRADY,CDR3,H,13,1,disclosed_binder_claim,,fv_domain_vh,USPTO patent sequences,TNFB01068,Immunobinders directed against TNF
TNFCDR01514,ARGLFYDFRRADY,CDR3,H,13,1,disclosed_binder_claim,,fv_domain_vh,USPTO patent sequences,TNFB01057,Immunobinders directed against TNF
TNFCDR01515,ARGLFYDPRRADY,CDR3,H,13,1,disclosed_binder_claim,,fv_domain_vh,USPTO patent sequences,TNFB00974,Immunobinders directed against TNF
TNFCDR01516,ARGLFYDPSRADY,CDR3,H,13,1,disclosed_binder_claim,,fv_domain_vh,USPTO patent sequences,TNFB00975,Immunobinders directed against TNF
TNFCDR01517,ARGLFYDPTRADY,CDR3,H,13,1,disclosed_binder_claim,,fv_domain_vh,USPTO patent sequences,TNFB00976,Immunobinders directed against TNF
TNFCDR01518,ARGLYFDFTRADY,CDR3,H,13,1,disclosed_binder_claim,,fv_domain_vh,USPTO patent sequences,TNFB00977,Immunobinders directed against TNF
TNFCDR01519,ARGLYFDPKRADY,CDR3,H,13,1,disclosed_binder_claim,,fv_domain_vh,USPTO patent sequences,TNFB00978,Immunobinders directed against TNF
TNFCDR01520,ARGLYFDPSRADY,CDR3,H,13,1,disclosed_binder_claim,,fv_domain_vh,USPTO patent sequences,TNFB00979,Immunobinders directed against TNF
TNFCDR01521,ARGLYFDPSRFDY,CDR3,H,13,1,disclosed_binder_claim,,fv_domain_vh,USPTO patent sequences,TNFB00980,Immunobinders directed against TNF
TNFCDR01522,ARGLYYAPNRADY,CDR3,H,13,1,disclosed_binder_claim,,fv_domain_vh,USPTO patent sequences,TNFB00981,Immunobinders directed against TNF
TNFCDR01523,ARGLYYDFTRADY,CDR3,H,13,1,disclosed_binder_claim,,fv_domain_vh,USPTO patent sequences,TNFB00982,Immunobinders directed against TNF
TNFCDR01524,ARGLYYDPARADY,CDR3,H,13,2,disclosed_binder_claim,,fv_domain_vh,USPTO patent sequences,TNFB00983;TNFB01058,Immunobinders directed against TNF
TNFCDR01525,ARGLYYDPARFDY,CDR3,H,13,1,disclosed_binder_claim,,fv_domain_vh,USPTO patent sequences,TNFB00984,Immunobinders directed against TNF
TNFCDR01526,ARGLYYDPKRADY,CDR3,H,13,3,disclosed_binder_claim,,fv_domain_vh,USPTO patent sequences,TNFB00985;TNFB01036;TNFB01062,Immunobinders directed against TNF
TNFCDR01527,ARGLYYDPRRADY,CDR3,H,13,1,disclosed_binder_claim,,fv_domain_vh,USPTO patent sequences,TNFB00986,Immunobinders directed against TNF
TNFCDR01528,ARGLYYDPSRADY,CDR3,H,13,1,disclosed_binder_claim,,fv_domain_vh,USPTO patent sequences,TNFB00987,Immunobinders directed against TNF
TNFCDR01529,ARGLYYDPTRADC,CDR3,H,13,1,disclosed_binder_claim,,fv_domain_vh,USPTO patent sequences,TNFB00988,Immunobinders directed against TNF
TNFCDR01530,ARGLYYDPTRADY,CDR3,H,13,73,disclosed_binder_claim,,fv_domain_vh,USPTO patent sequences,TNFB00943;TNFB00944;TNFB00947;TNFB00949;TNFB00950;TNFB00951;TNFB00952;TNFB00953;TNFB00954;TNFB00955;TNFB00956;TNFB00957,Immunobinders directed against TNF
TNFCDR01531,ARGLYYEGPSADY,CDR3,H,13,1,disclosed_binder_claim,,fv_domain_vh,USPTO patent sequences,TNFB00990,Immunobinders directed against TNF
TNFCDR01532,ARGLYYNPIRFDY,CDR3,H,13,1,disclosed_binder_claim,,fv_domain_vh,USPTO patent sequences,TNFB00991,Immunobinders directed against TNF
TNFCDR01533,ARGLYYNPSRADY,CDR3,H,13,1,disclosed_binder_claim,,fv_domain_vh,USPTO patent sequences,TNFB00992,Immunobinders directed against TNF
TNFCDR01534,ARGQYYDTSRADY,CDR3,H,13,1,disclosed_binder_claim,,fv_domain_vh,USPTO patent sequences,TNFB00993,Immunobinders directed against TNF
TNFCDR01535,ARGSGSYQNWFDP,CDR3,H,13,1,disclosed_binder_claim,,fv_domain_vh,PLAbDab,TNFB00916,Gene segments encoding variable domains of anti-TNF antibodies in health and multiple sclerosis
TNFCDR01536,ARGTGYGDYGFVF,CDR3,H,13,1,disclosed_binder_claim,,fv_domain_vh,PLAbDab;USPTO patent sequences,TNFB00696,TNF-alpha-neutralizing antibodies || TNF-alpha-neutralizing antibodies | TNF.alpha.-neutralizing antibodies
TNFCDR01537,ARGVFFDPTRADY,CDR3,H,13,1,disclosed_binder_claim,,fv_domain_vh,USPTO patent sequences,TNFB00994,Immunobinders directed against TNF
TNFCDR01538,ARGVFYDPTRADY,CDR3,H,13,1,disclosed_binder_claim,,fv_domain_vh,USPTO patent sequences,TNFB00995,Immunobinders directed against TNF
TNFCDR01539,ARGVFYNPTRADY,CDR3,H,13,1,disclosed_binder_claim,,fv_domain_vh,USPTO patent sequences,TNFB00996,Immunobinders directed against TNF
TNFCDR01540,ARGVSSNGYYFKL,CDR3,H,13,4,disclosed_binder_claim,,fv_domain_vh;igg_chain_heavy,PLAbDab;USPTO patent sequences,TNFB01364;TNFB01384;TNFB02838;TNFB02840,Stable and soluble antibodies inhibiting TNF alpha | Stable and soluble antibodies inhibiting TNF-alpha
TNFCDR01541,ARGVYFDFTRADY,CDR3,H,13,1,disclosed_binder_claim,,fv_domain_vh,USPTO patent sequences,TNFB00997,Immunobinders directed against TNF
TNFCDR01542,ARGVYFDPARADY,CDR3,H,13,1,disclosed_binder_claim,,fv_domain_vh,USPTO patent sequences,TNFB00998,Immunobinders directed against TNF
TNFCDR01543,ARGVYFDPKRADY,CDR3,H,13,2,disclosed_binder_claim,,fv_domain_vh,USPTO patent sequences,TNFB00999;TNFB01030,Immunobinders directed against TNF
TNFCDR01544,ARGVYFDPSRADY,CDR3,H,13,1,disclosed_binder_claim,,fv_domain_vh,USPTO patent sequences,TNFB01000,Immunobinders directed against TNF
TNFCDR01545,ARGVYFDPTRADY,CDR3,H,13,1,disclosed_binder_claim,,fv_domain_vh,USPTO patent sequences,TNFB01001,Immunobinders directed against TNF
TNFCDR01546,ARGVYFNPTRADY,CDR3,H,13,1,disclosed_binder_claim,,fv_domain_vh,USPTO patent sequences,TNFB01002,Immunobinders directed against TNF
TNFCDR01547,ARGVYYDFKRADY,CDR3,H,13,2,disclosed_binder_claim,,fv_domain_vh,USPTO patent sequences,TNFB01080;TNFB01087,Immunobinders directed against TNF
TNFCDR01548,ARGVYYDFRRADY,CDR3,H,13,1,disclosed_binder_claim,,fv_domain_vh,USPTO patent sequences,TNFB01088,Immunobinders directed against TNF
TNFCDR01549,ARGVYYDFRRANY,CDR3,H,13,1,disclosed_binder_claim,,fv_domain_vh,USPTO patent sequences,TNFB01104,Immunobinders directed against TNF
TNFCDR01550,ARGVYYDFTRADY,CDR3,H,13,1,disclosed_binder_claim,,fv_domain_vh,USPTO patent sequences,TNFB01003,Immunobinders directed against TNF
TNFCDR01551,ARGVYYDHRRADY,CDR3,H,13,1,disclosed_binder_claim,,fv_domain_vh,USPTO patent sequences,TNFB01086,Immunobinders directed against TNF
TNFCDR01552,ARGVYYDPARADY,CDR3,H,13,3,disclosed_binder_claim,,fv_domain_vh,USPTO patent sequences,TNFB01004;TNFB01028;TNFB01049,Immunobinders directed against TNF
TNFCDR01553,ARGVYYDPGRADY,CDR3,H,13,1,disclosed_binder_claim,,fv_domain_vh,USPTO patent sequences,TNFB01114,Immunobinders directed against TNF
TNFCDR01554,ARGVYYDPIRADY,CDR3,H,13,1,disclosed_binder_claim,,fv_domain_vh,USPTO patent sequences,TNFB01005,Immunobinders directed against TNF
TNFCDR01555,ARGVYYDPKRADY,CDR3,H,13,17,disclosed_binder_claim,,fv_domain_vh,USPTO patent sequences,TNFB00945;TNFB00946;TNFB00948;TNFB01006;TNFB01037;TNFB01042;TNFB01043;TNFB01050;TNFB01055;TNFB01059;TNFB01064;TNFB01069,Immunobinders directed against TNF
TNFCDR01556,ARGVYYDPRRADY,CDR3,H,13,2,disclosed_binder_claim,,fv_domain_vh,USPTO patent sequences,TNFB01099;TNFB01102,Immunobinders directed against TNF
TNFCDR01557,ARGVYYDPSRFDY,CDR3,H,13,1,disclosed_binder_claim,,fv_domain_vh,USPTO patent sequences,TNFB01007,Immunobinders directed against TNF
TNFCDR01558,ARGVYYDPTRADY,CDR3,H,13,1,disclosed_binder_claim,,fv_domain_vh,USPTO patent sequences,TNFB01008,Immunobinders directed against TNF
TNFCDR01559,ARGVYYDPVRADY,CDR3,H,13,1,disclosed_binder_claim,,fv_domain_vh,USPTO patent sequences,TNFB01009,Immunobinders directed against TNF
TNFCDR01560,ARGVYYDTTRADY,CDR3,H,13,1,disclosed_binder_claim,,fv_domain_vh,USPTO patent sequences,TNFB01010,Immunobinders directed against TNF
TNFCDR01561,ARGVYYDYKRADY,CDR3,H,13,1,disclosed_binder_claim,,fv_domain_vh,USPTO patent sequences,TNFB01070,Immunobinders directed against TNF
TNFCDR01562,ARGVYYDYTRADY,CDR3,H,13,1,disclosed_binder_claim,,fv_domain_vh,USPTO patent sequences,TNFB01095,Immunobinders directed against TNF
TNFCDR01563,ARGVYYNPTRADY,CDR3,H,13,1,disclosed_binder_claim,,fv_domain_vh,USPTO patent sequences,TNFB01011,Immunobinders directed against TNF
TNFCDR01564,ARIRAGASMYFSL,CDR3,H,13,1,disclosed_binder_claim,,fv_domain_vh,PLAbDab;USPTO patent sequences,TNFB00905,TNF-alpha-neutralizing antibodies || TNF-alpha-neutralizing antibodies | TNF.alpha.-neutralizing antibodies
TNFCDR01565,ARSFRRLGTNKSN,CDR3,H,13,1,disclosed_binder_claim,,fv_domain_vh,PLAbDab,TNFB00917,Gene segments encoding variable domains of anti-TNF antibodies in health and multiple sclerosis
TNFCDR01566,ARSLYYDTTRFDY,CDR3,H,13,1,disclosed_binder_claim,,fv_domain_vh,USPTO patent sequences,TNFB01012,Immunobinders directed against TNF
TNFCDR01567,ARSLYYERTRADY,CDR3,H,13,1,disclosed_binder_claim,,fv_domain_vh,USPTO patent sequences,TNFB01013,Immunobinders directed against TNF
TNFCDR01568,ARWRFYIPIRFDY,CDR3,H,13,1,disclosed_binder_claim,,fv_domain_vh,USPTO patent sequences,TNFB01014,Immunobinders directed against TNF
TNFCDR01569,ARXXXXXXXXXDY,CDR3,H,13,1,disclosed_binder_claim,,fv_domain_vh,USPTO patent sequences,TNFB01113,Bispecific antibodies directed against TNF-alpha and IL-17 | Immunobinders directed against TNF
TNFCDR01570,ASAGTYYNIDFRL,CDR3,H,13,1,disclosed_binder_claim,,fv_domain_vh,PLAbDab;USPTO patent sequences,TNFB00904,TNF-alpha-neutralizing antibodies || TNF-alpha-neutralizing antibodies | TNF.alpha.-neutralizing antibodies
TNFCDR01571,ASLVSGTLYKPNY,CDR3,H,13,1,disclosed_binder_claim,,vhh,USPTO patent sequences,TNFB00033,Single domain antibodies directed against tumor necrosis factor-alpha and uses therefor
TNFCDR01572,ASLVSGTLYQADY,CDR3,H,13,1,disclosed_binder_claim,,vhh,USPTO patent sequences,TNFB00024,Single domain antibodies directed against tumor necrosis factor-alpha and uses therefor
TNFCDR01573,ATPRHPSTWAYSI,CDR3,H,13,1,disclosed_binder_claim,,fv_domain_vh,PLAbDab,TNFB00326,Gene segments encoding variable domains of anti-TNF antibodies in health and multiple sclerosis
TNFCDR01574,ERGLYYDPTRADY,CDR3,H,13,1,disclosed_binder_claim,,fv_domain_vh,USPTO patent sequences,TNFB01015,Immunobinders directed against TNF
TNFCDR01575,SRGLYYDPTRADY,CDR3,H,13,1,disclosed_binder_claim,,fv_domain_vh,USPTO patent sequences,TNFB01016,Immunobinders directed against TNF
TNFCDR01576,TRGIYYDPTRADY,CDR3,H,13,1,disclosed_binder_claim,,fv_domain_vh,USPTO patent sequences,TNFB01017,Immunobinders directed against TNF
TNFCDR01577,TRGLYYDPTRADY,CDR3,H,13,2,disclosed_binder_claim,,fv_domain_vh,USPTO patent sequences,TNFB01018;TNFB01115,Immunobinders directed against TNF
TNFCDR01578,TRSIYIYGYAGYL,CDR3,H,13,1,disclosed_binder_claim,,fv_domain_vh,PLAbDab;USPTO patent sequences,TNFB00912,TNF-alpha-neutralizing antibodies || TNF-alpha-neutralizing antibodies | TNF.alpha.-neutralizing antibodies
TNFCDR01579,VRGLYYDPTRADY,CDR3,H,13,1,disclosed_binder_claim,,fv_domain_vh,USPTO patent sequences,TNFB01019,Immunobinders directed against TNF
TNFCDR01580,AAEPLARYEGLWTY,CDR3,H,14,1,disclosed_binder_claim,,vhh,USPTO patent sequences,TNFB00041,Nanobodies against tumor necrosis factor-alpha
TNFCDR01581,AAGGWGISQSDYDL,CDR3,H,14,1,disclosed_binder_claim,,vhh,USPTO patent sequences,TNFB00037,Nanobodies against tumor necrosis factor-alpha
TNFCDR01582,AAGGWGTTQYDYDY,CDR3,H,14,1,disclosed_binder_claim,,vhh,USPTO patent sequences,TNFB00038,Nanobodies against tumor necrosis factor-alpha
TNFCDR01583,AKDPLRYGGHYFDY,CDR3,H,14,1,disclosed_binder_claim,,fv_domain_vh,PLAbDab,TNFB00328,Gene segments encoding variable domains of anti-TNF antibodies in health and multiple sclerosis
TNFCDR01584,AKEWSRGPITHFDY,CDR3,H,14,1,disclosed_binder_claim,,fv_domain_vh,PLAbDab,TNFB01141,Gene segments encoding variable domains of anti-TNF antibodies in health and multiple sclerosis
TNFCDR01585,AKNERWAVTTASDY,CDR3,H,14,1,disclosed_binder_claim,,fv_domain_vh,PLAbDab,TNFB01171,Gene segments encoding variable domains of anti-TNF antibodies in health and multiple sclerosis
TNFCDR01586,AKSVEYTDLYYLNI,CDR3,H,14,2,disclosed_binder_claim,,fv_domain_vh;igg_chain_heavy,PLAbDab;USPTO patent sequences,TNFB00920;TNFB02817,Stable and soluble antibodies inhibiting TNF alpha | Stable and soluble antibodies inhibiting TNF-alpha
TNFCDR01587,AKVHYHSTASSLDY,CDR3,H,14,1,disclosed_binder_claim,,fv_domain_vh,USPTO patent sequences,TNFB01150,Anti-TNF-alpha antibodies with pH-dependent antigen binding for improved target clearence
TNFCDR01588,AKVKYLPTASSLDY,CDR3,H,14,1,disclosed_binder_claim,,igg_chain_heavy,USPTO patent sequences,TNFB02724,Antibodies to TNF-alpha
TNFCDR01589,AKVKYLSTASQLDY,CDR3,H,14,11,disclosed_binder_claim,,fv_domain_vh;igg_chain_heavy,PLAbDab;USPTO patent sequences,TNFB00926;TNFB00931;TNFB01151;TNFB01163;TNFB02696;TNFB02703;TNFB02704;TNFB02733;TNFB02736;TNFB02741;TNFB02745,Antibodies to TNF-alpha
TNFCDR01590,AKVKYLSTASSLDY,CDR3,H,14,14,disclosed_binder_claim,,fv_domain_vh;igg_chain_heavy,PLAbDab;USPTO patent sequences,TNFB00928;TNFB00933;TNFB01159;TNFB01165;TNFB02691;TNFB02697;TNFB02705;TNFB02713;TNFB02725;TNFB02734;TNFB02737;TNFB02742,Antibodies to TNF-alpha
TNFCDR01591,AKVSYHSTASSLDY,CDR3,H,14,1,disclosed_binder_claim,,fv_domain_vh,USPTO patent sequences,TNFB01152,Anti-TNF-alpha antibodies with pH-dependent antigen binding for improved target clearence
TNFCDR01592,AKVSYLPTASSLDY,CDR3,H,14,3,disclosed_binder_claim,,igg_chain_heavy,USPTO patent sequences,TNFB02690;TNFB02698;TNFB02726,Antibodies to TNF-alpha
TNFCDR01593,AKVSYLSTAHHLDY,CDR3,H,14,1,disclosed_binder_claim,,fv_domain_vh,USPTO patent sequences,TNFB01153,Anti-TNF-alpha antibodies with pH-dependent antigen binding for improved target clearence
TNFCDR01594,AKVSYLSTASQLDY,CDR3,H,14,7,disclosed_binder_claim,,igg_chain_heavy,USPTO patent sequences,TNFB02706;TNFB02714;TNFB02716;TNFB02738;TNFB02743;TNFB02747;TNFB02751,Antibodies to TNF-alpha
TNFCDR01595,AKVSYLSTASSLDY,CDR3,H,14,77,confirmed_binder,Adalimumab (Whole mAb) [Thera-SAbDab via PLAbDab Adalimumab] ; Remtolumab (Bispecific Dual Variable Domain IG) [Thera-SAbDab via PLAbDab Remtolumab] ; Adalimuma,fab;fv_domain_vh,PLAbDab;RCSB PDB;USPTO patent sequences,TNFB00005;TNFB00927;TNFB00929;TNFB00932;TNFB00934;TNFB01130;TNFB01143;TNFB01144;TNFB01145;TNFB01148;TNFB01149;TNFB01154,TNFa-IL-17 bispecific antibodies
TNFCDR01596,AKVXYLXTASSLDY,CDR3,H,14,6,disclosed_binder_claim,,fv_domain_vh;igg_chain_heavy,PLAbDab;USPTO patent sequences,TNFB00935;TNFB00936;TNFB01167;TNFB01168;TNFB02752;TNFB02753,Antibodies to TNF-alpha
TNFCDR01597,AKVXYLXTASXLDY,CDR3,H,14,15,disclosed_binder_claim,,fv_domain_vh;igg_chain_heavy,PLAbDab;USPTO patent sequences,TNFB00930;TNFB01132;TNFB01133;TNFB01134;TNFB01135;TNFB01162;TNFB01372;TNFB01373;TNFB01374;TNFB01375;TNFB02732;TNFB02756,Antibodies to TNF-alpha
TNFCDR01598,AKVXYXSTAXXLDY,CDR3,H,14,1,disclosed_binder_claim,,fv_domain_vh,USPTO patent sequences,TNFB01155,Anti-TNF-alpha antibodies with pH-dependent antigen binding for improved target clearence
TNFCDR01599,ARDADGDGGWVFNL,CDR3,H,14,1,disclosed_binder_claim,,fv_domain_vh,PLAbDab;USPTO patent sequences,TNFB01365,TNF-alpha-neutralizing antibodies || TNF-alpha-neutralizing antibodies | TNF.alpha.-neutralizing antibodies
TNFCDR01600,ARDSGSYLDWYFDL,CDR3,H,14,2,disclosed_binder_claim,,fv_domain_vh,USPTO patent sequences,TNFB01368;TNFB01370,Anti-TNF-alpha/CXCL10 double-targeting antibody and use thereof
TNFCDR01601,ARFAAGYSYTTLDL,CDR3,H,14,1,disclosed_binder_claim,,fv_domain_vh,PLAbDab;USPTO patent sequences,TNFB01119,TNF-alpha-neutralizing antibodies || TNF-alpha-neutralizing antibodies | TNF.alpha.-neutralizing antibodies
TNFCDR01602,ARFYAGVSYTTLDL,CDR3,H,14,1,disclosed_binder_claim,,fv_domain_vh,PLAbDab;USPTO patent sequences,TNFB01118,TNF-alpha-neutralizing antibodies || TNF-alpha-neutralizing antibodies | TNF.alpha.-neutralizing antibodies
TNFCDR01603,ARGGAVWSIHSFDP,CDR3,H,14,1,disclosed_binder_claim,,fv_domain_vh,USPTO patent sequences,TNFB01126,Antibodies to TNF-alpha and use thereof
TNFCDR01604,ARGTYGYNAYHFDY,CDR3,H,14,3,disclosed_binder_claim,,vhh,PLAbDab;USPTO patent sequences,TNFB00025;TNFB00259;TNFB00283,"Antibodies binding to trimeric TNF alpha epitopes || Antibodies binding to trimeric TNF alpha epitopes | Antibody against trimeric TNF-alpha complex | Complexes between anti-TNF antibodies, trimeric T"
TNFCDR01605,ARPEAVTVPAPLDY,CDR3,H,14,1,disclosed_binder_claim,,fv_domain_vh,PLAbDab,TNFB01369,Anti Human TNF-alpha antibody genes
TNFCDR01606,ARSHYYGYFYAMDY,CDR3,H,14,1,disclosed_binder_claim,,fv_domain_vh,USPTO patent sequences,TNFB01129,"Bispecific antibodies that neutralize both TNF-alpha and IL-6: novel therapeutic agent for autoimmune disease | Murine, chimeric, humanized or human anti-TNF-alpha antibodies"
TNFCDR01607,ASSVAYTGIYYFNI,CDR3,H,14,1,disclosed_binder_claim,,fv_domain_vh,PLAbDab;USPTO patent sequences,TNFB00909,TNF-alpha-neutralizing antibodies || TNF-alpha-neutralizing antibodies | TNF.alpha.-neutralizing antibodies
TNFCDR01608,ASSVEYTDLYYLNI,CDR3,H,14,3,disclosed_binder_claim,,fv_domain_vh;igg_chain_heavy,PLAbDab;USPTO patent sequences,TNFB00908;TNFB00925;TNFB02818,Stable and soluble antibodies inhibiting TNF alpha | Stable and soluble antibodies inhibiting TNF-alpha
TNFCDR01609,RAARYNGTWSSNDY,CDR3,H,14,1,disclosed_binder_claim,,vhh,USPTO patent sequences,TNFB00039,Nanobodies against tumor necrosis factor-alpha
TNFCDR01610,RPSQYADQWSAYDY,CDR3,H,14,2,disclosed_binder_claim,,vhh,USPTO patent sequences,TNFB00046;TNFB00053,TNF binders
TNFCDR01611,RSPRYADQWSAHDY,CDR3,H,14,1,disclosed_binder_claim,,vhh,USPTO patent sequences,TNFB00092,TNF binders
TNFCDR01612,RSPRYADQWSALDY,CDR3,H,14,2,disclosed_binder_claim,,vhh,USPTO patent sequences,TNFB00093;TNFB00095,TNF binders
TNFCDR01613,RSPRYADQWSAYDY,CDR3,H,14,46,disclosed_binder_claim,,vhh,USPTO patent sequences,TNFB00034;TNFB00036;TNFB00042;TNFB00047;TNFB00048;TNFB00049;TNFB00050;TNFB00051;TNFB00052;TNFB00072;TNFB00073;TNFB00074,TNF binders
TNFCDR01614,RVPRYENQWSSYDY,CDR3,H,14,1,disclosed_binder_claim,,vhh,USPTO patent sequences,TNFB00040,Nanobodies against tumor necrosis factor-alpha
TNFCDR01615,TAEPIGAYEGLWTY,CDR3,H,14,1,disclosed_binder_claim,,vhh,USPTO patent sequences,TNFB00071,Nanobodies against tumor necrosis factor-alpha
TNFCDR01616,TKASYLSTSSSLDN,CDR3,H,14,1,disclosed_binder_claim,,fv_domain_vh,PLAbDab;USPTO patent sequences,TNFB01367,High concentration anti-TNF-alpha antibody liquid formulations || High concentration anti-TNF-alpha antibody liquid formulations | Human antibodies that bind human TNF-alpha | Human antibodies that bi
TNFCDR01617,TKYYRYESFYGMDY,CDR3,H,14,1,disclosed_binder_claim,,fv_domain_vh,USPTO patent sequences,TNFB01331,Bispecific antibodies directed against TNF-alpha and IL-17
TNFCDR01618,TRYDKFDSFQGMDY,CDR3,H,14,1,disclosed_binder_claim,,fv_domain_vh,USPTO patent sequences,TNFB01268,Bispecific antibodies directed against TNF-alpha and IL-17
TNFCDR01619,TRYDKFDSFYGMDY,CDR3,H,14,1,disclosed_binder_claim,,fv_domain_vh,USPTO patent sequences,TNFB01269,Bispecific antibodies directed against TNF-alpha and IL-17
TNFCDR01620,TRYDKFESFNGMDY,CDR3,H,14,1,disclosed_binder_claim,,fv_domain_vh,USPTO patent sequences,TNFB01270,Bispecific antibodies directed against TNF-alpha and IL-17
TNFCDR01621,TRYDKFWSFNGMDY,CDR3,H,14,3,disclosed_binder_claim,,fv_domain_vh,USPTO patent sequences,TNFB01173;TNFB01271;TNFB01337,Bispecific antibodies directed against TNF-alpha and IL-17
TNFCDR01622,TRYDKFYGFNGMDY,CDR3,H,14,1,disclosed_binder_claim,,fv_domain_vh,USPTO patent sequences,TNFB01272,Bispecific antibodies directed against TNF-alpha and IL-17
TNFCDR01623,TRYDKFYSFNGMDY,CDR3,H,14,1,disclosed_binder_claim,,fv_domain_vh,USPTO patent sequences,TNFB01273,Bispecific antibodies directed against TNF-alpha and IL-17
TNFCDR01624,TRYDKWDGFNGMDY,CDR3,H,14,2,disclosed_binder_claim,,fv_domain_vh,USPTO patent sequences,TNFB01261;TNFB01274,Bispecific antibodies directed against TNF-alpha and IL-17
TNFCDR01625,TRYDKWDSFYGMDC,CDR3,H,14,6,disclosed_binder_claim,,fv_domain_vh,USPTO patent sequences,TNFB01174;TNFB01204;TNFB01226;TNFB01241;TNFB01262;TNFB01319,Bispecific antibodies directed against TNF-alpha and IL-17
TNFCDR01626,TRYDKWDSFYGMDY,CDR3,H,14,15,disclosed_binder_claim,,fv_domain_vh,USPTO patent sequences,TNFB01186;TNFB01206;TNFB01210;TNFB01215;TNFB01228;TNFB01230;TNFB01242;TNFB01263;TNFB01275;TNFB01320;TNFB01324;TNFB01338,Bispecific antibodies directed against TNF-alpha and IL-17
TNFCDR01627,TRYDKWEGFRGMDL,CDR3,H,14,2,disclosed_binder_claim,,fv_domain_vh,USPTO patent sequences,TNFB01238;TNFB01276,Bispecific antibodies directed against TNF-alpha and IL-17
TNFCDR01628,TRYDKWEGFYGMDY,CDR3,H,14,1,disclosed_binder_claim,,fv_domain_vh,USPTO patent sequences,TNFB01277,Bispecific antibodies directed against TNF-alpha and IL-17
TNFCDR01629,TRYDKWESFAGMDY,CDR3,H,14,4,disclosed_binder_claim,,fv_domain_vh,USPTO patent sequences,TNFB01207;TNFB01243;TNFB01264;TNFB01278,Bispecific antibodies directed against TNF-alpha and IL-17
TNFCDR01630,TRYDKWESFDGMDY,CDR3,H,14,1,disclosed_binder_claim,,fv_domain_vh,USPTO patent sequences,TNFB01187,Bispecific antibodies directed against TNF-alpha and IL-17
TNFCDR01631,TRYDKWESFNGMDE,CDR3,H,14,1,disclosed_binder_claim,,fv_domain_vh,USPTO patent sequences,TNFB01221,Bispecific antibodies directed against TNF-alpha and IL-17
TNFCDR01632,TRYDKWESFNGMDY,CDR3,H,14,15,disclosed_binder_claim,,fv_domain_vh,USPTO patent sequences,TNFB01176;TNFB01182;TNFB01188;TNFB01216;TNFB01222;TNFB01236;TNFB01244;TNFB01255;TNFB01265;TNFB01279;TNFB01321;TNFB01339,Bispecific antibodies directed against TNF-alpha and IL-17
TNFCDR01633,TRYDKWESFSGMDH,CDR3,H,14,1,disclosed_binder_claim,,fv_domain_vh,USPTO patent sequences,TNFB01245,Bispecific antibodies directed against TNF-alpha and IL-17
TNFCDR01634,TRYDKWESFSGMDY,CDR3,H,14,2,disclosed_binder_claim,,fv_domain_vh,USPTO patent sequences,TNFB01197;TNFB01280,Bispecific antibodies directed against TNF-alpha and IL-17
TNFCDR01635,TRYDKWESFYGMDF,CDR3,H,14,1,disclosed_binder_claim,,fv_domain_vh,USPTO patent sequences,TNFB01281,Bispecific antibodies directed against TNF-alpha and IL-17
TNFCDR01636,TRYDKWESFYGMDY,CDR3,H,14,1,disclosed_binder_claim,,fv_domain_vh,USPTO patent sequences,TNFB01282,Bispecific antibodies directed against TNF-alpha and IL-17
TNFCDR01637,TRYDKWMSFSGMDY,CDR3,H,14,1,disclosed_binder_claim,,fv_domain_vh,USPTO patent sequences,TNFB01283,Bispecific antibodies directed against TNF-alpha and IL-17
TNFCDR01638,TRYDKWWSFSGMDY,CDR3,H,14,2,disclosed_binder_claim,,fv_domain_vh,USPTO patent sequences,TNFB01217;TNFB01284,Bispecific antibodies directed against TNF-alpha and IL-17
TNFCDR01639,TRYDKWYSFEGMDI,CDR3,H,14,23,disclosed_binder_claim,,fv_domain_vh,USPTO patent sequences,TNFB01175;TNFB01189;TNFB01201;TNFB01202;TNFB01212;TNFB01218;TNFB01223;TNFB01234;TNFB01235;TNFB01237;TNFB01239;TNFB01246,Bispecific antibodies directed against TNF-alpha and IL-17
TNFCDR01640,TRYDKWYSFYGMDY,CDR3,H,14,1,disclosed_binder_claim,,fv_domain_vh,USPTO patent sequences,TNFB01286,Bispecific antibodies directed against TNF-alpha and IL-17
TNFCDR01641,TRYDKYEGFLGMDY,CDR3,H,14,1,disclosed_binder_claim,,fv_domain_vh,USPTO patent sequences,TNFB01287,Bispecific antibodies directed against TNF-alpha and IL-17
TNFCDR01642,TRYDKYESFEGMDY,CDR3,H,14,1,disclosed_binder_claim,,fv_domain_vh,USPTO patent sequences,TNFB01288,Bispecific antibodies directed against TNF-alpha and IL-17
TNFCDR01643,TRYDKYESFNGMDY,CDR3,H,14,1,disclosed_binder_claim,,fv_domain_vh,USPTO patent sequences,TNFB01289,Bispecific antibodies directed against TNF-alpha and IL-17
TNFCDR01644,TRYDKYESFSGMDY,CDR3,H,14,1,disclosed_binder_claim,,fv_domain_vh,USPTO patent sequences,TNFB01290,Bispecific antibodies directed against TNF-alpha and IL-17
TNFCDR01645,TRYDKYESFYGMDY,CDR3,H,14,1,disclosed_binder_claim,,fv_domain_vh,USPTO patent sequences,TNFB01291,Bispecific antibodies directed against TNF-alpha and IL-17
TNFCDR01646,TRYDKYESLNGMDY,CDR3,H,14,1,disclosed_binder_claim,,fv_domain_vh,USPTO patent sequences,TNFB01292,Bispecific antibodies directed against TNF-alpha and IL-17
TNFCDR01647,TRYDKYFGFSGMDF,CDR3,H,14,1,disclosed_binder_claim,,fv_domain_vh,USPTO patent sequences,TNFB01293,Bispecific antibodies directed against TNF-alpha and IL-17
TNFCDR01648,TRYDKYVGFEGMDY,CDR3,H,14,1,disclosed_binder_claim,,fv_domain_vh,USPTO patent sequences,TNFB01294,Bispecific antibodies directed against TNF-alpha and IL-17
TNFCDR01649,TRYDKYWSFEGMDY,CDR3,H,14,8,disclosed_binder_claim,,fv_domain_vh;igg_chain_heavy,USPTO patent sequences,TNFB01179;TNFB01184;TNFB01190;TNFB01194;TNFB01247;TNFB01318;TNFB01341;TNFB02796,Bispecific antibodies directed against TNF-alpha and IL-17
TNFCDR01650,TRYDKYWSFNGMDY,CDR3,H,14,2,disclosed_binder_claim,,fv_domain_vh,USPTO patent sequences,TNFB01323;TNFB01326,Bispecific antibodies directed against TNF-alpha and IL-17
TNFCDR01651,TRYDKYWSFQGMDY,CDR3,H,14,2,disclosed_binder_claim,,fv_domain_vh,USPTO patent sequences,TNFB01295;TNFB01342,Bispecific antibodies directed against TNF-alpha and IL-17
TNFCDR01652,TRYDKYWSFYGMDY,CDR3,H,14,2,disclosed_binder_claim,,fv_domain_vh,USPTO patent sequences,TNFB01296;TNFB01327,Bispecific antibodies directed against TNF-alpha and IL-17
TNFCDR01653,TRYDKYWSLNGMDE,CDR3,H,14,1,disclosed_binder_claim,,fv_domain_vh,USPTO patent sequences,TNFB01219,Bispecific antibodies directed against TNF-alpha and IL-17
TNFCDR01654,TRYDMWESFNGMDY,CDR3,H,14,1,disclosed_binder_claim,,fv_domain_vh,USPTO patent sequences,TNFB01297,Bispecific antibodies directed against TNF-alpha and IL-17
TNFCDR01655,TRYDRWDSFNGMDE,CDR3,H,14,2,disclosed_binder_claim,,fv_domain_vh,USPTO patent sequences,TNFB01191;TNFB01347,Bispecific antibodies directed against TNF-alpha and IL-17
TNFCDR01656,TRYDRYWSFEGMDY,CDR3,H,14,1,disclosed_binder_claim,,fv_domain_vh,USPTO patent sequences,TNFB01181,Bispecific antibodies directed against TNF-alpha and IL-17
TNFCDR01657,TRYDRYWSFNGMDY,CDR3,H,14,3,disclosed_binder_claim,,fv_domain_vh,USPTO patent sequences,TNFB01257;TNFB01298;TNFB01351,Bispecific antibodies directed against TNF-alpha and IL-17
TNFCDR01658,TRYEKWDSFNGMDY,CDR3,H,14,3,disclosed_binder_claim,,fv_domain_vh,USPTO patent sequences,TNFB01198;TNFB01220;TNFB01299,Bispecific antibodies directed against TNF-alpha and IL-17
TNFCDR01659,TRYFKWDSFEGMDY,CDR3,H,14,2,disclosed_binder_claim,,fv_domain_vh,USPTO patent sequences,TNFB01248;TNFB01300,Bispecific antibodies directed against TNF-alpha and IL-17
TNFCDR01660,TRYNKWDSFLGMDY,CDR3,H,14,1,disclosed_binder_claim,,fv_domain_vh,USPTO patent sequences,TNFB01301,Bispecific antibodies directed against TNF-alpha and IL-17
TNFCDR01661,TRYSKWDSFDGMDY,CDR3,H,14,9,disclosed_binder_claim,,fv_domain_vh;igg_chain_heavy,USPTO patent sequences,TNFB01172;TNFB01177;TNFB01233;TNFB01302;TNFB01343;TNFB02770;TNFB02800;TNFB02816;TNFB02858,Bispecific antibodies directed against TNF-alpha and IL-17
TNFCDR01662,TRYSKWDSFLGMDY,CDR3,H,14,4,disclosed_binder_claim,,fv_domain_vh,USPTO patent sequences,TNFB01185;TNFB01229;TNFB01303;TNFB01344,Bispecific antibodies directed against TNF-alpha and IL-17
TNFCDR01663,TRYSKWDSFQGMDY,CDR3,H,14,4,disclosed_binder_claim,,fv_domain_vh,USPTO patent sequences,TNFB01249;TNFB01304;TNFB01333;TNFB01345,Bispecific antibodies directed against TNF-alpha and IL-17
TNFCDR01664,TRYSKWDSFSGMDY,CDR3,H,14,1,disclosed_binder_claim,,fv_domain_vh,USPTO patent sequences,TNFB01305,Bispecific antibodies directed against TNF-alpha and IL-17
TNFCDR01665,TRYSKWNSFDGMDY,CDR3,H,14,1,disclosed_binder_claim,,fv_domain_vh,USPTO patent sequences,TNFB01306,Bispecific antibodies directed against TNF-alpha and IL-17
TNFCDR01666,TRYSKYWSFSGMDY,CDR3,H,14,1,disclosed_binder_claim,,fv_domain_vh,USPTO patent sequences,TNFB01307,Bispecific antibodies directed against TNF-alpha and IL-17
TNFCDR01667,TRYWKFDSFYGMDL,CDR3,H,14,1,disclosed_binder_claim,,fv_domain_vh,USPTO patent sequences,TNFB01192,Bispecific antibodies directed against TNF-alpha and IL-17
TNFCDR01668,TRYWKWDSFFGMDY,CDR3,H,14,2,disclosed_binder_claim,,fv_domain_vh,USPTO patent sequences,TNFB01258;TNFB01308,Bispecific antibodies directed against TNF-alpha and IL-17
TNFCDR01669,TRYWKWDSFYGMDS,CDR3,H,14,3,disclosed_binder_claim,,fv_domain_vh,USPTO patent sequences,TNFB01250;TNFB01309;TNFB01346,Bispecific antibodies directed against TNF-alpha and IL-17
TNFCDR01670,TRYXXXXXXXGMDX,CDR3,H,14,1,disclosed_binder_claim,,fv_domain_vh,USPTO patent sequences,TNFB01356,Bispecific antibodies directed against TNF-alpha and IL-17
TNFCDR01671,TRYYKWDSFEGMDY,CDR3,H,14,1,disclosed_binder_claim,,fv_domain_vh,USPTO patent sequences,TNFB01329,Bispecific antibodies directed against TNF-alpha and IL-17
TNFCDR01672,TRYYKWDSFLGMDF,CDR3,H,14,1,disclosed_binder_claim,,fv_domain_vh,USPTO patent sequences,TNFB01310,Bispecific antibodies directed against TNF-alpha and IL-17
TNFCDR01673,TRYYKWDSFYGMDA,CDR3,H,14,1,disclosed_binder_claim,,fv_domain_vh,USPTO patent sequences,TNFB01311,Bispecific antibodies directed against TNF-alpha and IL-17
TNFCDR01674,TRYYKWESFQGMDY,CDR3,H,14,1,disclosed_binder_claim,,fv_domain_vh,USPTO patent sequences,TNFB01312,Bispecific antibodies directed against TNF-alpha and IL-17
TNFCDR01675,TRYYKWWGFMGMDY,CDR3,H,14,1,disclosed_binder_claim,,fv_domain_vh,USPTO patent sequences,TNFB01313,Bispecific antibodies directed against TNF-alpha and IL-17
TNFCDR01676,TRYYKYWSFLGMDY,CDR3,H,14,1,disclosed_binder_claim,,fv_domain_vh,USPTO patent sequences,TNFB01224,Bispecific antibodies directed against TNF-alpha and IL-17
TNFCDR01677,TRYYRWESFQGMDY,CDR3,H,14,1,disclosed_binder_claim,,fv_domain_vh,USPTO patent sequences,TNFB01314,Bispecific antibodies directed against TNF-alpha and IL-17
TNFCDR01678,TRYYRYESFHGMDY,CDR3,H,14,1,disclosed_binder_claim,,fv_domain_vh,USPTO patent sequences,TNFB01352,Bispecific antibodies directed against TNF-alpha and IL-17
TNFCDR01679,TRYYRYESFYGMDY,CDR3,H,14,38,disclosed_binder_claim,,fv_domain_vh,USPTO patent sequences,TNFB01178;TNFB01180;TNFB01183;TNFB01193;TNFB01195;TNFB01196;TNFB01199;TNFB01200;TNFB01203;TNFB01205;TNFB01208;TNFB01209,Bispecific antibodies directed against TNF-alpha and IL-17
TNFCDR01680,TRYYRYWGFEGMDY,CDR3,H,14,1,disclosed_binder_claim,,fv_domain_vh,USPTO patent sequences,TNFB01317,Bispecific antibodies directed against TNF-alpha and IL-17
TNFCDR01681,TTEAYGYNSNWFGY,CDR3,H,14,3,confirmed_binder,Fab1974 (conformation-selective anti-TNF mAb) [PDB 7KPB_4],fab;fv_domain_vh;igg_chain_heavy,PLAbDab;RCSB PDB;USPTO patent sequences,TNFB00006;TNFB01136;TNFB02878,A conformation-selective monoclonal antibody against a small molecule-stabilised signalling-deficient form of TNF || Antibodies binding to trimeric TNF alpha epitopes || Antibodies binding to trimeric
TNFCDR01682,VAHRQTVVRGPYLL,CDR3,H,14,1,disclosed_binder_claim,,vhh,USPTO patent sequences,TNFB00026,Single domain antibodies directed against tumor necrosis factor-alpha and uses therefor
TNFCDR01683,VRGGAVWSIHSFDP,CDR3,H,14,1,disclosed_binder_claim,,fv_domain_vh,USPTO patent sequences,TNFB00695,Antibodies to TNF-alpha and use thereof
TNFCDR01684,AAGPSIGKDTRSYDY,CDR3,H,15,1,tested_non_binder,,vhh,Proteinbase,TNFB00101,Proteinbase design tnfalphanano_24816 (mit)
TNFCDR01685,AARGIYFYGTTYFDY,CDR3,H,15,1,disclosed_binder_claim,,fv_domain_vh,USPTO patent sequences,TNFB00388,Methods of binding TNF-alpha using anti-TNF-alpha antibody fragment-polymer conjugates
TNFCDR01686,AASLNSGYNESYFDY,CDR3,H,15,1,tested_non_binder,,vhh,Proteinbase,TNFB00043,Proteinbase design tnfalphanano_05191 (mit)
TNFCDR01687,AGRLWAHITSSGHDV,CDR3,H,15,19,disclosed_binder_claim,,vhh,USPTO patent sequences,TNFB00035;TNFB00054;TNFB00055;TNFB00056;TNFB00057;TNFB00058;TNFB00059;TNFB00060;TNFB00061;TNFB00062;TNFB00063;TNFB00064,IL-23 and TNF-alpha binding bi-specific heavy chain polypeptides
TNFCDR01688,AKDDDFWSGGSEMDV,CDR3,H,15,1,disclosed_binder_claim,,fv_domain_vh,PLAbDab,TNFB00406,Gene segments encoding variable domains of anti-TNF antibodies in health and multiple sclerosis
TNFCDR01689,AKDREAQVDTLDFDY,CDR3,H,15,1,disclosed_binder_claim,,fv_domain_vh,USPTO patent sequences,TNFB01399,Nanobodies against tumor necrosis factor-alpha
TNFCDR01690,AKGEEFNNGWGAFNI,CDR3,H,15,2,disclosed_binder_claim,,fv_domain_vh;igg_chain_heavy,PLAbDab;USPTO patent sequences,TNFB01140;TNFB02819,Stable and soluble antibodies inhibiting TNF alpha | Stable and soluble antibodies inhibiting TNF-alpha
TNFCDR01691,AKGEVFNNGWGAFNI,CDR3,H,15,2,disclosed_binder_claim,,fv_domain_vh;igg_chain_heavy,PLAbDab;USPTO patent sequences,TNFB01139;TNFB02822,Stable and soluble antibodies inhibiting TNF alpha | Stable and soluble antibodies inhibiting TNF-alpha
TNFCDR01692,APDPYAYSTYREYCT,CDR3,H,15,1,disclosed_binder_claim,,vhh,USPTO patent sequences,TNFB00217,Single domain antibodies directed against TNF-alpha
TNFCDR01693,APDPYAYSTYSDYCS,CDR3,H,15,4,disclosed_binder_claim,,vhh,USPTO patent sequences,TNFB00221;TNFB00231;TNFB00243;TNFB00244,Single domain antibodies directed against TNF-alpha
TNFCDR01694,APDPYAYSTYSDYCT,CDR3,H,15,10,disclosed_binder_claim,,vhh,USPTO patent sequences,TNFB00219;TNFB00220;TNFB00222;TNFB00232;TNFB00233;TNFB00234;TNFB00235;TNFB00245;TNFB00246;TNFB00247,Single domain antibodies directed against TNF-alpha
TNFCDR01695,APDPYAYSTYSEYCT,CDR3,H,15,1,disclosed_binder_claim,,vhh,USPTO patent sequences,TNFB00209,Single domain antibodies directed against TNF-alpha
TNFCDR01696,ARDNYDEYDNNVFDL,CDR3,H,15,1,disclosed_binder_claim,,fv_domain_vh,PLAbDab;USPTO patent sequences,TNFB00697,TNF-alpha-neutralizing antibodies || TNF-alpha-neutralizing antibodies | TNF.alpha.-neutralizing antibodies
TNFCDR01697,ARDPIYASSSGYADI,CDR3,H,15,2,disclosed_binder_claim,,fv_domain_vh;igg_chain_heavy,PLAbDab;USPTO patent sequences,TNFB01382;TNFB02859,Nucleic acids encoding binding members to TNF alpha | TNF alpha antibody or fragment thereof and methods of use
TNFCDR01698,ARDPVYATSSGYFDL,CDR3,H,15,5,disclosed_binder_claim,,fv_domain_vh;igg_chain_heavy,USPTO patent sequences,TNFB01381;TNFB02861;TNFB02863;TNFB02891;TNFB02912,Anti-TNF-alpha-antibodies and functional fragments thereof
TNFCDR01699,ARDTHYRLYYYAMDY,CDR3,H,15,6,disclosed_binder_claim,,fv_domain_vh;igg_chain_heavy,USPTO patent sequences,TNFB01137;TNFB01138;TNFB02884;TNFB02885;TNFB02886;TNFB02893,TNFa-IL-17 bispecific antibodies
TNFCDR01700,ARGDAAGRLGRVPSY,CDR3,H,15,1,disclosed_binder_claim,,fv_domain_vh,PLAbDab,TNFB01377,Gene segments encoding variable domains of anti-TNF antibodies in health and multiple sclerosis
TNFCDR01701,ARGDYRYNGDWFFDV,CDR3,H,15,7,disclosed_binder_claim,,fv_domain_vh;igg_chain_heavy,USPTO patent sequences,TNFB01637;TNFB02848;TNFB02849;TNFB02850;TNFB02860;TNFB02875;TNFB02892,Methods of binding TNF-alpha using anti-TNF-alpha antibody fragment-polymer conjugates
TNFCDR01702,ARGEEFNNGWGAFNI,CDR3,H,15,4,disclosed_binder_claim,,fv_domain_vh;igg_chain_heavy,PLAbDab;USPTO patent sequences,TNFB01122;TNFB01170;TNFB02820;TNFB02821,Stable and soluble antibodies inhibiting TNF alpha | Stable and soluble antibodies inhibiting TNF-alpha
TNFCDR01703,ARGELFNNGWGAFNI,CDR3,H,15,6,disclosed_binder_claim,,fv_domain_vh;igg_chain_heavy,PLAbDab;USPTO patent sequences,TNFB01117;TNFB01121;TNFB01123;TNFB01366;TNFB02898;TNFB02905,Anti-TNF-alpha antibody
TNFCDR01704,ARGEVFNNGWGAFNI,CDR3,H,15,4,disclosed_binder_claim,,fv_domain_vh;igg_chain_heavy,PLAbDab;USPTO patent sequences,TNFB01120;TNFB01147;TNFB02823;TNFB02824,Stable and soluble antibodies inhibiting TNF alpha | Stable and soluble antibodies inhibiting TNF-alpha
TNFCDR01705,ARGHIAAANSYGMDV,CDR3,H,15,1,disclosed_binder_claim,,fv_domain_vh,PLAbDab,TNFB01386,Gene segments encoding variable domains of anti-TNF antibodies in health and multiple sclerosis
TNFCDR01706,ARGLTDPPRDDAYAI,CDR3,H,15,1,disclosed_binder_claim,,fv_domain_vh,PLAbDab,TNFB01376,Gene segments encoding variable domains of anti-TNF antibodies in health and multiple sclerosis
TNFCDR01707,ARKDYGDRESDFFDY,CDR3,H,15,1,disclosed_binder_claim,,fv_domain_vh,PLAbDab,TNFB00377,Gene segments encoding variable domains of anti-TNF antibodies in health and multiple sclerosis
TNFCDR01708,ARLSMHGFWSGYYDY,CDR3,H,15,1,disclosed_binder_claim,,fv_domain_vh,PLAbDab,TNFB01401,Gene segments encoding variable domains of anti-TNF antibodies in health and multiple sclerosis
TNFCDR01709,ARVVYYSNSYWYFDV,CDR3,H,15,2,disclosed_binder_claim,,fv_domain_vh;igg_chain_heavy,USPTO patent sequences,TNFB01380;TNFB02890,Therapy of autoimmune disease in a patient with an inadequate response to a TNF-.alpha. inhibitor | Therapy of autoimmune disease in a patient with an inadequate response to a TNF-alpha inhibitor
TNFCDR01710,ASDPVYSSSSGYLNL,CDR3,H,15,1,disclosed_binder_claim,,fv_domain_vh,PLAbDab;USPTO patent sequences,TNFB01116,TNF-alpha-neutralizing antibodies || TNF-alpha-neutralizing antibodies | TNF.alpha.-neutralizing antibodies
TNFCDR01711,AVGPYISPDESSYDY,CDR3,H,15,1,tested_non_binder,,vhh,Proteinbase,TNFB00102,Proteinbase design tnfalphanano_16223 (mit)
TNFCDR01712,AVGPYYGSSTSGFDY,CDR3,H,15,1,tested_non_binder,,vhh,Proteinbase,TNFB00099,Proteinbase design tnfalphanano_13443 (mit)
TNFCDR01713,NAILQTSRWSIPSNY,CDR3,H,15,3,disclosed_binder_claim,,vhh,USPTO patent sequences,TNFB00084;TNFB00249;TNFB00260,Single domain antibodies directed against tumor necrosis factor-alpha and uses therefor
TNFCDR01714,NAVLQTSRWSIPSNY,CDR3,H,15,2,disclosed_binder_claim,,vhh,USPTO patent sequences,TNFB00030;TNFB00163,Single domain antibodies directed against tumor necrosis factor-alpha and uses therefor
TNFCDR01715,NGRLWAHLTSSGHDV,CDR3,H,15,2,disclosed_binder_claim,,vhh,USPTO patent sequences,TNFB00044;TNFB00045,IL-23 and TNF-alpha binding bi-specific heavy chain polypeptides
TNFCDR01716,NTVLQTSRWNIPTNY,CDR3,H,15,1,disclosed_binder_claim,,vhh,USPTO patent sequences,TNFB00031,Single domain antibodies directed against tumor necrosis factor-alpha and uses therefor
TNFCDR01717,VREAGGQTAYYGLAP,CDR3,H,15,1,disclosed_binder_claim,,fv_domain_vh,PLAbDab;USPTO patent sequences,TNFB00698,TNF-alpha-neutralizing antibodies || TNF-alpha-neutralizing antibodies | TNF.alpha.-neutralizing antibodies
TNFCDR01718,AAGGIGISTSERSFDY,CDR3,H,16,1,tested_non_binder,,vhh,Proteinbase,TNFB00132,Proteinbase design tnfalphanano_20344 (mit)
TNFCDR01719,AAREWPFSTIPSGWRY,CDR3,H,16,1,disclosed_binder_claim,,vhh,USPTO patent sequences,TNFB00123,Single domain antibodies directed against tumor necrosis factor-alpha and uses therefor
TNFCDR01720,AARGDYRYNGDWFFDV,CDR3,H,16,2,disclosed_binder_claim,,fv_domain_vh,USPTO patent sequences,TNFB00407;TNFB00628,Methods of binding TNF-alpha using anti-TNF-alpha antibody fragment-polymer conjugates
TNFCDR01721,AARTYGSVSSWTGYKY,CDR3,H,16,3,disclosed_binder_claim,,vhh,USPTO patent sequences,TNFB00119;TNFB00120;TNFB00148,Single domain antibodies directed against TNF-alpha
TNFCDR01722,AASILPLSDDPGWNTN,CDR3,H,16,1,disclosed_binder_claim,,vhh,USPTO patent sequences,TNFB00143,Nanobodies against tumor necrosis factor-alpha
TNFCDR01723,AASILPLSDDPGWNTY,CDR3,H,16,12,confirmed_binder,,vhh,RCSB PDB;USPTO patent sequences,TNFB00087;TNFB00122;TNFB00127;TNFB00128;TNFB00129;TNFB00130;TNFB00131;TNFB00263;TNFB00271;TNFB00274;TNFB00275;TNFB00278,Nanobodies against tumor necrosis factor-alpha
TNFCDR01724,AASLIVGNFDESYFDY,CDR3,H,16,1,tested_non_binder,,vhh,Proteinbase,TNFB00100,Proteinbase design tnfalphanano_27194 (mit)
TNFCDR01725,AASPKYMTAYERSYDF,CDR3,H,16,2,disclosed_binder_claim,,vhh,USPTO patent sequences,TNFB00140;TNFB00253,Single domain antibodies directed against tumor necrosis factor-alpha and uses therefor
TNFCDR01726,AASRYARYRDVHAYDY,CDR3,H,16,1,disclosed_binder_claim,,vhh,USPTO patent sequences,TNFB00141,Single domain antibodies directed against tumor necrosis factor-alpha and uses therefor
TNFCDR01727,AASTNLWPRDRNLYAY,CDR3,H,16,1,disclosed_binder_claim,,vhh,USPTO patent sequences,TNFB00149,Single domain antibodies directed against tumor necrosis factor-alpha and uses therefor
TNFCDR01728,AKDLGRSSSWDRAFDI,CDR3,H,16,1,disclosed_binder_claim,,fv_domain_vh,PLAbDab,TNFB01391,Gene segments encoding variable domains of anti-TNF antibodies in health and multiple sclerosis
TNFCDR01729,AKDLSNRLSGGGTFDI,CDR3,H,16,1,disclosed_binder_claim,,fv_domain_vh,PLAbDab,TNFB01400,Anti Human TNF-alpha antibody genes
TNFCDR01730,AKGGPDDSNSMGTFDP,CDR3,H,16,2,disclosed_binder_claim,,fv_domain_vh;igg_chain_heavy,PLAbDab;USPTO patent sequences,TNFB01378;TNFB02835,Stable and soluble antibodies inhibiting TNF alpha | Stable and soluble antibodies inhibiting TNF-alpha
TNFCDR01731,AKVLPPYSDDSRTNAD,CDR3,H,16,1,disclosed_binder_claim,,fv_domain_vh,USPTO patent sequences,TNFB01389,Single domain antibodies directed against tumor necrosis factor-alpha and uses therefor
TNFCDR01732,ALPSNIITTDYLRVYY,CDR3,H,16,1,disclosed_binder_claim,,vhh,USPTO patent sequences,TNFB00142,Single domain antibodies directed against tumor necrosis factor-alpha and uses therefor
TNFCDR01733,ARAGYDIRSSAYVPKL,CDR3,H,16,1,disclosed_binder_claim,,fv_domain_vh,PLAbDab;USPTO patent sequences,TNFB01404,TNF-alpha-neutralizing antibodies || TNF-alpha-neutralizing antibodies | TNF.alpha.-neutralizing antibodies
TNFCDR01734,ARDDYADNEWTRKFDN,CDR3,H,16,1,disclosed_binder_claim,,fv_domain_vh,PLAbDab,TNFB01402,Gene segments encoding variable domains of anti-TNF antibodies in health and multiple sclerosis
TNFCDR01735,ARGGGGYYPSGSHFDF,CDR3,H,16,1,disclosed_binder_claim,,fv_domain_vh,PLAbDab,TNFB01403,Gene segments encoding variable domains of anti-TNF antibodies in health and multiple sclerosis
TNFCDR01736,ARGGPDDSNSMGTFDP,CDR3,H,16,11,disclosed_binder_claim,,fv_domain_vh;igg_chain_heavy,PLAbDab;USPTO patent sequences,TNFB00907;TNFB01383;TNFB01385;TNFB02829;TNFB02830;TNFB02831;TNFB02832;TNFB02833;TNFB02834;TNFB02836;TNFB02837,Stable and soluble antibodies inhibiting TNF alpha | Stable and soluble antibodies inhibiting TNF-alpha
TNFCDR01737,ARGGYGGDGVDGAFDP,CDR3,H,16,4,disclosed_binder_claim,,fv_domain_vh;igg_chain_heavy,PLAbDab;USPTO patent sequences,TNFB01409;TNFB02862;TNFB02864;TNFB02865,Anti-TNF-alpha-antibodies and functional fragments thereof
TNFCDR01738,ARIFEGLSGIAAPFDY,CDR3,H,16,1,disclosed_binder_claim,,fv_domain_vh,PLAbDab,TNFB00342,Gene segments encoding variable domains of anti-TNF antibodies in health and multiple sclerosis
TNFCDR01739,ARSPIDGTTRTEGFDY,CDR3,H,16,1,tested_non_binder,,vhh,Proteinbase,TNFB00126,Proteinbase design tnfalphanano_13025 (mit)
TNFCDR01740,ATADGGGSDYYWGFNL,CDR3,H,16,1,disclosed_binder_claim,,fv_domain_vh,PLAbDab;USPTO patent sequences,TNFB01394,TNF-alpha-neutralizing antibodies || TNF-alpha-neutralizing antibodies | TNF.alpha.-neutralizing antibodies
TNFCDR01741,AVRSFGSVSTWAGYVY,CDR3,H,16,1,disclosed_binder_claim,,vhh,USPTO patent sequences,TNFB00121,Single domain antibodies directed against TNF-alpha
TNFCDR01742,AVSPSGISPSERSYDY,CDR3,H,16,1,tested_non_binder,,vhh,Proteinbase,TNFB00133,Proteinbase design tnfalphanano_11970 (mit)
TNFCDR01743,TKVLPPYSDDSRTNAD,CDR3,H,16,9,disclosed_binder_claim,,fv_domain_vh;igg_chain_heavy,USPTO patent sequences,TNFB01390;TNFB01396;TNFB01397;TNFB01635;TNFB02789;TNFB02810;TNFB02811;TNFB02813;TNFB02814,Single domain antibodies directed against tumor necrosis factor-alpha and uses therefor
TNFCDR01744,TKVVPPYSDDSRTNAD,CDR3,H,16,3,disclosed_binder_claim,,fv_domain_vh;igg_chain_heavy,USPTO patent sequences,TNFB01398;TNFB01636;TNFB02812,Single domain antibodies directed against tumor necrosis factor-alpha and uses therefor
TNFCDR01745,AAAYGGGLYRDPRSYDY,CDR3,H,17,1,disclosed_binder_claim,,vhh,USPTO patent sequences,TNFB00152,Single domain antibodies directed against tumor necrosis factor-alpha and uses therefor
TNFCDR01746,AADRDRCGSIWTYAYKY,CDR3,H,17,11,disclosed_binder_claim,,vhh,USPTO patent sequences,TNFB00118;TNFB00134;TNFB00135;TNFB00136;TNFB00137;TNFB00138;TNFB00139;TNFB00144;TNFB00145;TNFB00146;TNFB00147,Single domain antibodies directed against TNF-alpha
TNFCDR01747,AALPSNIITTDYLRVYY,CDR3,H,17,1,disclosed_binder_claim,,vhh,USPTO patent sequences,TNFB00162,Single domain antibodies directed against tumor necrosis factor-alpha and uses therefor
TNFCDR01748,AAPGTRYHGRNQVNYNY,CDR3,H,17,1,disclosed_binder_claim,,vhh,USPTO patent sequences,TNFB00082,Single domain antibodies directed against tumor necrosis factor-alpha and uses therefor
TNFCDR01749,AAPGTRYYGSNQVNYNY,CDR3,H,17,1,disclosed_binder_claim,,vhh,USPTO patent sequences,TNFB00083,Single domain antibodies directed against tumor necrosis factor-alpha and uses therefor
TNFCDR01750,AARDGIPTSRSVEAYNY,CDR3,H,17,1,disclosed_binder_claim,,vhh,USPTO patent sequences,TNFB00194,Nanobodies against tumor necrosis factor-alpha
TNFCDR01751,AARDGIPTSRSVESYNY,CDR3,H,17,20,confirmed_binder,,vhh,RCSB PDB;USPTO patent sequences,TNFB00214;TNFB00218;TNFB00236;TNFB00237;TNFB00238;TNFB00239;TNFB00240;TNFB00241;TNFB00256;TNFB00258;TNFB00264;TNFB00265,Nanobodies against tumor necrosis factor-alpha
TNFCDR01752,AARDGIPTSRSVGSYNY,CDR3,H,17,11,disclosed_binder_claim,,vhh,USPTO patent sequences,TNFB00224;TNFB00225;TNFB00226;TNFB00227;TNFB00228;TNFB00229;TNFB00230;TNFB00242;TNFB00270;TNFB00272;TNFB00277,Nanobodies against tumor necrosis factor-alpha
TNFCDR01753,AARDGIPTSRTVGSYNY,CDR3,H,17,3,disclosed_binder_claim,,vhh,USPTO patent sequences,TNFB00203;TNFB00257;TNFB00262,Nanobodies against tumor necrosis factor-alpha | Single domain antibodies directed against tumor necrosis factor-alpha and uses therefor
TNFCDR01754,AARDPTRTYSSYFEYTY,CDR3,H,17,1,disclosed_binder_claim,,vhh,USPTO patent sequences,TNFB00161,Single domain antibodies directed against tumor necrosis factor-alpha and uses therefor
TNFCDR01755,AARPYQKYNWASASYNV,CDR3,H,17,5,disclosed_binder_claim,,vhh,USPTO patent sequences,TNFB00151;TNFB00159;TNFB00255;TNFB00261;TNFB00269,Single domain antibodies directed against tumor necrosis factor-alpha and uses therefor
TNFCDR01756,AARPYQRFNWASASYNV,CDR3,H,17,1,disclosed_binder_claim,,vhh,USPTO patent sequences,TNFB00164,Single domain antibodies directed against tumor necrosis factor-alpha and uses therefor
TNFCDR01757,AARSFWGYNVEQRDFGS,CDR3,H,17,1,disclosed_binder_claim,,vhh,USPTO patent sequences,TNFB00160,Single domain antibodies directed against tumor necrosis factor-alpha and uses therefor
TNFCDR01758,AARTYGTISLTPSDYRY,CDR3,H,17,1,disclosed_binder_claim,,vhh,USPTO patent sequences,TNFB00155,Single domain antibodies directed against TNF-alpha
TNFCDR01759,AAVDSPLIATHPRGYDY,CDR3,H,17,2,disclosed_binder_claim,,vhh,USPTO patent sequences,TNFB00150;TNFB00286,Polypeptides comprising immunoglobulin single variable domains targeting IL-6 and TNF-alpha
TNFCDR01760,AGSYSNGNPHRFSQYQY,CDR3,H,17,1,disclosed_binder_claim,,vhh,USPTO patent sequences,TNFB00165,Nanobodies against tumor necrosis factor-alpha
TNFCDR01761,ALRTRSGSLFDPGTFDY,CDR3,H,17,1,disclosed_binder_claim,,vhh,USPTO patent sequences,TNFB00153,IL-23 and TNF-alpha binding bi-specific heavy chain polypeptides
TNFCDR01762,ARDRGYTSSWYPDAFDI,CDR3,H,17,1,disclosed_binder_claim,,igg_chain_heavy,USPTO patent sequences,TNFB02899,IL-23 and TNF-alpha binding bi-specific heavy chain polypeptides
TNFCDR01763,ARGDDYTYITGRDGLDV,CDR3,H,17,1,disclosed_binder_claim,,fv_domain_vh,PLAbDab,TNFB00635,Gene segments encoding variable domains of anti-TNF antibodies in health and multiple sclerosis
TNFCDR01764,ARKCLNTVAVTEHRMDY,CDR3,H,17,1,disclosed_binder_claim,,fv_domain_vh,USPTO patent sequences,TNFB01511,Immunobinders directed against TNF
TNFCDR01765,ARKCMTTIVETDNAMDY,CDR3,H,17,1,disclosed_binder_claim,,fv_domain_vh,USPTO patent sequences,TNFB01512,Immunobinders directed against TNF
TNFCDR01766,ARKFFPTMVVTDYAMDY,CDR3,H,17,1,disclosed_binder_claim,,fv_domain_vh,USPTO patent sequences,TNFB01536,Immunobinders directed against TNF
TNFCDR01767,ARKFFTPVVVTDNAMDY,CDR3,H,17,2,disclosed_binder_claim,,fv_domain_vh,USPTO patent sequences,TNFB01444;TNFB01513,Immunobinders directed against TNF
TNFCDR01768,ARKFFTTMAVTDNAMDY,CDR3,H,17,1,disclosed_binder_claim,,fv_domain_vh,USPTO patent sequences,TNFB01433,Immunobinders directed against TNF
TNFCDR01769,ARKFLKTVVATDDAMDY,CDR3,H,17,1,disclosed_binder_claim,,fv_domain_vh,USPTO patent sequences,TNFB01514,Immunobinders directed against TNF
TNFCDR01770,ARKFLNTAVVTDYAMDY,CDR3,H,17,1,disclosed_binder_claim,,fv_domain_vh,USPTO patent sequences,TNFB01537,Immunobinders directed against TNF
TNFCDR01771,ARKFLNTVVVTDYAMDY,CDR3,H,17,2,disclosed_binder_claim,,fv_domain_vh,USPTO patent sequences,TNFB01515;TNFB01538,Immunobinders directed against TNF
TNFCDR01772,ARKFLPTVVVTDYAMDY,CDR3,H,17,1,disclosed_binder_claim,,fv_domain_vh,USPTO patent sequences,TNFB01539,Immunobinders directed against TNF
TNFCDR01773,ARKFLRTEVMTDYAMDY,CDR3,H,17,1,disclosed_binder_claim,,fv_domain_vh,USPTO patent sequences,TNFB01540,Immunobinders directed against TNF
TNFCDR01774,ARKFLSTVAVTDSAMDY,CDR3,H,17,1,disclosed_binder_claim,,fv_domain_vh,USPTO patent sequences,TNFB01516,Immunobinders directed against TNF
TNFCDR01775,ARKFLTPVVVTDCAMDY,CDR3,H,17,1,disclosed_binder_claim,,fv_domain_vh,USPTO patent sequences,TNFB01541,Immunobinders directed against TNF
TNFCDR01776,ARKFLTTVIVTDNAMDY,CDR3,H,17,1,disclosed_binder_claim,,fv_domain_vh,USPTO patent sequences,TNFB01542,Immunobinders directed against TNF
TNFCDR01777,ARKFLTTVVHTDYAMDY,CDR3,H,17,1,disclosed_binder_claim,,fv_domain_vh,USPTO patent sequences,TNFB01543,Immunobinders directed against TNF
TNFCDR01778,ARKFLTTVVNTDSAMDY,CDR3,H,17,1,disclosed_binder_claim,,fv_domain_vh,USPTO patent sequences,TNFB01544,Immunobinders directed against TNF
TNFCDR01779,ARKFLTTVVVNDYAMDY,CDR3,H,17,1,disclosed_binder_claim,,fv_domain_vh,USPTO patent sequences,TNFB01545,Immunobinders directed against TNF
TNFCDR01780,ARKFLTTVVVTDCAMDY,CDR3,H,17,1,disclosed_binder_claim,,fv_domain_vh,USPTO patent sequences,TNFB01546,Immunobinders directed against TNF
TNFCDR01781,ARKFLTTVVVTDNAMDY,CDR3,H,17,1,disclosed_binder_claim,,fv_domain_vh,USPTO patent sequences,TNFB01547,Immunobinders directed against TNF
TNFCDR01782,ARKFLTTVVVTDSAMDY,CDR3,H,17,1,disclosed_binder_claim,,fv_domain_vh,USPTO patent sequences,TNFB01517,Immunobinders directed against TNF
TNFCDR01783,ARKFLTTVVVTDYAMDY,CDR3,H,17,100,disclosed_binder_claim,,fv_domain_vh,USPTO patent sequences,TNFB01405;TNFB01406;TNFB01407;TNFB01410;TNFB01411;TNFB01413;TNFB01414;TNFB01415;TNFB01416;TNFB01417;TNFB01418;TNFB01419,TNF-alpha binding proteins
TNFCDR01784,ARKFMKTRVVTDNAMDY,CDR3,H,17,1,disclosed_binder_claim,,fv_domain_vh,USPTO patent sequences,TNFB01548,Immunobinders directed against TNF
TNFCDR01785,ARKFMNTAMVTDYAMDY,CDR3,H,17,1,disclosed_binder_claim,,fv_domain_vh,USPTO patent sequences,TNFB01520,Immunobinders directed against TNF
TNFCDR01786,ARKFMNTVDVTDNAMDY,CDR3,H,17,1,disclosed_binder_claim,,fv_domain_vh,USPTO patent sequences,TNFB01549,Immunobinders directed against TNF
TNFCDR01787,ARKFMPTVVETDYAMDY,CDR3,H,17,1,disclosed_binder_claim,,fv_domain_vh,USPTO patent sequences,TNFB01550,Immunobinders directed against TNF
TNFCDR01788,ARKFMTTMAVTDFAMDY,CDR3,H,17,1,disclosed_binder_claim,,fv_domain_vh,USPTO patent sequences,TNFB01521,Immunobinders directed against TNF
TNFCDR01789,ARKFQTPVVDTDYAMDY,CDR3,H,17,1,disclosed_binder_claim,,fv_domain_vh,USPTO patent sequences,TNFB01551,Immunobinders directed against TNF
TNFCDR01790,ARKFRKPVSVTDYAMDY,CDR3,H,17,1,disclosed_binder_claim,,fv_domain_vh,USPTO patent sequences,TNFB01522,Immunobinders directed against TNF
TNFCDR01791,ARKFRNTVAVTDYAMDY,CDR3,H,17,3,disclosed_binder_claim,,fv_domain_vh;igg_chain_heavy,USPTO patent sequences,TNFB01445;TNFB02856;TNFB02857,Bispecific antibodies directed against TNF-alpha and IL-17 | Immunobinders directed against TNF
TNFCDR01792,ARKFRSSVAVTDNAMDY,CDR3,H,17,1,disclosed_binder_claim,,fv_domain_vh,USPTO patent sequences,TNFB01552,Immunobinders directed against TNF
TNFCDR01793,ARKFRTTAVPTDNAMDY,CDR3,H,17,1,disclosed_binder_claim,,fv_domain_vh,USPTO patent sequences,TNFB01523,Immunobinders directed against TNF
TNFCDR01794,ARKFRTTVVETDYCMDY,CDR3,H,17,1,disclosed_binder_claim,,fv_domain_vh,USPTO patent sequences,TNFB01553,Immunobinders directed against TNF
TNFCDR01795,ARKFRTTVVLTDSAMDY,CDR3,H,17,1,disclosed_binder_claim,,fv_domain_vh,USPTO patent sequences,TNFB01554,Immunobinders directed against TNF
TNFCDR01796,ARKFSTTVVVTDYAMDY,CDR3,H,17,1,disclosed_binder_claim,,fv_domain_vh,USPTO patent sequences,TNFB01555,Immunobinders directed against TNF
TNFCDR01797,ARKFVTTMVVTDYAMDY,CDR3,H,17,1,disclosed_binder_claim,,fv_domain_vh,USPTO patent sequences,TNFB01556,Immunobinders directed against TNF
TNFCDR01798,ARKFWRTVVGTDNAMDY,CDR3,H,17,1,disclosed_binder_claim,,fv_domain_vh,USPTO patent sequences,TNFB01557,Immunobinders directed against TNF
TNFCDR01799,ARKFWTTIVVTDYAMDY,CDR3,H,17,1,disclosed_binder_claim,,fv_domain_vh,USPTO patent sequences,TNFB01524,Immunobinders directed against TNF
TNFCDR01800,ARKILTTVVVTDNAMDY,CDR3,H,17,1,disclosed_binder_claim,,fv_domain_vh,USPTO patent sequences,TNFB01558,Immunobinders directed against TNF
TNFCDR01801,ARKLFFTEDVTDYAMDY,CDR3,H,17,1,disclosed_binder_claim,,fv_domain_vh,USPTO patent sequences,TNFB01498,Immunobinders directed against TNF
TNFCDR01802,ARKLFKTEAVTDYAMDY,CDR3,H,17,1,disclosed_binder_claim,,fv_domain_vh,USPTO patent sequences,TNFB01469,Bispecific antibodies directed against TNF-alpha and IL-17 | Immunobinders directed against TNF
TNFCDR01803,ARKLFKTMAVTDAAMDY,CDR3,H,17,1,disclosed_binder_claim,,fv_domain_vh,USPTO patent sequences,TNFB01432,Immunobinders directed against TNF
TNFCDR01804,ARKLFLVEAVTDYAMDY,CDR3,H,17,1,disclosed_binder_claim,,fv_domain_vh,USPTO patent sequences,TNFB01420,Immunobinders directed against TNF
TNFCDR01805,ARKLFNTVAVTDNAMDY,CDR3,H,17,3,disclosed_binder_claim,,fv_domain_vh;igg_chain_heavy,USPTO patent sequences,TNFB01434;TNFB02815;TNFB02855,Bispecific antibodies directed against TNF-alpha and IL-17 | Immunobinders directed against TNF
TNFCDR01806,ARKLFNTVDVTDNAMDY,CDR3,H,17,3,disclosed_binder_claim,,fv_domain_vh,USPTO patent sequences,TNFB01435;TNFB01436;TNFB01463,Bispecific antibodies directed against TNF-alpha and IL-17 | Immunobinders directed against TNF
TNFCDR01807,ARKLFTTMDVTDNAMDY,CDR3,H,17,7,disclosed_binder_claim,,fv_domain_vh;igg_chain_heavy,USPTO patent sequences,TNFB01412;TNFB01431;TNFB01459;TNFB02851;TNFB02852;TNFB02853;TNFB02854,Bispecific antibodies directed against TNF-alpha and IL-17 | Immunobinders directed against TNF
TNFCDR01808,ARKLFTTVDVTDNAMDY,CDR3,H,17,1,disclosed_binder_claim,,fv_domain_vh,USPTO patent sequences,TNFB01455,Bispecific antibodies directed against TNF-alpha and IL-17 | Immunobinders directed against TNF
TNFCDR01809,ARKLFTTVVVTDDAMDY,CDR3,H,17,1,disclosed_binder_claim,,fv_domain_vh,USPTO patent sequences,TNFB01559,Immunobinders directed against TNF
TNFCDR01810,ARKLFTTVVVTDSAMDY,CDR3,H,17,1,disclosed_binder_claim,,fv_domain_vh,USPTO patent sequences,TNFB01560,Immunobinders directed against TNF
TNFCDR01811,ARKLFTVEDVTDCAMDY,CDR3,H,17,1,disclosed_binder_claim,,fv_domain_vh,USPTO patent sequences,TNFB01462,Immunobinders directed against TNF
TNFCDR01812,ARKLLDAVMVTDYAMDY,CDR3,H,17,1,disclosed_binder_claim,,fv_domain_vh,USPTO patent sequences,TNFB01525,Immunobinders directed against TNF
TNFCDR01813,ARKLLFTVVQTDYAMDY,CDR3,H,17,1,disclosed_binder_claim,,fv_domain_vh,USPTO patent sequences,TNFB01561,Immunobinders directed against TNF
TNFCDR01814,ARKLLKTRVVTDYAMDY,CDR3,H,17,1,disclosed_binder_claim,,fv_domain_vh,USPTO patent sequences,TNFB01562,Immunobinders directed against TNF
TNFCDR01815,ARKLLNTVVDTDYAMDY,CDR3,H,17,1,disclosed_binder_claim,,fv_domain_vh,USPTO patent sequences,TNFB01563,Immunobinders directed against TNF
TNFCDR01816,ARKLLNTVVGTDYAMDY,CDR3,H,17,1,disclosed_binder_claim,,fv_domain_vh,USPTO patent sequences,TNFB01564,Immunobinders directed against TNF
TNFCDR01817,ARKLLNTVVVTDYAMDY,CDR3,H,17,1,disclosed_binder_claim,,fv_domain_vh,USPTO patent sequences,TNFB01565,Immunobinders directed against TNF
TNFCDR01818,ARKLLTPVVVTDYAMDY,CDR3,H,17,1,disclosed_binder_claim,,fv_domain_vh,USPTO patent sequences,TNFB01566,Immunobinders directed against TNF
TNFCDR01819,ARKLLTTEAVTDYAMDY,CDR3,H,17,1,disclosed_binder_claim,,fv_domain_vh,USPTO patent sequences,TNFB01526,Immunobinders directed against TNF
TNFCDR01820,ARKLLTTIVATDNAMDY,CDR3,H,17,1,disclosed_binder_claim,,fv_domain_vh,USPTO patent sequences,TNFB01527,Immunobinders directed against TNF
TNFCDR01821,ARKLLTTVAVTDYAMDY,CDR3,H,17,1,disclosed_binder_claim,,fv_domain_vh,USPTO patent sequences,TNFB01567,Immunobinders directed against TNF
TNFCDR01822,ARKLLTTVSATDNAMDY,CDR3,H,17,1,disclosed_binder_claim,,fv_domain_vh,USPTO patent sequences,TNFB01528,Immunobinders directed against TNF
TNFCDR01823,ARKLLTTVVATDNAMDY,CDR3,H,17,1,disclosed_binder_claim,,fv_domain_vh,USPTO patent sequences,TNFB01568,Immunobinders directed against TNF
TNFCDR01824,ARKLLTTVVATDYAMDY,CDR3,H,17,1,disclosed_binder_claim,,fv_domain_vh,USPTO patent sequences,TNFB01569,Immunobinders directed against TNF
TNFCDR01825,ARKLLTTVVVTDNAMDY,CDR3,H,17,1,disclosed_binder_claim,,fv_domain_vh,USPTO patent sequences,TNFB01529,Immunobinders directed against TNF
TNFCDR01826,ARKLMSTVVETDNAMDY,CDR3,H,17,1,disclosed_binder_claim,,fv_domain_vh,USPTO patent sequences,TNFB01570,Immunobinders directed against TNF
TNFCDR01827,ARKLMTTVVVTDHAMDY,CDR3,H,17,1,disclosed_binder_claim,,fv_domain_vh,USPTO patent sequences,TNFB01571,Immunobinders directed against TNF
TNFCDR01828,ARKLMTTVVVTDYAMDY,CDR3,H,17,1,disclosed_binder_claim,,fv_domain_vh,USPTO patent sequences,TNFB01572,Immunobinders directed against TNF
TNFCDR01829,ARKLVTTVVVTDYAMDY,CDR3,H,17,1,disclosed_binder_claim,,fv_domain_vh,USPTO patent sequences,TNFB01573,Immunobinders directed against TNF
TNFCDR01830,ARKLWTTVVVTDNAMDY,CDR3,H,17,1,disclosed_binder_claim,,fv_domain_vh,USPTO patent sequences,TNFB01574,Immunobinders directed against TNF
TNFCDR01831,ARKVLNTVVVTDYAMDY,CDR3,H,17,1,disclosed_binder_claim,,fv_domain_vh,USPTO patent sequences,TNFB01575,Immunobinders directed against TNF
TNFCDR01832,ARKVMATEVVTDYAMDY,CDR3,H,17,1,disclosed_binder_claim,,fv_domain_vh,USPTO patent sequences,TNFB01576,Immunobinders directed against TNF
TNFCDR01833,ARKYFTTVAVTDYAMDY,CDR3,H,17,1,disclosed_binder_claim,,fv_domain_vh,USPTO patent sequences,TNFB01530,Immunobinders directed against TNF
TNFCDR01834,ARKYFTTVVVTDYAMDY,CDR3,H,17,1,disclosed_binder_claim,,fv_domain_vh,USPTO patent sequences,TNFB01531,Immunobinders directed against TNF
TNFCDR01835,ARKYLMPVVVTDYAMDY,CDR3,H,17,1,disclosed_binder_claim,,fv_domain_vh,USPTO patent sequences,TNFB01532,Immunobinders directed against TNF
TNFCDR01836,ARKYLTPVVATDFAMDY,CDR3,H,17,1,disclosed_binder_claim,,fv_domain_vh,USPTO patent sequences,TNFB01533,Immunobinders directed against TNF
TNFCDR01837,ARKYLTTVVATDYAMDY,CDR3,H,17,1,disclosed_binder_claim,,fv_domain_vh,USPTO patent sequences,TNFB01577,Immunobinders directed against TNF
TNFCDR01838,ARKYLTTVVVTDSAMDY,CDR3,H,17,1,disclosed_binder_claim,,fv_domain_vh,USPTO patent sequences,TNFB01578,Immunobinders directed against TNF
TNFCDR01839,ARKYSTPVVVTDYAMDY,CDR3,H,17,1,disclosed_binder_claim,,fv_domain_vh,USPTO patent sequences,TNFB01534,Immunobinders directed against TNF
TNFCDR01840,ARKYSTTVVVTDYAMDY,CDR3,H,17,1,disclosed_binder_claim,,fv_domain_vh,USPTO patent sequences,TNFB01535,Immunobinders directed against TNF
TNFCDR01841,ARRDGIPTSRSVSSYNY,CDR3,H,17,1,disclosed_binder_claim,,vhh_putative,USPTO patent sequences,TNFB00304,Nanobodies against tumor necrosis factor-alpha
TNFCDR01842,ARRFLTTVDVTDNAMDY,CDR3,H,17,1,disclosed_binder_claim,,fv_domain_vh,USPTO patent sequences,TNFB01579,Immunobinders directed against TNF
TNFCDR01843,ARRFLTTVEVTDLAMDY,CDR3,H,17,1,disclosed_binder_claim,,fv_domain_vh,USPTO patent sequences,TNFB01580,Immunobinders directed against TNF
TNFCDR01844,ARSSGSGGTWYKEYFQS,CDR3,H,17,1,disclosed_binder_claim,,fv_domain_vh,USPTO patent sequences,TNFB01586,Bispecific antibodies directed against TNF-alpha and IL-17 | Immunobinders directed against TNF
TNFCDR01845,ARVPRGTYLDPWDYFDY,CDR3,H,17,1,disclosed_binder_claim,,fv_domain_vh,PLAbDab;USPTO patent sequences,TNFB01600,Stable and soluble antibodies inhibiting TNF alpha || Stable and soluble antibodies inhibiting TNF alpha | Stable and soluble antibodies inhibiting TNF-alpha
TNFCDR01846,ARXXXXXXXXXXXXMDY,CDR3,H,17,1,disclosed_binder_claim,,fv_domain_vh,USPTO patent sequences,TNFB01589,Bispecific antibodies directed against TNF-alpha and IL-17 | Immunobinders directed against TNF
TNFCDR01847,AVNRYGIPYRSGTQYQN,CDR3,H,17,1,disclosed_binder_claim,,vhh,USPTO patent sequences,TNFB00158,Single domain antibodies directed against tumor necrosis factor-alpha and uses therefor
TNFCDR01848,AVSPYPGVSPNERDYDY,CDR3,H,17,1,tested_non_binder,,vhh,Proteinbase,TNFB00154,Proteinbase design tnfalphanano_11114 (mit)
TNFCDR01849,AVTYASGSYFYESNFDY,CDR3,H,17,1,tested_non_binder,,vhh,Proteinbase,TNFB00124,Proteinbase design tnfalphanano_25803 (mit)
TNFCDR01850,TKDWGWRFASGFSYCDY,CDR3,H,17,1,disclosed_binder_claim,,fv_domain_vh,PLAbDab,TNFB00391,Gene segments encoding variable domains of anti-TNF antibodies in health and multiple sclerosis
TNFCDR01851,TRVPWQYNWNPFWYFDL,CDR3,H,17,1,disclosed_binder_claim,,fv_domain_vh,PLAbDab,TNFB01371,Gene segments encoding variable domains of anti-TNF antibodies in health and multiple sclerosis
TNFCDR01852,AADLPPGCLTQAIWNFGY,CDR3,H,18,1,disclosed_binder_claim,,vhh,USPTO patent sequences,TNFB00156,Single domain antibodies directed against TNF-alpha
TNFCDR01853,AARFRIYGQCVEDDDIDY,CDR3,H,18,1,disclosed_binder_claim,,vhh,USPTO patent sequences,TNFB00166,Single domain antibodies directed against TNF-alpha
TNFCDR01854,AARPEYSFTAMSKGDMDY,CDR3,H,18,1,disclosed_binder_claim,,vhh,USPTO patent sequences,TNFB00167,Single domain antibodies directed against tumor necrosis factor-alpha and uses therefor
TNFCDR01855,AASAGGFLVPRVGQGYDY,CDR3,H,18,1,disclosed_binder_claim,,vhh,USPTO patent sequences,TNFB00172,Polypeptides comprising immunoglobulin single variable domains targeting IL-6 and TNF-alpha
TNFCDR01856,AKVHGWEAGYYNYYGLDV,CDR3,H,18,1,disclosed_binder_claim,,fv_domain_vh,PLAbDab,TNFB01128,Gene segments encoding variable domains of anti-TNF antibodies in health and multiple sclerosis
TNFCDR01857,AQKLSPYYNDFDSSNYEY,CDR3,H,18,2,disclosed_binder_claim,,vhh,USPTO patent sequences,TNFB00103;TNFB00157,Nanobodies against tumor necrosis factor-alpha
TNFCDR01858,ARASGSSSVVYIGVYFSL,CDR3,H,18,6,disclosed_binder_claim,,fv_domain_vh;igg_chain_heavy,USPTO patent sequences,TNFB01610;TNFB01611;TNFB01613;TNFB02869;TNFB02870;TNFB02871,Anti-TNF-alpha-antibodies and functional fragments thereof
TNFCDR01859,ARGFGSSSNYYIGIYFNL,CDR3,H,18,1,disclosed_binder_claim,,fv_domain_vh,PLAbDab;USPTO patent sequences,TNFB01597,TNF-alpha-neutralizing antibodies || TNF-alpha-neutralizing antibodies | TNF.alpha.-neutralizing antibodies
TNFCDR01860,ARGVGSGSAIYMGAYFDL,CDR3,H,18,1,disclosed_binder_claim,,fv_domain_vh,PLAbDab;USPTO patent sequences,TNFB01603,TNF-alpha-neutralizing antibodies || TNF-alpha-neutralizing antibodies | TNF.alpha.-neutralizing antibodies
TNFCDR01861,ARGYAGYGGYGRPVNFNL,CDR3,H,18,1,disclosed_binder_claim,,fv_domain_vh,PLAbDab;USPTO patent sequences,TNFB01595,TNF-alpha-neutralizing antibodies || TNF-alpha-neutralizing antibodies | TNF.alpha.-neutralizing antibodies
TNFCDR01862,ARGYGSASAIYMGAYFDS,CDR3,H,18,1,disclosed_binder_claim,,fv_domain_vh,PLAbDab;USPTO patent sequences,TNFB01393,TNF-alpha-neutralizing antibodies || TNF-alpha-neutralizing antibodies | TNF.alpha.-neutralizing antibodies
TNFCDR01863,ARGYGSGSNIYMGAYFDL,CDR3,H,18,1,disclosed_binder_claim,,fv_domain_vh,PLAbDab;USPTO patent sequences,TNFB00911,TNF-alpha-neutralizing antibodies || TNF-alpha-neutralizing antibodies | TNF.alpha.-neutralizing antibodies
TNFCDR01864,ARILVDIVATITNDAFDV,CDR3,H,18,2,disclosed_binder_claim,,vhh_putative,PLAbDab;USPTO patent sequences,TNFB00305;TNFB00308,"Fully human anti-TNF-alpha monoclonal antibody, preparation method and use thereof"
TNFCDR01865,ARSGSYYSRGWGAHYFNL,CDR3,H,18,6,disclosed_binder_claim,,fv_domain_vh;igg_chain_heavy,USPTO patent sequences,TNFB01604;TNFB01605;TNFB01606;TNFB02866;TNFB02867;TNFB02868,Anti-TNF-alpha-antibodies and functional fragments thereof
TNFCDR01866,AVDSSGRLYWTLSTSYDY,CDR3,H,18,2,disclosed_binder_claim,,vhh,USPTO patent sequences,TNFB00168;TNFB00173,Single domain antibodies directed against tumor necrosis factor-alpha and uses therefor
TNFCDR01867,TIGGSLSRSSQGTLVTVS,CDR3,H,18,2,disclosed_binder_claim,,fv_domain_vh,USPTO patent sequences,TNFB00632;TNFB00692,Polypeptides comprising immunoglobulin single variable domains targeting IL-6 and TNF-alpha | Polypeptides comprising immunoglobulin single variable domains targeting TNFA and IL-23 | TNF binders
TNFCDR01868,AAAPYRGGRDYRWEYEYEY,CDR3,H,19,1,disclosed_binder_claim,,vhh,USPTO patent sequences,TNFB00248,Nanobodies against tumor necrosis factor-alpha
TNFCDR01869,AADSSHYSYVYSKAYEYDY,CDR3,H,19,1,disclosed_binder_claim,,vhh,USPTO patent sequences,TNFB00223,Nanobodies against tumor necrosis factor-alpha
TNFCDR01870,AAEATFPTWNRGRFADYDY,CDR3,H,19,1,disclosed_binder_claim,,vhh,USPTO patent sequences,TNFB00185,Single domain antibodies directed against tumor necrosis factor-alpha and uses therefor
TNFCDR01871,AAEATFPTWNRGSFADYDY,CDR3,H,19,1,disclosed_binder_claim,,vhh,USPTO patent sequences,TNFB00184,Single domain antibodies directed against tumor necrosis factor-alpha and uses therefor
TNFCDR01872,AAEATFPTWNRGTFADYDY,CDR3,H,19,1,disclosed_binder_claim,,vhh,USPTO patent sequences,TNFB00186,Single domain antibodies directed against tumor necrosis factor-alpha and uses therefor
TNFCDR01873,AAEATFPTWSRGRFADYDY,CDR3,H,19,1,disclosed_binder_claim,,vhh,USPTO patent sequences,TNFB00183,Single domain antibodies directed against tumor necrosis factor-alpha and uses therefor
TNFCDR01874,AAGGLLLRVEELQASDYDY,CDR3,H,19,1,disclosed_binder_claim,,vhh,USPTO patent sequences,TNFB00177,Single domain antibodies directed against tumor necrosis factor-alpha and uses therefor
TNFCDR01875,AARTPNSSWFPTTLYEYDY,CDR3,H,19,1,disclosed_binder_claim,,vhh,USPTO patent sequences,TNFB00176,IL-23 and TNF-alpha binding bi-specific heavy chain polypeptides
TNFCDR01876,AASYIDFNPGNFQESGFDY,CDR3,H,19,1,tested_non_binder,,vhh,Proteinbase,TNFB00169,Proteinbase design tnfalphanano_27951 (mit)
TNFCDR01877,ACAANPYGIPQYRENRYDF,CDR3,H,19,2,disclosed_binder_claim,,vhh,USPTO patent sequences,TNFB00182;TNFB00187,Single domain antibodies directed against tumor necrosis factor-alpha and uses therefor
TNFCDR01878,ARASQQLAQGSYQYYGMDV,CDR3,H,19,1,disclosed_binder_claim,,fv_domain_vh,PLAbDab,TNFB01616,Gene segments encoding variable domains of anti-TNF antibodies in health and multiple sclerosis
TNFCDR01879,ARDAEGSNWDSGRGNWFDP,CDR3,H,19,1,disclosed_binder_claim,,fv_domain_vh,PLAbDab,TNFB01609,Gene segments encoding variable domains of anti-TNF antibodies in health and multiple sclerosis
TNFCDR01880,ARDPNEFWNGYYSTHDFDS,CDR3,H,19,1,disclosed_binder_claim,Remtolumab (Bispecific Dual Variable Domain IG) [Thera-SAbDab via PLAbDab Remtolumab_2],fv_domain_vh,PLAbDab;USPTO patent sequences,TNFB01615,Bispecific antibodies directed against TNF-alpha and IL-17 || Therapeutic antibody Remtolumab: Bispecific Dual Variable Domain IG targetting IL17A;TNFA
TNFCDR01881,ARDRGIAAGGNYYYYGMDV,CDR3,H,19,4,confirmed_binder,Golimumab (Whole mAb) [Thera-SAbDab via PLAbDab Golimumab] ; Golimumab [PDB 5YOY_3],fv_domain_vh;igg_chain_heavy;igg_fv,PLAbDab;RCSB PDB;USPTO patent sequences,TNFB00010;TNFB01619;TNFB02895;TNFB02896,"Anti-tumor necrosis factor (TNF) antibodies and compositions thereof | Nucleic acid molecule encoding, and method of producing, a recombinant anti-tumor necrosis factor (TNF) antibody"
TNFCDR01882,ARDRGXAAGGNYYYYGMDV,CDR3,H,19,1,disclosed_binder_claim,,fv_domain_vh,PLAbDab;USPTO patent sequences,TNFB01620,"Anti-TNF antibodies, compositions, and methods for the treatment of active Ankylosing Spondylitis | Anti-TNF antibodies, compositions, and methods for the treatment of active ankylosing spondylitis | "
TNFCDR01883,ARDRGXSAGGNYYYYGMDV,CDR3,H,19,1,disclosed_binder_claim,,fv_domain_vh,PLAbDab;USPTO patent sequences,TNFB01621,"Anti-TNF antibodies, compositions, methods and uses"
TNFCDR01884,ARDRGXSAGGXYYYYGMDV,CDR3,H,19,1,disclosed_binder_claim,,fv_domain_vh,USPTO patent sequences,TNFB01622,"Anti-TNF antibodies, compositions, methods and uses"
TNFCDR01885,ARDRGXXAGGXYYYYGMDV,CDR3,H,19,1,disclosed_binder_claim,,fv_domain_vh,PLAbDab;USPTO patent sequences,TNFB01623,"Anti-TNF antibodies, compositions, methods and uses"
TNFCDR01886,ARDTIPMSRGVNYYYGMXV,CDR3,H,19,1,disclosed_binder_claim,,fv_domain_vh,PLAbDab,TNFB01618,Gene segments encoding variable domains of anti-TNF antibodies in health and multiple sclerosis
TNFCDR01887,AREPNDFWNGYYDTHDFDS,CDR3,H,19,1,disclosed_binder_claim,,fv_domain_vh,USPTO patent sequences,TNFB01614,Bispecific antibodies directed against TNF-alpha and IL-17
TNFCDR01888,AREVQFYHDSSGYLDALDI,CDR3,H,19,1,disclosed_binder_claim,,fv_domain_vh,PLAbDab,TNFB01127,Anti Human TNF-alpha antibody genes
TNFCDR01889,ARIIRGRVGFDYYNYAMDV,CDR3,H,19,1,disclosed_binder_claim,,fv_domain_vh,USPTO patent sequences,TNFB01612,Bispecific antibodies directed against TNF-alpha and IL-17 | Immunobinders directed against TNF
TNFCDR01890,ARVPICSDGYCYSRAAFDT,CDR3,H,19,1,disclosed_binder_claim,,fv_domain_vh,PLAbDab,TNFB01408,Gene segments encoding variable domains of anti-TNF antibodies in health and multiple sclerosis
TNFCDR01891,ARYGYDTYGDTYSFSRLDL,CDR3,H,19,1,disclosed_binder_claim,,fv_domain_vh,PLAbDab;USPTO patent sequences,TNFB01395,TNF-alpha-neutralizing antibodies || TNF-alpha-neutralizing antibodies | TNF.alpha.-neutralizing antibodies
TNFCDR01892,ASKGRPYGVPSPRQGDYDY,CDR3,H,19,2,disclosed_binder_claim,,vhh,USPTO patent sequences,TNFB00188;TNFB00190,Single domain antibodies directed against tumor necrosis factor-alpha and uses therefor
TNFCDR01893,ASKGRPYGVPSPRQGEYDY,CDR3,H,19,1,disclosed_binder_claim,,vhh,USPTO patent sequences,TNFB00189,Single domain antibodies directed against tumor necrosis factor-alpha and uses therefor
TNFCDR01894,ATDLSDYGVCSRWPSPYDY,CDR3,H,19,1,disclosed_binder_claim,,vhh,USPTO patent sequences,TNFB00180,Polypeptides comprising immunoglobulin single variable domains targeting IL-6 and TNF-alpha
TNFCDR01895,ATDPECYRVRGYYNGEYDY,CDR3,H,19,1,disclosed_binder_claim,,vhh,USPTO patent sequences,TNFB00178,IL-23 and TNF-alpha binding bi-specific heavy chain polypeptides
TNFCDR01896,ATGMAEVPANYYYYYGMDV,CDR3,H,19,1,disclosed_binder_claim,,fv_domain_vh,PLAbDab,TNFB00690,Gene segments encoding variable domains of anti-TNF antibodies in health and multiple sclerosis
TNFCDR01897,AVGPSSSRWYYRGASLVDY,CDR3,H,19,1,disclosed_binder_claim,,vhh,USPTO patent sequences,TNFB00191,Single domain antibodies directed against tumor necrosis factor-alpha and uses therefor
TNFCDR01898,AVTYIAGEPSNLRESDFDY,CDR3,H,19,1,tested_non_binder,,vhh,Proteinbase,TNFB00170,Proteinbase design tnfalphanano_19838 (mit)
TNFCDR01899,AGGGWVFGVGATYYYYYMDV,CDR3,H,20,1,disclosed_binder_claim,,fv_domain_vh,PLAbDab,TNFB01628,Gene segments encoding variable domains of anti-TNF antibodies in health and multiple sclerosis
TNFCDR01900,AKFSTGADGGSWYWSYGMDS,CDR3,H,20,1,disclosed_binder_claim,,fv_domain_vh,USPTO patent sequences,TNFB01624,Nanobodies against tumor necrosis factor-alpha
TNFCDR01901,AKPRLRYCSDGSCHSGAFDI,CDR3,H,20,1,disclosed_binder_claim,,fv_domain_vh,PLAbDab,TNFB01626,Gene segments encoding variable domains of anti-TNF antibodies in health and multiple sclerosis
TNFCDR01902,ARDRGIAAGGNYYYYGMDVI,CDR3,H,20,3,disclosed_binder_claim,,fv_domain_vh;igg_chain_heavy,PLAbDab;USPTO patent sequences,TNFB01627;TNFB02790;TNFB02897,Method for quantifying anti-TNF antibodies
TNFCDR01903,ATSRFDCYRGSWFNRYMYNS,CDR3,H,20,9,disclosed_binder_claim,,vhh,USPTO patent sequences,TNFB00195;TNFB00196;TNFB00199;TNFB00200;TNFB00201;TNFB00202;TNFB00204;TNFB00205;TNFB00206,Single domain antibodies directed against TNF-alpha
TNFCDR01904,AVVQPYSGGDYYTGVEEYDY,CDR3,H,20,1,disclosed_binder_claim,,vhh,USPTO patent sequences,TNFB00198,Nanobodies against tumor necrosis factor-alpha
TNFCDR01905,AVVQVIDPSWSGVNLDDYDY,CDR3,H,20,1,disclosed_binder_claim,,vhh,USPTO patent sequences,TNFB00197,Nanobodies against tumor necrosis factor-alpha
TNFCDR01906,AADRDRYRDRMGPMTTTDFRF,CDR3,H,21,1,disclosed_binder_claim,,vhh,USPTO patent sequences,TNFB00208,Single domain antibodies directed against tumor necrosis factor-alpha and uses therefor
TNFCDR01907,AKDPSPYYRGSAYLLSGSYDS,CDR3,H,21,1,disclosed_binder_claim,,vhh,USPTO patent sequences,TNFB00211,Polypeptides comprising immunoglobulin single variable domains targeting TNFA and IL-23
TNFCDR01908,ARVSLRSVRFLEWLHRYGMDV,CDR3,H,21,1,disclosed_binder_claim,,fv_domain_vh,PLAbDab,TNFB01629,Gene segments encoding variable domains of anti-TNF antibodies in health and multiple sclerosis
TNFCDR01909,ASSPRYCAGYRCYATASEFDS,CDR3,H,21,1,disclosed_binder_claim,,vhh,USPTO patent sequences,TNFB00212,Single domain antibodies directed against tumor necrosis factor-alpha and uses therefor
TNFCDR01910,ASSPRYCAGYRCYVTASEFDS,CDR3,H,21,2,disclosed_binder_claim,,vhh,USPTO patent sequences,TNFB00215;TNFB00216,Single domain antibodies directed against tumor necrosis factor-alpha and uses therefor
TNFCDR01911,ASSRRYCTGYRCYATASEFDS,CDR3,H,21,1,disclosed_binder_claim,,vhh,USPTO patent sequences,TNFB00213,Single domain antibodies directed against tumor necrosis factor-alpha and uses therefor
TNFCDR01912,ATADRHYSASHHPFADFAFNS,CDR3,H,21,1,disclosed_binder_claim,,vhh,USPTO patent sequences,TNFB00207,Single domain antibodies directed against tumor necrosis factor-alpha and uses therefor
TNFCDR01913,VRSSWFDCGVQGRDLGNEYDY,CDR3,H,21,1,disclosed_binder_claim,,vhh,USPTO patent sequences,TNFB00210,Polypeptides comprising immunoglobulin single variable domains targeting IL-6 and TNF-alpha
TNFCDR01914,AAREGWECGETWLDRTAGGHTY,CDR3,H,22,5,disclosed_binder_claim,,vhh,USPTO patent sequences,TNFB00174;TNFB00175;TNFB00179;TNFB00181;TNFB00192,Single domain antibodies directed against TNF-alpha
TNFCDR01915,AAREGWECGETWLDRTAGSHTY,CDR3,H,22,1,disclosed_binder_claim,,vhh,USPTO patent sequences,TNFB00193,Single domain antibodies directed against TNF-alpha
TNFCDR01916,ARDAQGPSILLGFGDYGGPFDI,CDR3,H,22,1,disclosed_binder_claim,,fv_domain_vh,PLAbDab,TNFB01630,Gene segments encoding variable domains of anti-TNF antibodies in health and multiple sclerosis
TNFCDR01917,ARVPVLAHSGRVPDYYYYGMDV,CDR3,H,22,1,disclosed_binder_claim,,fv_domain_vh,PLAbDab,TNFB01632,Gene segments encoding variable domains of anti-TNF antibodies in health and multiple sclerosis
TNFCDR01918,ARDLMYYDFWSGYYRDYYYYMDV,CDR3,H,23,1,disclosed_binder_claim,,fv_domain_vh,PLAbDab,TNFB01602,Gene segments encoding variable domains of anti-TNF antibodies in health and multiple sclerosis
TNFCDR01919,ARDLTYYDFWSGYYRDYYYYMDV,CDR3,H,23,2,disclosed_binder_claim,,fv_domain_vh,PLAbDab,TNFB01387;TNFB01633,Gene segments encoding variable domains of anti-TNF antibodies in health and multiple sclerosis
TNFCDR01920,AALPLPLYTKEELENARDESNWDY,CDR3,H,24,1,tested_non_binder,,vhh,Proteinbase,TNFB00251,Proteinbase design tnfalphanano_01349 (mit)
TNFCDR01921,AVTPYPVGNPDSLPGLANESNWDY,CDR3,H,24,1,tested_non_binder,,vhh,Proteinbase,TNFB00252,Proteinbase design tnfalphanano_04026 (mit)
TNFCDR01922,AAPSGPATGSSHTFGIYWNLRDDYDN,CDR3,H,26,1,disclosed_binder_claim,,vhh,USPTO patent sequences,TNFB00250,Single domain antibodies directed against tumor necrosis factor-alpha and uses therefor
TNFCDR01923,ARASEEGLSATEAYARGGDREEFWDY,CDR3,H,26,1,tested_non_binder,,vhh,Proteinbase,TNFB00254,Proteinbase design tnfalphanano_09218 (mit)
TNFCDR01924,RFTISKDTSKNTVYLQMNSLRAEDTAVYYCAR,CDR3,H,32,2,disclosed_binder_claim,,igg_chain_heavy,USPTO patent sequences,TNFB02765;TNFB02909,Stable and soluble antibodies inhibiting TNF alpha | Stable and soluble antibodies inhibiting TNF-alpha
TNFCDR01925,RFTISRDNSKNTLYLQMNSLRAEDTAVYYCAK,CDR3,H,32,1,disclosed_binder_claim,,igg_chain_heavy,USPTO patent sequences,TNFB02763,Stable and soluble antibodies inhibiting TNF alpha | Stable and soluble antibodies inhibiting TNF-alpha
TNFCDR01926,RFTISRDTSKNTVYLQMNSLRAEDTAVYYCAR,CDR3,H,32,2,disclosed_binder_claim,,igg_chain_heavy,USPTO patent sequences,TNFB02764;TNFB02908,Stable and soluble antibodies inhibiting TNF alpha | Stable and soluble antibodies inhibiting TNF-alpha
TNFCDR01927,Q,CDR3,K,1,1,disclosed_binder_claim,,fv_domain_vl,USPTO patent sequences,TNFB02658,Antibodies to TNF alpha and use thereof | Antibodies to TNF-alpha and use thereof
TNFCDR01928,QKN,CDR3,K,3,1,disclosed_binder_claim,,fv_domain_vl,USPTO patent sequences,TNFB02663,Antibodies to TNF alpha and use thereof | Antibodies to TNF-alpha and use thereof
TNFCDR01929,QSN,CDR3,K,3,2,disclosed_binder_claim,,fv_domain_vl,PLAbDab,TNFB01650;TNFB01652,Antibodies to TNF alpha and use thereof
TNFCDR01930,QTN,CDR3,K,3,1,disclosed_binder_claim,,fv_domain_vl,PLAbDab,TNFB01653,Antibodies to TNF alpha and use thereof
TNFCDR01931,QTS,CDR3,K,3,2,disclosed_binder_claim,,fv_domain_vl,PLAbDab,TNFB01654;TNFB01655,Antibodies to TNF alpha and use thereof
TNFCDR01932,AGHYTD,CDR3,K,6,1,disclosed_binder_claim,,fv_domain_vl,USPTO patent sequences,TNFB02662,Antibodies to TNF alpha and use thereof | Antibodies to TNF-alpha and use thereof
TNFCDR01933,QQTYSD,CDR3,K,6,1,disclosed_binder_claim,,fv_domain_vl,PLAbDab,TNFB01649,Antibodies to TNF alpha and use thereof
TNFCDR01934,QESYSLI,CDR3,K,7,1,disclosed_binder_claim,,fv_domain_vl,USPTO patent sequences,TNFB01660,Bispecific antibodies directed against TNF-alpha and IL-17 | Immunobinders directed against TNF
TNFCDR01935,QQYDNLP,CDR3,K,7,1,disclosed_binder_claim,,fv_domain_vl,USPTO patent sequences,TNFB01651,Humanized antibody specific for tumor necrosis factor-alpha
TNFCDR01936,QQYGSSRT,CDR3,K,8,1,disclosed_binder_claim,,fv_domain_vl,PLAbDab,TNFB02145,Gene segments encoding variable domains of anti-TNF antibodies in health and multiple sclerosis
TNFCDR01937,QQYNSPWT,CDR3,K,8,1,disclosed_binder_claim,,fv_domain_vl,PLAbDab,TNFB01661,Anti Human TNF-alpha antibody genes
TNFCDR01938,QQYNSYWT,CDR3,K,8,1,disclosed_binder_claim,,fv_domain_vl,PLAbDab,TNFB01780,Anti Human TNF-alpha antibody genes
TNFCDR01939,AQRSGYPYT,CDR3,K,9,1,disclosed_binder_claim,,fv_domain_vl,USPTO patent sequences,TNFB01769,Bispecific antibodies directed against TNF-alpha and IL-17
TNFCDR01940,ASSLESGVT,CDR3,K,9,1,disclosed_binder_claim,,igg_chain_light,USPTO patent sequences,TNFB03098,"Fully human antibody to human TNF-alpha-, molecular evolution and use thereof"
TNFCDR01941,GGGSGGGGS,CDR3,K,9,1,disclosed_binder_claim,,fv_domain_vl,PLAbDab,TNFB02121,Cell-type-restricted anti-cytokine therapy: TNF inhibition from one pathogenic source
TNFCDR01942,HHFWSTPWT,CDR3,K,9,1,disclosed_binder_claim,,fv_domain_vl,USPTO patent sequences,TNFB02660,"Bispecific antibodies that neutralize both TNF-alpha and IL-6: novel therapeutic agent for autoimmune disease | Murine, chimeric, humanized or human anti-TNF-alpha antibodies"
TNFCDR01943,HHYHRAPYT,CDR3,K,9,1,disclosed_binder_claim,,fv_domain_vl,USPTO patent sequences,TNFB01951,Anti-TNF-alpha antibodies with pH-dependent antigen binding for improved target clearence
TNFCDR01944,HHYHRAPYX,CDR3,K,9,1,disclosed_binder_claim,,fv_domain_vl,USPTO patent sequences,TNFB01952,Anti-TNF-alpha antibodies with pH-dependent antigen binding for improved target clearence
TNFCDR01945,HQFSSYPQT,CDR3,K,9,2,disclosed_binder_claim,,fv_domain_vl,USPTO patent sequences,TNFB02051;TNFB02070,Bispecific antibodies directed against TNF-alpha and IL-17
TNFCDR01946,HQIGIYPRT,CDR3,K,9,1,disclosed_binder_claim,,fv_domain_vl,USPTO patent sequences,TNFB02010,Bispecific antibodies directed against TNF-alpha and IL-17
TNFCDR01947,HQIGSYPGT,CDR3,K,9,1,disclosed_binder_claim,,fv_domain_vl,USPTO patent sequences,TNFB02073,Bispecific antibodies directed against TNF-alpha and IL-17
TNFCDR01948,HQLGSYPDT,CDR3,K,9,4,disclosed_binder_claim,,fv_domain_vl,USPTO patent sequences,TNFB02034;TNFB02052;TNFB02071;TNFB02207,Bispecific antibodies directed against TNF-alpha and IL-17
TNFCDR01949,HQLGSYPGT,CDR3,K,9,1,disclosed_binder_claim,,fv_domain_vl,USPTO patent sequences,TNFB02069,Bispecific antibodies directed against TNF-alpha and IL-17
TNFCDR01950,HQLGSYPRT,CDR3,K,9,1,disclosed_binder_claim,,fv_domain_vl,USPTO patent sequences,TNFB02049,Bispecific antibodies directed against TNF-alpha and IL-17
TNFCDR01951,HQLSSYPNT,CDR3,K,9,1,disclosed_binder_claim,,fv_domain_vl,USPTO patent sequences,TNFB02045,Bispecific antibodies directed against TNF-alpha and IL-17
TNFCDR01952,HQPGIYPGT,CDR3,K,9,1,disclosed_binder_claim,,fv_domain_vl,USPTO patent sequences,TNFB02064,Bispecific antibodies directed against TNF-alpha and IL-17
TNFCDR01953,HQRNFYPLT,CDR3,K,9,1,disclosed_binder_claim,,fv_domain_vl,USPTO patent sequences,TNFB01673,Bispecific antibodies directed against TNF-alpha and IL-17
TNFCDR01954,HQRSFYPYT,CDR3,K,9,1,disclosed_binder_claim,,fv_domain_vl,USPTO patent sequences,TNFB01682,Bispecific antibodies directed against TNF-alpha and IL-17
TNFCDR01955,HQRSRYPFT,CDR3,K,9,1,disclosed_binder_claim,,fv_domain_vl,USPTO patent sequences,TNFB01690,Bispecific antibodies directed against TNF-alpha and IL-17
TNFCDR01956,HQRSSYPCT,CDR3,K,9,1,disclosed_binder_claim,,fv_domain_vl,USPTO patent sequences,TNFB01678,Bispecific antibodies directed against TNF-alpha and IL-17
TNFCDR01957,HQRSSYPFT,CDR3,K,9,2,disclosed_binder_claim,,fv_domain_vl,USPTO patent sequences,TNFB01746;TNFB01778,Bispecific antibodies directed against TNF-alpha and IL-17
TNFCDR01958,HQRSSYPPT,CDR3,K,9,1,disclosed_binder_claim,,fv_domain_vl,USPTO patent sequences,TNFB01725,Bispecific antibodies directed against TNF-alpha and IL-17
TNFCDR01959,HQRSSYPWT,CDR3,K,9,6,disclosed_binder_claim,,fv_domain_vl,USPTO patent sequences,TNFB01747;TNFB01752;TNFB01759;TNFB01760;TNFB01764;TNFB01776,Bispecific antibodies directed against TNF-alpha and IL-17
TNFCDR01960,HQRSSYPYT,CDR3,K,9,6,disclosed_binder_claim,,fv_domain_vl,USPTO patent sequences,TNFB01670;TNFB01727;TNFB01748;TNFB02031;TNFB02060;TNFB02075,Bispecific antibodies directed against TNF-alpha and IL-17
TNFCDR01961,HQRSWYPLT,CDR3,K,9,2,disclosed_binder_claim,,fv_domain_vl,USPTO patent sequences,TNFB01674;TNFB01729,Bispecific antibodies directed against TNF-alpha and IL-17
TNFCDR01962,HQRSYYPLT,CDR3,K,9,2,disclosed_binder_claim,,fv_domain_vl,USPTO patent sequences,TNFB01723;TNFB01749,Bispecific antibodies directed against TNF-alpha and IL-17
TNFCDR01963,HQRTNYPPT,CDR3,K,9,1,disclosed_binder_claim,,fv_domain_vl,USPTO patent sequences,TNFB01663,Bispecific antibodies directed against TNF-alpha and IL-17
TNFCDR01964,HQRTRYPFT,CDR3,K,9,1,disclosed_binder_claim,,fv_domain_vl,USPTO patent sequences,TNFB01707,Bispecific antibodies directed against TNF-alpha and IL-17
TNFCDR01965,HQSDTLPHT,CDR3,K,9,1,disclosed_binder_claim,,fv_domain_vl,USPTO patent sequences,TNFB02277,Bispecific antibodies directed against TNF-alpha and IL-17
TNFCDR01966,HQSSNLPIT,CDR3,K,9,1,disclosed_binder_claim,,fv_domain_vl,USPTO patent sequences,TNFB02108,Bispecific antibodies directed against TNF-alpha and IL-17 | Immunobinders directed against TNF
TNFCDR01967,HQSYTTLET,CDR3,K,9,1,disclosed_binder_claim,,fv_domain_vl,PLAbDab,TNFB02229,Gene segments encoding variable domains of anti-TNF antibodies in health and multiple sclerosis
TNFCDR01968,HQTDSLPYT,CDR3,K,9,2,disclosed_binder_claim,Remtolumab (Bispecific Dual Variable Domain IG) [Thera-SAbDab via PLAbDab Remtolumab_2],fv_domain_vl,PLAbDab;USPTO patent sequences,TNFB02136;TNFB02253,Therapeutic antibody Remtolumab: Bispecific Dual Variable Domain IG targetting IL17A;TNFA
TNFCDR01969,HQYERSPWT,CDR3,K,9,3,disclosed_binder_claim,,fv_domain_vl,USPTO patent sequences,TNFB02471;TNFB02503;TNFB02504,Humanized antibody specific for tumor necrosis factor-alpha
TNFCDR01970,HQYHYWPLT,CDR3,K,9,1,disclosed_binder_claim,,fv_domain_vl,USPTO patent sequences,TNFB02119,Selection of human TNF.alpha. specific antibodies
TNFCDR01971,HQYYSWPDT,CDR3,K,9,3,disclosed_binder_claim,,fv_domain_vl,PLAbDab;USPTO patent sequences,TNFB01795;TNFB02682;TNFB02683,Anti-TNF alpha antibodies which selectively inhibit TNF alpha signalling through the p55R
TNFCDR01972,LHDYNHPRT,CDR3,K,9,1,disclosed_binder_claim,,fv_domain_vl,PLAbDab,TNFB01995,Gene segments encoding variable domains of anti-TNF antibodies in health and multiple sclerosis
TNFCDR01973,LQAYSTPFT,CDR3,K,9,2,disclosed_binder_claim,,fv_domain_vl;igg_chain_light,PLAbDab;USPTO patent sequences,TNFB01794;TNFB02922,"Antibodies binding to trimeric TNF alpha epitopes || Antibodies binding to trimeric TNF alpha epitopes | Antibody against trimeric TNF-alpha complex | Complexes between anti-TNF antibodies, trimeric T"
TNFCDR01974,LQDYNYPFT,CDR3,K,9,1,disclosed_binder_claim,,fv_domain_vl,PLAbDab,TNFB01962,Gene segments encoding variable domains of anti-TNF antibodies in health and multiple sclerosis
TNFCDR01975,LQFSIYPPT,CDR3,K,9,1,disclosed_binder_claim,,fv_domain_vl,USPTO patent sequences,TNFB02050,Bispecific antibodies directed against TNF-alpha and IL-17
TNFCDR01976,LQFYEFPYT,CDR3,K,9,1,disclosed_binder_claim,,fv_domain_vl,PLAbDab,TNFB01786,Gene segments encoding variable domains of anti-TNF antibodies in health and multiple sclerosis
TNFCDR01977,LQGQSTPYT,CDR3,K,9,2,confirmed_binder,Fab1974 (conformation-selective anti-TNF mAb) [PDB 7KPB_3],fab;fv_domain_vl,PLAbDab;RCSB PDB;USPTO patent sequences,TNFB00003;TNFB01793,A conformation-selective monoclonal antibody against a small molecule-stabilised signalling-deficient form of TNF || Antibodies binding to trimeric TNF alpha epitopes || Antibodies binding to trimeric
TNFCDR01978,LQHDNLPPT,CDR3,K,9,1,disclosed_binder_claim,,fv_domain_vl,PLAbDab,TNFB01783,Gene segments encoding variable domains of anti-TNF antibodies in health and multiple sclerosis
TNFCDR01979,LQHNSYPWT,CDR3,K,9,2,disclosed_binder_claim,,fv_domain_vl,PLAbDab,TNFB02151;TNFB02152,Gene segments encoding variable domains of anti-TNF antibodies in health and multiple sclerosis
TNFCDR01980,LQLSRYPPT,CDR3,K,9,1,disclosed_binder_claim,,fv_domain_vl,USPTO patent sequences,TNFB02027,Bispecific antibodies directed against TNF-alpha and IL-17
TNFCDR01981,LQQSIYPPT,CDR3,K,9,1,disclosed_binder_claim,,fv_domain_vl,USPTO patent sequences,TNFB01724,Bispecific antibodies directed against TNF-alpha and IL-17
TNFCDR01982,LQRDNWPWT,CDR3,K,9,1,disclosed_binder_claim,,fv_domain_vl,PLAbDab,TNFB02165,Anti Human TNF-alpha antibody genes
TNFCDR01983,LQRGSYPGT,CDR3,K,9,1,disclosed_binder_claim,,fv_domain_vl,USPTO patent sequences,TNFB02046,Bispecific antibodies directed against TNF-alpha and IL-17
TNFCDR01984,LQRNNYPPT,CDR3,K,9,1,disclosed_binder_claim,,fv_domain_vl,USPTO patent sequences,TNFB01706,Bispecific antibodies directed against TNF-alpha and IL-17
TNFCDR01985,LQRSIYPPT,CDR3,K,9,1,disclosed_binder_claim,,fv_domain_vl,USPTO patent sequences,TNFB01677,Bispecific antibodies directed against TNF-alpha and IL-17
TNFCDR01986,LQRSRYPPT,CDR3,K,9,1,disclosed_binder_claim,,fv_domain_vl,USPTO patent sequences,TNFB01765,Bispecific antibodies directed against TNF-alpha and IL-17
TNFCDR01987,LQRSSYPYT,CDR3,K,9,1,disclosed_binder_claim,,fv_domain_vl,USPTO patent sequences,TNFB01662,Bispecific antibodies directed against TNF-alpha and IL-17
TNFCDR01988,LQTAIYPPT,CDR3,K,9,1,disclosed_binder_claim,,fv_domain_vl,USPTO patent sequences,TNFB01741,Bispecific antibodies directed against TNF-alpha and IL-17
TNFCDR01989,LQVSSYPPT,CDR3,K,9,1,disclosed_binder_claim,,fv_domain_vl,USPTO patent sequences,TNFB02009,Bispecific antibodies directed against TNF-alpha and IL-17
TNFCDR01990,LQWSSYPPT,CDR3,K,9,1,disclosed_binder_claim,,fv_domain_vl,USPTO patent sequences,TNFB02003,Bispecific antibodies directed against TNF-alpha and IL-17
TNFCDR01991,MQALETPRT,CDR3,K,9,1,disclosed_binder_claim,,fv_domain_vl,PLAbDab,TNFB02606,Gene segments encoding variable domains of anti-TNF antibodies in health and multiple sclerosis
TNFCDR01992,MQALHTPPT,CDR3,K,9,2,disclosed_binder_claim,,fv_domain_vl,PLAbDab,TNFB02597;TNFB02610,Gene segments encoding variable domains of anti-TNF antibodies in health and multiple sclerosis
TNFCDR01993,MQDTHWPET,CDR3,K,9,1,disclosed_binder_claim,,fv_domain_vl,PLAbDab,TNFB02598,Gene segments encoding variable domains of anti-TNF antibodies in health and multiple sclerosis
TNFCDR01994,NQRSIYPYT,CDR3,K,9,1,disclosed_binder_claim,,fv_domain_vl,USPTO patent sequences,TNFB01773,Bispecific antibodies directed against TNF-alpha and IL-17
TNFCDR01995,NQRSNYPYT,CDR3,K,9,2,disclosed_binder_claim,,fv_domain_vl,USPTO patent sequences,TNFB01681;TNFB01935,Bispecific antibodies directed against TNF-alpha and IL-17
TNFCDR01996,NQRSRYPPT,CDR3,K,9,1,disclosed_binder_claim,,fv_domain_vl,USPTO patent sequences,TNFB01684,Bispecific antibodies directed against TNF-alpha and IL-17
TNFCDR01997,NQRSSYPFT,CDR3,K,9,1,disclosed_binder_claim,,fv_domain_vl,USPTO patent sequences,TNFB01743,Bispecific antibodies directed against TNF-alpha and IL-17
TNFCDR01998,NQRSSYPWT,CDR3,K,9,1,disclosed_binder_claim,,fv_domain_vl,USPTO patent sequences,TNFB01761,Bispecific antibodies directed against TNF-alpha and IL-17
TNFCDR01999,NQRSSYPYT,CDR3,K,9,6,disclosed_binder_claim,,fv_domain_vl,USPTO patent sequences,TNFB01714;TNFB01716;TNFB01728;TNFB01753;TNFB01766;TNFB01767,Bispecific antibodies directed against TNF-alpha and IL-17
TNFCDR02000,NQRSYYPIT,CDR3,K,9,1,disclosed_binder_claim,,fv_domain_vl,USPTO patent sequences,TNFB01694,Bispecific antibodies directed against TNF-alpha and IL-17
TNFCDR02001,QEYNSYSRT,CDR3,K,9,1,disclosed_binder_claim,,fv_domain_vl,PLAbDab,TNFB01996,Gene segments encoding variable domains of anti-TNF antibodies in health and multiple sclerosis
TNFCDR02002,QHFWSTPWT,CDR3,K,9,1,disclosed_binder_claim,,fv_domain_vl,USPTO patent sequences,TNFB02659,"Bispecific antibodies that neutralize both TNF-alpha and IL-6: novel therapeutic agent for autoimmune disease | Murine, chimeric, humanized or human anti-TNF-alpha antibodies"
TNFCDR02003,QHYHRAPYH,CDR3,K,9,1,disclosed_binder_claim,,fv_domain_vl,USPTO patent sequences,TNFB01953,Anti-TNF-alpha antibodies with pH-dependent antigen binding for improved target clearence
TNFCDR02004,QHYHRAPYT,CDR3,K,9,1,disclosed_binder_claim,,fv_domain_vl,USPTO patent sequences,TNFB01954,Anti-TNF-alpha antibodies with pH-dependent antigen binding for improved target clearence
TNFCDR02005,QKYDSVPLT,CDR3,K,9,1,disclosed_binder_claim,,fv_domain_vl,PLAbDab,TNFB01997,Gene segments encoding variable domains of anti-TNF antibodies in health and multiple sclerosis
TNFCDR02006,QKYNSAPQT,CDR3,K,9,1,disclosed_binder_claim,,fv_domain_vl,PLAbDab,TNFB02109,Gene segments encoding variable domains of anti-TNF antibodies in health and multiple sclerosis
TNFCDR02007,QKYNSAPYA,CDR3,K,9,1,disclosed_binder_claim,,fv_domain_vl,PLAbDab;USPTO patent sequences,TNFB01796,High concentration anti-TNF-alpha antibody liquid formulations || High concentration anti-TNF-alpha antibody liquid formulations | Human antibodies that bind human TNF-alpha | Human antibodies that bi
TNFCDR02008,QKYNSAPYT,CDR3,K,9,1,disclosed_binder_claim,,fv_domain_vl,USPTO patent sequences,TNFB01963,Antibody molecules which bind TNF alpha
TNFCDR02009,QQANNAPTT,CDR3,K,9,1,disclosed_binder_claim,,fv_domain_vl,PLAbDab,TNFB01998,Isolation of anti-TNF alpha scFv antibody from phage antibody library
TNFCDR02010,QQANSFPLT,CDR3,K,9,2,disclosed_binder_claim,,fv_domain_vl,PLAbDab,TNFB02129;TNFB02149,Gene segments encoding variable domains of anti-TNF antibodies in health and multiple sclerosis
TNFCDR02011,QQANSFPRT,CDR3,K,9,1,disclosed_binder_claim,,fv_domain_vl,PLAbDab,TNFB02147,Gene segments encoding variable domains of anti-TNF antibodies in health and multiple sclerosis
TNFCDR02012,QQANSFPYT,CDR3,K,9,1,disclosed_binder_claim,,fv_domain_vl,PLAbDab,TNFB02150,Gene segments encoding variable domains of anti-TNF antibodies in health and multiple sclerosis
TNFCDR02013,QQAYSFPKT,CDR3,K,9,1,disclosed_binder_claim,,fv_domain_vl,PLAbDab,TNFB02088,Gene segments encoding variable domains of anti-TNF antibodies in health and multiple sclerosis
TNFCDR02014,QQDYNSPRT,CDR3,K,9,19,disclosed_binder_claim,,fv_domain_vl,PLAbDab;USPTO patent sequences,TNFB02102;TNFB02103;TNFB02110;TNFB02111;TNFB02112;TNFB02113;TNFB02114;TNFB02115;TNFB02117;TNFB02118;TNFB02120;TNFB02171,Stable and soluble antibodies inhibiting TNF alpha
TNFCDR02015,QQFDTLPLT,CDR3,K,9,1,disclosed_binder_claim,,fv_domain_vl,PLAbDab,TNFB01941,Gene segments encoding variable domains of anti-TNF antibodies in health and multiple sclerosis
TNFCDR02016,QQFGTSEVA,CDR3,K,9,1,disclosed_binder_claim,,fv_domain_vl,PLAbDab,TNFB02230,Gene segments encoding variable domains of anti-TNF antibodies in health and multiple sclerosis
TNFCDR02017,QQGHRTPRT,CDR3,K,9,1,disclosed_binder_claim,,fv_domain_vl,PLAbDab,TNFB02456,Gene segments encoding variable domains of anti-TNF antibodies in health and multiple sclerosis
TNFCDR02018,QQGITLPPT,CDR3,K,9,5,disclosed_binder_claim,,fv_domain_vl;igg_chain_light,USPTO patent sequences,TNFB01928;TNFB01931;TNFB02195;TNFB03116;TNFB03117,Bispecific antibodies directed against TNF-alpha and IL-17 | Immunobinders directed against TNF
TNFCDR02019,QQGNALPPT,CDR3,K,9,1,disclosed_binder_claim,,fv_domain_vl,USPTO patent sequences,TNFB02000,Immunobinders directed against TNF
TNFCDR02020,QQGNAPPPT,CDR3,K,9,1,disclosed_binder_claim,,fv_domain_vl,USPTO patent sequences,TNFB01884,Immunobinders directed against TNF
TNFCDR02021,QQGNIFPPT,CDR3,K,9,1,disclosed_binder_claim,,fv_domain_vl,USPTO patent sequences,TNFB01880,Immunobinders directed against TNF
TNFCDR02022,QQGNIWPPT,CDR3,K,9,1,disclosed_binder_claim,,fv_domain_vl,USPTO patent sequences,TNFB01881,Immunobinders directed against TNF
TNFCDR02023,QQGNMGPPT,CDR3,K,9,1,disclosed_binder_claim,,fv_domain_vl,USPTO patent sequences,TNFB01937,Immunobinders directed against TNF
TNFCDR02024,QQGNMPPPT,CDR3,K,9,1,disclosed_binder_claim,,fv_domain_vl,USPTO patent sequences,TNFB01894,Immunobinders directed against TNF
TNFCDR02025,QQGNMRPPT,CDR3,K,9,1,disclosed_binder_claim,,fv_domain_vl,USPTO patent sequences,TNFB01895,Immunobinders directed against TNF
TNFCDR02026,QQGNMWPPT,CDR3,K,9,1,disclosed_binder_claim,,fv_domain_vl,USPTO patent sequences,TNFB01859,Immunobinders directed against TNF
TNFCDR02027,QQGNRYPPT,CDR3,K,9,1,disclosed_binder_claim,,fv_domain_vl,USPTO patent sequences,TNFB01927,Immunobinders directed against TNF
TNFCDR02028,QQGNSPPPT,CDR3,K,9,1,disclosed_binder_claim,,fv_domain_vl,USPTO patent sequences,TNFB01853,Immunobinders directed against TNF
TNFCDR02029,QQGNSQPPT,CDR3,K,9,2,disclosed_binder_claim,,fv_domain_vl,USPTO patent sequences,TNFB01888;TNFB01940,Immunobinders directed against TNF
TNFCDR02030,QQGNSWPPT,CDR3,K,9,1,disclosed_binder_claim,,fv_domain_vl,USPTO patent sequences,TNFB01896,Bispecific antibodies directed against TNF-alpha and IL-17 | Immunobinders directed against TNF
TNFCDR02031,QQGNTAPPT,CDR3,K,9,1,disclosed_binder_claim,,fv_domain_vl,USPTO patent sequences,TNFB01924,Immunobinders directed against TNF
TNFCDR02032,QQGNTFPPT,CDR3,K,9,5,disclosed_binder_claim,,fv_domain_vl,USPTO patent sequences,TNFB01868;TNFB01878;TNFB01885;TNFB01897;TNFB01905,Immunobinders directed against TNF
TNFCDR02033,QQGNTGPPT,CDR3,K,9,3,disclosed_binder_claim,,fv_domain_vl,USPTO patent sequences,TNFB01883;TNFB01898;TNFB01938,Immunobinders directed against TNF
TNFCDR02034,QQGNTLPAT,CDR3,K,9,1,disclosed_binder_claim,,fv_domain_vl,USPTO patent sequences,TNFB01862,Immunobinders directed against TNF
TNFCDR02035,QQGNTLPPT,CDR3,K,9,27,disclosed_binder_claim,,fv_domain_vl,USPTO patent sequences,TNFB01843;TNFB01850;TNFB01855;TNFB01861;TNFB01863;TNFB01865;TNFB01871;TNFB01872;TNFB01873;TNFB01879;TNFB01886;TNFB01889,Immunobinders directed against TNF
TNFCDR02036,QQGNTLPST,CDR3,K,9,1,disclosed_binder_claim,,fv_domain_vl,USPTO patent sequences,TNFB01899,Immunobinders directed against TNF
TNFCDR02037,QQGNTMPPT,CDR3,K,9,7,disclosed_binder_claim,,fv_domain_vl,USPTO patent sequences,TNFB01852;TNFB01877;TNFB01915;TNFB01930;TNFB01964;TNFB01988;TNFB01989,Immunobinders directed against TNF
TNFCDR02038,QQGNTMPTT,CDR3,K,9,1,disclosed_binder_claim,,fv_domain_vl,USPTO patent sequences,TNFB01939,Immunobinders directed against TNF
TNFCDR02039,QQGNTPPPT,CDR3,K,9,8,disclosed_binder_claim,,fv_domain_vl,USPTO patent sequences,TNFB01867;TNFB01890;TNFB01900;TNFB01907;TNFB01919;TNFB01921;TNFB01925;TNFB01933,Immunobinders directed against TNF
TNFCDR02040,QQGNTPPTT,CDR3,K,9,1,disclosed_binder_claim,,fv_domain_vl,USPTO patent sequences,TNFB01874,Immunobinders directed against TNF
TNFCDR02041,QQGNTQPPT,CDR3,K,9,20,disclosed_binder_claim,,fv_domain_vl,USPTO patent sequences,TNFB01851;TNFB01854;TNFB01857;TNFB01869;TNFB01875;TNFB01882;TNFB01887;TNFB01891;TNFB01901;TNFB01908;TNFB01910;TNFB01914,Immunobinders directed against TNF
TNFCDR02042,QQGNTQPST,CDR3,K,9,1,disclosed_binder_claim,,fv_domain_vl,USPTO patent sequences,TNFB01902,Immunobinders directed against TNF
TNFCDR02043,QQGNTRPPT,CDR3,K,9,7,disclosed_binder_claim,,fv_domain_vl,USPTO patent sequences,TNFB01856;TNFB01864;TNFB01866;TNFB01870;TNFB01892;TNFB01903;TNFB01911,Immunobinders directed against TNF
TNFCDR02044,QQGNTVPPT,CDR3,K,9,2,disclosed_binder_claim,,fv_domain_vl,USPTO patent sequences,TNFB01893;TNFB01923,Immunobinders directed against TNF
TNFCDR02045,QQGNTWPPT,CDR3,K,9,11,disclosed_binder_claim,,fv_domain_vl;igg_chain_light,USPTO patent sequences,TNFB01860;TNFB01876;TNFB01904;TNFB01912;TNFB01917;TNFB01922;TNFB01972;TNFB01987;TNFB02194;TNFB03114;TNFB03115,Immunobinders directed against TNF
TNFCDR02046,QQGSRYPDT,CDR3,K,9,1,disclosed_binder_claim,,fv_domain_vl,USPTO patent sequences,TNFB02030,Bispecific antibodies directed against TNF-alpha and IL-17
TNFCDR02047,QQGXXXPXT,CDR3,K,9,1,disclosed_binder_claim,,fv_domain_vl,USPTO patent sequences,TNFB02002,Bispecific antibodies directed against TNF-alpha and IL-17 | Immunobinders directed against TNF
TNFCDR02048,QQGYSTPYT,CDR3,K,9,1,disclosed_binder_claim,,fv_domain_vl,PLAbDab,TNFB01943,Gene segments encoding variable domains of anti-TNF antibodies in health and multiple sclerosis
TNFCDR02049,QQHISKPFT,CDR3,K,9,1,disclosed_binder_claim,,fv_domain_vl,USPTO patent sequences,TNFB01838,Immunobinders directed against TNF
TNFCDR02050,QQHNEYPLT,CDR3,K,9,3,disclosed_binder_claim,,fv_domain_vl,PLAbDab;USPTO patent sequences,TNFB02122;TNFB02470;TNFB02685,Methods of binding TNF-alpha using anti-TNF-alpha antibody fragment-polymer conjugates
TNFCDR02051,QQHYHTPFT,CDR3,K,9,1,disclosed_binder_claim,,fv_domain_vl,USPTO patent sequences,TNFB01847,Immunobinders directed against TNF
TNFCDR02052,QQHYHTPYT,CDR3,K,9,1,disclosed_binder_claim,,fv_domain_vl,USPTO patent sequences,TNFB01975,Immunobinders directed against TNF
TNFCDR02053,QQHYISPYT,CDR3,K,9,1,disclosed_binder_claim,,fv_domain_vl,USPTO patent sequences,TNFB01845,Immunobinders directed against TNF
TNFCDR02054,QQHYKTPFS,CDR3,K,9,2,disclosed_binder_claim,,fv_domain_vl,USPTO patent sequences,TNFB01978;TNFB02197,Immunobinders directed against TNF
TNFCDR02055,QQHYKTPFT,CDR3,K,9,6,disclosed_binder_claim,,fv_domain_vl;igg_chain_light,USPTO patent sequences,TNFB01979;TNFB02198;TNFB03118;TNFB03119;TNFB03120;TNFB03123,Immunobinders directed against TNF
TNFCDR02056,QQHYNEPYT,CDR3,K,9,1,disclosed_binder_claim,,fv_domain_vl,USPTO patent sequences,TNFB01806,Immunobinders directed against TNF
TNFCDR02057,QQHYNSPFT,CDR3,K,9,1,disclosed_binder_claim,,fv_domain_vl,USPTO patent sequences,TNFB01973,Immunobinders directed against TNF
TNFCDR02058,QQHYNTPFT,CDR3,K,9,1,disclosed_binder_claim,,fv_domain_vl,USPTO patent sequences,TNFB01811,Immunobinders directed against TNF
TNFCDR02059,QQHYRAPFT,CDR3,K,9,1,disclosed_binder_claim,,fv_domain_vl,USPTO patent sequences,TNFB01968,Immunobinders directed against TNF
TNFCDR02060,QQHYRAPYT,CDR3,K,9,1,disclosed_binder_claim,,fv_domain_vl,USPTO patent sequences,TNFB01835,Immunobinders directed against TNF
TNFCDR02061,QQHYRASYT,CDR3,K,9,1,disclosed_binder_claim,,fv_domain_vl,USPTO patent sequences,TNFB01826,Immunobinders directed against TNF
TNFCDR02062,QQHYRIPFT,CDR3,K,9,2,disclosed_binder_claim,,fv_domain_vl,PLAbDab;USPTO patent sequences,TNFB01837;TNFB02500,Immunobinders directed against TNF
TNFCDR02063,QQHYRNPFT,CDR3,K,9,1,disclosed_binder_claim,,fv_domain_vl,USPTO patent sequences,TNFB01816,Immunobinders directed against TNF
TNFCDR02064,QQHYRPPFT,CDR3,K,9,2,disclosed_binder_claim,,fv_domain_vl,USPTO patent sequences,TNFB01812;TNFB02188,Immunobinders directed against TNF
TNFCDR02065,QQHYRSPFT,CDR3,K,9,2,disclosed_binder_claim,,fv_domain_vl,USPTO patent sequences,TNFB01813;TNFB01849,Immunobinders directed against TNF
TNFCDR02066,QQHYRTPFS,CDR3,K,9,2,disclosed_binder_claim,,fv_domain_vl,USPTO patent sequences,TNFB01983;TNFB02202,Immunobinders directed against TNF
TNFCDR02067,QQHYRTPFT,CDR3,K,9,20,disclosed_binder_claim,,fv_domain_vl,USPTO patent sequences,TNFB01802;TNFB01809;TNFB01817;TNFB01820;TNFB01827;TNFB01980;TNFB01982;TNFB01984;TNFB01985;TNFB02190;TNFB02199;TNFB02201,"Bispecific antibodies that neutralize both TNF-alpha and IL-6: novel therapeutic agent for autoimmune disease | Murine, chimeric, humanized or human anti-TNF-alpha antibodies"
TNFCDR02068,QQHYRTPYT,CDR3,K,9,4,disclosed_binder_claim,,fv_domain_vl,USPTO patent sequences,TNFB01797;TNFB01814;TNFB01974;TNFB01986,Immunobinders directed against TNF
TNFCDR02069,QQHYSAPFT,CDR3,K,9,2,disclosed_binder_claim,,fv_domain_vl,USPTO patent sequences,TNFB01969;TNFB02196,Immunobinders directed against TNF
TNFCDR02070,QQHYSIPFT,CDR3,K,9,1,disclosed_binder_claim,,fv_domain_vl,USPTO patent sequences,TNFB01832,Immunobinders directed against TNF
TNFCDR02071,QQHYSSPFT,CDR3,K,9,2,disclosed_binder_claim,,fv_domain_vl,USPTO patent sequences,TNFB01819;TNFB01976,Immunobinders directed against TNF
TNFCDR02072,QQHYSSPYT,CDR3,K,9,3,disclosed_binder_claim,,fv_domain_vl,USPTO patent sequences,TNFB01818;TNFB01844;TNFB02189,Immunobinders directed against TNF
TNFCDR02073,QQHYSTPFT,CDR3,K,9,22,disclosed_binder_claim,,fv_domain_vl,USPTO patent sequences,TNFB01803;TNFB01804;TNFB01805;TNFB01815;TNFB01822;TNFB01828;TNFB01829;TNFB01831;TNFB01834;TNFB01846;TNFB01848;TNFB01977,Immunobinders directed against TNF
TNFCDR02074,QQHYSTPYT,CDR3,K,9,3,disclosed_binder_claim,,fv_domain_vl,USPTO patent sequences,TNFB01801;TNFB01810;TNFB01830,Immunobinders directed against TNF
TNFCDR02075,QQHYTTPFT,CDR3,K,9,2,disclosed_binder_claim,,fv_domain_vl,USPTO patent sequences,TNFB01821;TNFB01970,Immunobinders directed against TNF
TNFCDR02076,QQHYTTPYT,CDR3,K,9,2,disclosed_binder_claim,,fv_domain_vl,USPTO patent sequences,TNFB01993;TNFB01994,Immunobinders directed against TNF
TNFCDR02077,QQNYDFPLT,CDR3,K,9,6,disclosed_binder_claim,,fv_domain_vl,PLAbDab;USPTO patent sequences,TNFB01840;TNFB01841;TNFB01842;TNFB02106;TNFB02468;TNFB02469,Antibody molecules which bind TNF alpha
TNFCDR02078,QQPGIYPGT,CDR3,K,9,1,disclosed_binder_claim,,fv_domain_vl,USPTO patent sequences,TNFB02004,Bispecific antibodies directed against TNF-alpha and IL-17
TNFCDR02079,QQQGSYPDT,CDR3,K,9,1,disclosed_binder_claim,,fv_domain_vl,USPTO patent sequences,TNFB02036,Bispecific antibodies directed against TNF-alpha and IL-17
TNFCDR02080,QQRAIYPIT,CDR3,K,9,1,disclosed_binder_claim,,fv_domain_vl,USPTO patent sequences,TNFB02042,Bispecific antibodies directed against TNF-alpha and IL-17
TNFCDR02081,QQRDIYPPT,CDR3,K,9,1,disclosed_binder_claim,,fv_domain_vl,USPTO patent sequences,TNFB01999,Bispecific antibodies directed against TNF-alpha and IL-17
TNFCDR02082,QQRMYYPQT,CDR3,K,9,1,disclosed_binder_claim,,fv_domain_vl,USPTO patent sequences,TNFB01697,Bispecific antibodies directed against TNF-alpha and IL-17
TNFCDR02083,QQRNSYPLT,CDR3,K,9,1,disclosed_binder_claim,,fv_domain_vl,USPTO patent sequences,TNFB01713,Bispecific antibodies directed against TNF-alpha and IL-17
TNFCDR02084,QQRRIYPPT,CDR3,K,9,1,disclosed_binder_claim,,fv_domain_vl,USPTO patent sequences,TNFB01668,Bispecific antibodies directed against TNF-alpha and IL-17
TNFCDR02085,QQRSFYPLT,CDR3,K,9,5,disclosed_binder_claim,,fv_domain_vl,USPTO patent sequences,TNFB01675;TNFB01757;TNFB02011;TNFB02053;TNFB02057,Bispecific antibodies directed against TNF-alpha and IL-17
TNFCDR02086,QQRSIYPIT,CDR3,K,9,3,disclosed_binder_claim,,fv_domain_vl,USPTO patent sequences,TNFB01685;TNFB02065;TNFB02079,Bispecific antibodies directed against TNF-alpha and IL-17
TNFCDR02087,QQRSIYPLT,CDR3,K,9,8,disclosed_binder_claim,,fv_domain_vl,USPTO patent sequences,TNFB01676;TNFB01691;TNFB01709;TNFB01726;TNFB01731;TNFB01768;TNFB02076;TNFB02083,Bispecific antibodies directed against TNF-alpha and IL-17
TNFCDR02088,QQRSIYPPT,CDR3,K,9,1,disclosed_binder_claim,,fv_domain_vl,USPTO patent sequences,TNFB02017,Bispecific antibodies directed against TNF-alpha and IL-17
TNFCDR02089,QQRSIYPYT,CDR3,K,9,1,disclosed_binder_claim,,fv_domain_vl,USPTO patent sequences,TNFB02081,Bispecific antibodies directed against TNF-alpha and IL-17
TNFCDR02090,QQRSLYPIT,CDR3,K,9,1,disclosed_binder_claim,,fv_domain_vl,USPTO patent sequences,TNFB01774,Bispecific antibodies directed against TNF-alpha and IL-17
TNFCDR02091,QQRSLYPLT,CDR3,K,9,1,disclosed_binder_claim,,fv_domain_vl,USPTO patent sequences,TNFB01665,Bispecific antibodies directed against TNF-alpha and IL-17
TNFCDR02092,QQRSMYPFT,CDR3,K,9,1,disclosed_binder_claim,,fv_domain_vl,USPTO patent sequences,TNFB01736,Bispecific antibodies directed against TNF-alpha and IL-17
TNFCDR02093,QQRSMYPIT,CDR3,K,9,1,disclosed_binder_claim,,fv_domain_vl,USPTO patent sequences,TNFB01756,Bispecific antibodies directed against TNF-alpha and IL-17
TNFCDR02094,QQRSNWPIT,CDR3,K,9,1,disclosed_binder_claim,,fv_domain_vl,PLAbDab,TNFB02164,Gene segments encoding variable domains of anti-TNF antibodies in health and multiple sclerosis
TNFCDR02095,QQRSNWPLT,CDR3,K,9,1,disclosed_binder_claim,,fv_domain_vl,PLAbDab,TNFB01785,Anti Human TNF-alpha antibody genes
TNFCDR02096,QQRSNYPIT,CDR3,K,9,2,disclosed_binder_claim,,fv_domain_vl,USPTO patent sequences,TNFB01683;TNFB01777,Bispecific antibodies directed against TNF-alpha and IL-17
TNFCDR02097,QQRSNYPLT,CDR3,K,9,2,disclosed_binder_claim,,fv_domain_vl,USPTO patent sequences,TNFB01672;TNFB01686,Bispecific antibodies directed against TNF-alpha and IL-17
TNFCDR02098,QQRSNYPPT,CDR3,K,9,1,disclosed_binder_claim,,fv_domain_vl,USPTO patent sequences,TNFB01763,Bispecific antibodies directed against TNF-alpha and IL-17
TNFCDR02099,QQRSRYPIT,CDR3,K,9,2,disclosed_binder_claim,,fv_domain_vl,USPTO patent sequences,TNFB01754;TNFB02056,Bispecific antibodies directed against TNF-alpha and IL-17
TNFCDR02100,QQRSRYPLT,CDR3,K,9,1,disclosed_binder_claim,,fv_domain_vl,USPTO patent sequences,TNFB01700,Bispecific antibodies directed against TNF-alpha and IL-17
TNFCDR02101,QQRSRYPYT,CDR3,K,9,1,disclosed_binder_claim,,fv_domain_vl,USPTO patent sequences,TNFB02084,Bispecific antibodies directed against TNF-alpha and IL-17
TNFCDR02102,QQRSSYPFT,CDR3,K,9,1,disclosed_binder_claim,,fv_domain_vl,USPTO patent sequences,TNFB01775,Bispecific antibodies directed against TNF-alpha and IL-17
TNFCDR02103,QQRSSYPIT,CDR3,K,9,16,disclosed_binder_claim,,fv_domain_vl,USPTO patent sequences,TNFB01687;TNFB01689;TNFB01693;TNFB01702;TNFB01708;TNFB01712;TNFB01715;TNFB01735;TNFB01936;TNFB02016;TNFB02026;TNFB02032,Bispecific antibodies directed against TNF-alpha and IL-17
TNFCDR02104,QQRSSYPLT,CDR3,K,9,23,disclosed_binder_claim,,fv_domain_vl,USPTO patent sequences,TNFB01666;TNFB01671;TNFB01696;TNFB01698;TNFB01703;TNFB01704;TNFB01705;TNFB01710;TNFB01711;TNFB01718;TNFB01719;TNFB01721,Bispecific antibodies directed against TNF-alpha and IL-17
TNFCDR02105,QQRSSYPPT,CDR3,K,9,4,disclosed_binder_claim,,fv_domain_vl,USPTO patent sequences,TNFB01667;TNFB01720;TNFB01744;TNFB02059,Bispecific antibodies directed against TNF-alpha and IL-17
TNFCDR02106,QQRSSYPWT,CDR3,K,9,3,disclosed_binder_claim,,fv_domain_vl,USPTO patent sequences,TNFB01680;TNFB01695;TNFB01762,Bispecific antibodies directed against TNF-alpha and IL-17
TNFCDR02107,QQRSSYPYT,CDR3,K,9,12,disclosed_binder_claim,,fv_domain_vl,USPTO patent sequences,TNFB01664;TNFB01669;TNFB01692;TNFB01717;TNFB01722;TNFB01730;TNFB01740;TNFB01742;TNFB01745;TNFB01771;TNFB02018;TNFB02092,Bispecific antibodies directed against TNF-alpha and IL-17
TNFCDR02108,QQRSTYPLT,CDR3,K,9,2,disclosed_binder_claim,,fv_domain_vl,USPTO patent sequences,TNFB01679;TNFB01701,Bispecific antibodies directed against TNF-alpha and IL-17
TNFCDR02109,QQRSTYPYT,CDR3,K,9,1,disclosed_binder_claim,,fv_domain_vl,USPTO patent sequences,TNFB01734,Bispecific antibodies directed against TNF-alpha and IL-17
TNFCDR02110,QQRSYYPLT,CDR3,K,9,1,disclosed_binder_claim,,fv_domain_vl,USPTO patent sequences,TNFB01739,Bispecific antibodies directed against TNF-alpha and IL-17
TNFCDR02111,QQRTHYPIT,CDR3,K,9,1,disclosed_binder_claim,,fv_domain_vl,USPTO patent sequences,TNFB01699,Bispecific antibodies directed against TNF-alpha and IL-17
TNFCDR02112,QQRTNWPLT,CDR3,K,9,1,disclosed_binder_claim,,fv_domain_vl,PLAbDab,TNFB02155,Gene segments encoding variable domains of anti-TNF antibodies in health and multiple sclerosis
TNFCDR02113,QQRTSYPIT,CDR3,K,9,2,disclosed_binder_claim,,fv_domain_vl,USPTO patent sequences,TNFB01758;TNFB02067,Bispecific antibodies directed against TNF-alpha and IL-17
TNFCDR02114,QQRTSYPYT,CDR3,K,9,1,disclosed_binder_claim,,fv_domain_vl,USPTO patent sequences,TNFB01688,Bispecific antibodies directed against TNF-alpha and IL-17
TNFCDR02115,QQRYNTPWT,CDR3,K,9,1,disclosed_binder_claim,,fv_domain_vl,PLAbDab,TNFB02126,Gene segments encoding variable domains of anti-TNF antibodies in health and multiple sclerosis
TNFCDR02116,QQSHAWPFT,CDR3,K,9,1,disclosed_binder_claim,,fv_domain_vl,USPTO patent sequences,TNFB02239,Anti-TNF-alpha binding compounds and uses thereof
TNFCDR02117,QQSHFWPFT,CDR3,K,9,5,disclosed_binder_claim,,fv_domain_vl,PLAbDab;USPTO patent sequences,TNFB02132;TNFB02141;TNFB02238;TNFB02474;TNFB02477,Anti-TNF-alpha binding compounds and uses thereof
TNFCDR02118,QQSHGWPFT,CDR3,K,9,1,disclosed_binder_claim,,igg_chain_light,USPTO patent sequences,TNFB02920,TNF-.alpha. binding molecules
TNFCDR02119,QQSHKWPFT,CDR3,K,9,4,disclosed_binder_claim,,fv_domain_vl;igg_chain_light,PLAbDab;USPTO patent sequences,TNFB02133;TNFB02142;TNFB03085;TNFB03086,Humanized anti-TNF-alpha antibody and antigen-binding fragment (Fab) thereof and use of the same
TNFCDR02120,QQSHSWHFT,CDR3,K,9,2,disclosed_binder_claim,,fv_domain_vl,USPTO patent sequences,TNFB02138;TNFB02139,TNF-.alpha. binding molecules
TNFCDR02121,QQSHSWPFT,CDR3,K,9,18,confirmed_binder,Infliximab (Whole mAb) [Thera-SAbDab via PLAbDab Infliximab] ; Infliximab [PDB 4G3Y_1],fab;fv_domain_vl,PLAbDab;RCSB PDB;USPTO patent sequences,TNFB00002;TNFB01787;TNFB01789;TNFB01790;TNFB01791;TNFB01792;TNFB02134;TNFB02137;TNFB02143;TNFB02183;TNFB02184;TNFB02185,Anti-TNF alpha monoclonal secretory IgA antibodies and methods for treating inflammatory diseases || Anti-TNF alpha monoclonal secretory IgA antibodies and methods for treating inflammatory diseases |
TNFCDR02122,QQSHWWPFT,CDR3,K,9,7,disclosed_binder_claim,,fv_domain_vl;igg_chain_light,PLAbDab;USPTO patent sequences,TNFB02135;TNFB02144;TNFB02233;TNFB02234;TNFB02476;TNFB02479;TNFB03087,Anti-TNF-alpha binding compounds and uses thereof
TNFCDR02123,QQSHYWPFT,CDR3,K,9,1,disclosed_binder_claim,,fv_domain_vl,USPTO patent sequences,TNFB02231,Anti-TNF-alpha binding compounds and uses thereof
TNFCDR02124,QQSYSAPYT,CDR3,K,9,2,disclosed_binder_claim,,fv_domain_vl,USPTO patent sequences,TNFB01807;TNFB01808,Immunobinders directed against TNF
TNFCDR02125,QQSYSIPFT,CDR3,K,9,1,disclosed_binder_claim,,fv_domain_vl,USPTO patent sequences,TNFB01825,Immunobinders directed against TNF
TNFCDR02126,QQSYSTLYS,CDR3,K,9,1,disclosed_binder_claim,,fv_domain_vl,USPTO patent sequences,TNFB02100,Bispecific antibodies directed against TNF-alpha and IL-17 | Immunobinders directed against TNF
TNFCDR02127,QQSYSTPFT,CDR3,K,9,2,disclosed_binder_claim,,fv_domain_vl,USPTO patent sequences,TNFB01833;TNFB01836,Immunobinders directed against TNF
TNFCDR02128,QQSYSTPQT,CDR3,K,9,1,disclosed_binder_claim,,fv_domain_vl,PLAbDab,TNFB02154,Gene segments encoding variable domains of anti-TNF antibodies in health and multiple sclerosis
TNFCDR02129,QQSYSTPRT,CDR3,K,9,2,disclosed_binder_claim,,fv_domain_vl,PLAbDab,TNFB02127;TNFB02153,Gene segments encoding variable domains of anti-TNF antibodies in health and multiple sclerosis
TNFCDR02130,QQVSSYPPT,CDR3,K,9,1,disclosed_binder_claim,,fv_domain_vl,USPTO patent sequences,TNFB02020,Bispecific antibodies directed against TNF-alpha and IL-17
TNFCDR02131,QQWGSYPWT,CDR3,K,9,1,disclosed_binder_claim,,fv_domain_vl,USPTO patent sequences,TNFB02038,Bispecific antibodies directed against TNF-alpha and IL-17
TNFCDR02132,QQWHSWPLT,CDR3,K,9,4,disclosed_binder_claim,,fv_domain_vl,USPTO patent sequences,TNFB02130;TNFB02131;TNFB02156;TNFB02161,Selection of human TNF.alpha. specific antibodies
TNFCDR02133,QQWMSYPLT,CDR3,K,9,1,disclosed_binder_claim,,fv_domain_vl,USPTO patent sequences,TNFB02062,Bispecific antibodies directed against TNF-alpha and IL-17
TNFCDR02134,QQWRNYPWT,CDR3,K,9,1,disclosed_binder_claim,,fv_domain_vl,USPTO patent sequences,TNFB02021,Bispecific antibodies directed against TNF-alpha and IL-17
TNFCDR02135,QQWSFNPPT,CDR3,K,9,2,disclosed_binder_claim,,fv_domain_vl;igg_chain_light,USPTO patent sequences,TNFB02022;TNFB02919,Therapy of autoimmune disease in a patient with an inadequate response to a TNF-.alpha. inhibitor | Therapy of autoimmune disease in a patient with an inadequate response to a TNF-alpha inhibitor
TNFCDR02136,QQWSKYPWT,CDR3,K,9,1,disclosed_binder_claim,,fv_domain_vl,USPTO patent sequences,TNFB02037,Bispecific antibodies directed against TNF-alpha and IL-17
TNFCDR02137,QQWSSYPWT,CDR3,K,9,3,disclosed_binder_claim,,fv_domain_vl,USPTO patent sequences,TNFB02014;TNFB02054;TNFB02080,Bispecific antibodies directed against TNF-alpha and IL-17
TNFCDR02138,QQXXXXXXT,CDR3,K,9,1,disclosed_binder_claim,,fv_domain_vl,USPTO patent sequences,TNFB02090,Bispecific antibodies directed against TNF-alpha and IL-17 | Immunobinders directed against TNF
TNFCDR02139,QQYESLPHT,CDR3,K,9,1,disclosed_binder_claim,,fv_domain_vl,PLAbDab,TNFB01858,Gene segments encoding variable domains of anti-TNF antibodies in health and multiple sclerosis
TNFCDR02140,QQYFSWPLT,CDR3,K,9,1,disclosed_binder_claim,,fv_domain_vl,USPTO patent sequences,TNFB02157,Selection of human TNF.alpha. specific antibodies
TNFCDR02141,QQYGSSPKT,CDR3,K,9,1,disclosed_binder_claim,,fv_domain_vl,PLAbDab,TNFB02454,Gene segments encoding variable domains of anti-TNF antibodies in health and multiple sclerosis
TNFCDR02142,QQYGSSPLT,CDR3,K,9,2,disclosed_binder_claim,,fv_domain_vl,PLAbDab,TNFB02452;TNFB02625,Gene segments encoding variable domains of anti-TNF antibodies in health and multiple sclerosis
TNFCDR02143,QQYGSSPWT,CDR3,K,9,2,disclosed_binder_claim,,fv_domain_vl,PLAbDab,TNFB02453;TNFB02455,Gene segments encoding variable domains of anti-TNF antibodies in health and multiple sclerosis
TNFCDR02144,QQYGSSPYS,CDR3,K,9,1,disclosed_binder_claim,,fv_domain_vl,PLAbDab,TNFB02125,Gene segments encoding variable domains of anti-TNF antibodies in health and multiple sclerosis
TNFCDR02145,QQYHAWPLT,CDR3,K,9,1,disclosed_binder_claim,,fv_domain_vl,USPTO patent sequences,TNFB02158,Selection of human TNF.alpha. specific antibodies
TNFCDR02146,QQYHFWPPS,CDR3,K,9,1,disclosed_binder_claim,,fv_domain_vl,USPTO patent sequences,TNFB02124,Selection of human TNF.alpha. specific antibodies
TNFCDR02147,QQYHSWPLT,CDR3,K,9,1,disclosed_binder_claim,,fv_domain_vl,USPTO patent sequences,TNFB02159,Selection of human TNF.alpha. specific antibodies
TNFCDR02148,QQYMSWPLT,CDR3,K,9,1,disclosed_binder_claim,,fv_domain_vl,USPTO patent sequences,TNFB02160,Selection of human TNF.alpha. specific antibodies
TNFCDR02149,QQYNIYPLT,CDR3,K,9,6,confirmed_binder,Certolizumab (Fab) [Thera-SAbDab via PLAbDab Certolizumab] ; Certolizumab pegol [PDB 5WUX_2],fab;fv_domain_vl;igg_chain_light,PLAbDab;RCSB PDB;USPTO patent sequences,TNFB00004;TNFB01823;TNFB01824;TNFB02218;TNFB02661;TNFB03137,Anti-TNF alpha monoclonal secretory IgA antibodies and methods for treating inflammatory diseases || Anti-TNF alpha monoclonal secretory IgA antibodies and methods for treating inflammatory diseases |
TNFCDR02150,QQYNIYPYT,CDR3,K,9,1,disclosed_binder_claim,,fv_domain_vl,PLAbDab,TNFB01965,Monoclonal antibodies to human proinflammatory cytokines and methods for treating inflammatory diseases
TNFCDR02151,QQYNRWPLT,CDR3,K,9,1,disclosed_binder_claim,,fv_domain_vl,USPTO patent sequences,TNFB02128,Selection of human TNF.alpha. specific antibodies
TNFCDR02152,QQYNYWPFT,CDR3,K,9,1,disclosed_binder_claim,,fv_domain_vl,USPTO patent sequences,TNFB02107,Selection of human TNF.alpha. specific antibodies
TNFCDR02153,QQYSDYPYT,CDR3,K,9,6,disclosed_binder_claim,,fv_domain_vl,PLAbDab;USPTO patent sequences,TNFB02457;TNFB02458;TNFB02459;TNFB02460;TNFB02461;TNFB02462,Humanized anti-TNF-alpha antibodies
TNFCDR02154,QQYWSTPFT,CDR3,K,9,1,disclosed_binder_claim,,fv_domain_vl,USPTO patent sequences,TNFB01800,Anti-TNF-/anti-IL-23 bispecific antibodies
TNFCDR02155,QQYYSLPYM,CDR3,K,9,4,disclosed_binder_claim,,fv_domain_vl,PLAbDab;USPTO patent sequences,TNFB02101;TNFB02116;TNFB02208;TNFB02217,Stable and soluble antibodies inhibiting TNF alpha
TNFCDR02156,QRHNRAPYT,CDR3,K,9,1,disclosed_binder_claim,,fv_domain_vl,USPTO patent sequences,TNFB01955,Anti-TNF-alpha antibodies with pH-dependent antigen binding for improved target clearence
TNFCDR02157,QRYDKPPYT,CDR3,K,9,2,disclosed_binder_claim,,fv_domain_vl;igg_chain_light,PLAbDab;USPTO patent sequences,TNFB01798;TNFB02933,Antibodies to TNF-alpha
TNFCDR02158,QRYDMAPYT,CDR3,K,9,1,disclosed_binder_claim,,igg_chain_light,USPTO patent sequences,TNFB02994,Antibodies to TNF-alpha
TNFCDR02159,QRYDQPFYT,CDR3,K,9,1,disclosed_binder_claim,,igg_chain_light,USPTO patent sequences,TNFB03082,Antibodies to TNF-alpha
TNFCDR02160,QRYDQPPYT,CDR3,K,9,1,disclosed_binder_claim,,igg_chain_light,USPTO patent sequences,TNFB02957,Antibodies to TNF-alpha
TNFCDR02161,QRYDRAPYT,CDR3,K,9,10,disclosed_binder_claim,,fv_domain_vl;igg_chain_light,PLAbDab;USPTO patent sequences,TNFB01799;TNFB02927;TNFB02928;TNFB02931;TNFB02935;TNFB02937;TNFB02938;TNFB02948;TNFB02995;TNFB03056,Antibodies to TNF-alpha
TNFCDR02162,QRYDRPPYT,CDR3,K,9,32,disclosed_binder_claim,,fv_domain_vl;igg_chain_light,PLAbDab;USPTO patent sequences,TNFB02023;TNFB02024;TNFB02025;TNFB02926;TNFB02929;TNFB02930;TNFB02932;TNFB02934;TNFB02936;TNFB02939;TNFB02941;TNFB02942,Antibodies to TNF-alpha
TNFCDR02163,QRYIKAPYT,CDR3,K,9,1,disclosed_binder_claim,,igg_chain_light,USPTO patent sequences,TNFB03028,Antibodies to TNF-alpha
TNFCDR02164,QRYIKPPYT,CDR3,K,9,3,disclosed_binder_claim,,igg_chain_light,USPTO patent sequences,TNFB02966;TNFB02976;TNFB03017,Antibodies to TNF-alpha
TNFCDR02165,QRYIMPPYT,CDR3,K,9,1,disclosed_binder_claim,,igg_chain_light,USPTO patent sequences,TNFB02996,Antibodies to TNF-alpha
TNFCDR02166,QRYIQAPYT,CDR3,K,9,4,disclosed_binder_claim,,igg_chain_light,USPTO patent sequences,TNFB02967;TNFB02977;TNFB03029;TNFB03037,Antibodies to TNF-alpha
TNFCDR02167,QRYIQPPYT,CDR3,K,9,32,disclosed_binder_claim,,fv_domain_vl;igg_chain_light,PLAbDab;USPTO patent sequences,TNFB01961;TNFB01967;TNFB01991;TNFB01992;TNFB02085;TNFB02086;TNFB02087;TNFB02089;TNFB02962;TNFB02968;TNFB02978;TNFB02979,Antibodies to TNF-alpha
TNFCDR02168,QRYIRAPYT,CDR3,K,9,2,disclosed_binder_claim,,igg_chain_light,USPTO patent sequences,TNFB02981;TNFB02998,Antibodies to TNF-alpha
TNFCDR02169,QRYIRPPYT,CDR3,K,9,1,disclosed_binder_claim,,igg_chain_light,USPTO patent sequences,TNFB02969,Antibodies to TNF-alpha
TNFCDR02170,QRYIXXXYT,CDR3,K,9,2,disclosed_binder_claim,,fv_domain_vl;igg_chain_light,PLAbDab;USPTO patent sequences,TNFB02178;TNFB03094,Antibodies to TNF-alpha
TNFCDR02171,QRYNHAPYT,CDR3,K,9,1,disclosed_binder_claim,,fv_domain_vl,USPTO patent sequences,TNFB01946,Anti-TNF-alpha antibodies with pH-dependent antigen binding for improved target clearence
TNFCDR02172,QRYNKAPYT,CDR3,K,9,2,disclosed_binder_claim,,igg_chain_light,USPTO patent sequences,TNFB02970;TNFB02999,Antibodies to TNF-alpha
TNFCDR02173,QRYNKPPYT,CDR3,K,9,5,disclosed_binder_claim,,igg_chain_light,USPTO patent sequences,TNFB02971;TNFB02982;TNFB03000;TNFB03031;TNFB03036,Antibodies to TNF-alpha
TNFCDR02174,QRYNKSPYT,CDR3,K,9,1,disclosed_binder_claim,,igg_chain_light,USPTO patent sequences,TNFB03001,Antibodies to TNF-alpha
TNFCDR02175,QRYNMAPYT,CDR3,K,9,1,disclosed_binder_claim,,igg_chain_light,USPTO patent sequences,TNFB03002,Antibodies to TNF-alpha
TNFCDR02176,QRYNMPPYT,CDR3,K,9,3,disclosed_binder_claim,,igg_chain_light,USPTO patent sequences,TNFB03003;TNFB03032;TNFB03038,Antibodies to TNF-alpha
TNFCDR02177,QRYNQAPYT,CDR3,K,9,5,disclosed_binder_claim,,igg_chain_light,USPTO patent sequences,TNFB02959;TNFB02972;TNFB03004;TNFB03033;TNFB03127,Antibodies to TNF-alpha
TNFCDR02178,QRYNQPPYT,CDR3,K,9,4,disclosed_binder_claim,,igg_chain_light,USPTO patent sequences,TNFB02964;TNFB02973;TNFB03005;TNFB03048,Antibodies to TNF-alpha
TNFCDR02179,QRYNRAPYT,CDR3,K,9,74,confirmed_binder,Adalimumab (Whole mAb) [Thera-SAbDab via PLAbDab Adalimumab] ; Remtolumab (Bispecific Dual Variable Domain IG) [Thera-SAbDab via PLAbDab Remtolumab] ; Adalimuma,fab;fv_domain_vl;igg_chain_light,PLAbDab;RCSB PDB;USPTO patent sequences,TNFB00001;TNFB01944;TNFB01945;TNFB01947;TNFB01948;TNFB01956;TNFB01959;TNFB01960;TNFB02095;TNFB02096;TNFB02097;TNFB02918,Antibodies to TNF-alpha
TNFCDR02180,QRYNRPAYT,CDR3,K,9,1,disclosed_binder_claim,,igg_chain_light,USPTO patent sequences,TNFB03011,Antibodies to TNF-alpha
TNFCDR02181,QRYNRPEYT,CDR3,K,9,1,disclosed_binder_claim,,igg_chain_light,USPTO patent sequences,TNFB03012,Antibodies to TNF-alpha
TNFCDR02182,QRYNRPMYT,CDR3,K,9,1,disclosed_binder_claim,,igg_chain_light,USPTO patent sequences,TNFB02923,Antibodies to TNF-alpha
TNFCDR02183,QRYNRPPYT,CDR3,K,9,8,disclosed_binder_claim,,igg_chain_light,USPTO patent sequences,TNFB02925;TNFB02940;TNFB02951;TNFB02963;TNFB02975;TNFB03013;TNFB03060;TNFB03075,Antibodies to TNF-alpha
TNFCDR02184,QRYNRPQYT,CDR3,K,9,1,disclosed_binder_claim,,igg_chain_light,USPTO patent sequences,TNFB03014,Antibodies to TNF-alpha
TNFCDR02185,QRYNRPSYT,CDR3,K,9,1,disclosed_binder_claim,,igg_chain_light,USPTO patent sequences,TNFB03015,Antibodies to TNF-alpha
TNFCDR02186,QRYNRPVYT,CDR3,K,9,1,disclosed_binder_claim,,igg_chain_light,USPTO patent sequences,TNFB03016,Antibodies to TNF-alpha
TNFCDR02187,QRYXXXXYT,CDR3,K,9,14,disclosed_binder_claim,,fv_domain_vl;igg_chain_light,PLAbDab;USPTO patent sequences,TNFB02091;TNFB02173;TNFB02174;TNFB02175;TNFB02176;TNFB02177;TNFB02179;TNFB03084;TNFB03089;TNFB03090;TNFB03091;TNFB03092,Antibodies to TNF-alpha
TNFCDR02188,RQLGSYPRT,CDR3,K,9,1,disclosed_binder_claim,,fv_domain_vl,USPTO patent sequences,TNFB02013,Bispecific antibodies directed against TNF-alpha and IL-17
TNFCDR02189,RQVGNYPGT,CDR3,K,9,3,disclosed_binder_claim,,fv_domain_vl,USPTO patent sequences,TNFB02015;TNFB02039;TNFB02206,Bispecific antibodies directed against TNF-alpha and IL-17
TNFCDR02190,RQVGSYPDT,CDR3,K,9,1,disclosed_binder_claim,,fv_domain_vl,USPTO patent sequences,TNFB02005,Bispecific antibodies directed against TNF-alpha and IL-17
TNFCDR02191,RQVGSYPET,CDR3,K,9,16,disclosed_binder_claim,,fv_domain_vl,USPTO patent sequences,TNFB01839;TNFB02006;TNFB02007;TNFB02008;TNFB02012;TNFB02029;TNFB02035;TNFB02041;TNFB02048;TNFB02068;TNFB02072;TNFB02093,Bispecific antibodies directed against TNF-alpha and IL-17
TNFCDR02192,SQMSSYPHT,CDR3,K,9,2,disclosed_binder_claim,,fv_domain_vl,USPTO patent sequences,TNFB02061;TNFB02063,Bispecific antibodies directed against TNF-alpha and IL-17
TNFCDR02193,SQSTHLPFT,CDR3,K,9,1,disclosed_binder_claim,,fv_domain_vl,PLAbDab,TNFB02604,Anti-TNF-anti-IL-17 bispecific antibodies
TNFCDR02194,SQSTHVPLT,CDR3,K,9,8,disclosed_binder_claim,,fv_domain_vl;igg_chain_light,USPTO patent sequences,TNFB02635;TNFB02636;TNFB02684;TNFB03102;TNFB03141;TNFB03142;TNFB03143;TNFB03144,Methods of binding TNF-alpha using anti-TNF-alpha antibody fragment-polymer conjugates
TNFCDR02195,SQTTHAPFT,CDR3,K,9,4,disclosed_binder_claim,,fv_domain_vl;igg_chain_light,USPTO patent sequences,TNFB02599;TNFB03099;TNFB03100;TNFB03103,TNFa-IL-17 bispecific antibodies
TNFCDR02196,TQALQKPWT,CDR3,K,9,1,disclosed_binder_claim,,fv_domain_vl,PLAbDab,TNFB02609,Gene segments encoding variable domains of anti-TNF antibodies in health and multiple sclerosis
TNFCDR02197,TQALQKVWT,CDR3,K,9,1,disclosed_binder_claim,,fv_domain_vl,PLAbDab,TNFB02605,Gene segments encoding variable domains of anti-TNF antibodies in health and multiple sclerosis
TNFCDR02198,VQWSLYPPT,CDR3,K,9,1,disclosed_binder_claim,,fv_domain_vl,USPTO patent sequences,TNFB01732,Bispecific antibodies directed against TNF-alpha and IL-17
TNFCDR02199,XHYHRAPYH,CDR3,K,9,1,disclosed_binder_claim,,fv_domain_vl,USPTO patent sequences,TNFB01957,Anti-TNF-alpha antibodies with pH-dependent antigen binding for improved target clearence
TNFCDR02200,XHYHRAPYX,CDR3,K,9,2,disclosed_binder_claim,,fv_domain_vl,USPTO patent sequences,TNFB01949;TNFB01958,Anti-TNF-alpha antibodies with pH-dependent antigen binding for improved target clearence
TNFCDR02201,XQXXXYPXT,CDR3,K,9,1,disclosed_binder_claim,,fv_domain_vl,USPTO patent sequences,TNFB02099,Bispecific antibodies directed against TNF-alpha and IL-17
TNFCDR02202,XXXXRAPYX,CDR3,K,9,1,disclosed_binder_claim,,fv_domain_vl,USPTO patent sequences,TNFB01950,Anti-TNF-alpha antibodies with pH-dependent antigen binding for improved target clearence
TNFCDR02203,YQDSRYPPT,CDR3,K,9,1,disclosed_binder_claim,,fv_domain_vl,USPTO patent sequences,TNFB02033,Bispecific antibodies directed against TNF-alpha and IL-17
TNFCDR02204,YQGSTYPPT,CDR3,K,9,1,disclosed_binder_claim,,fv_domain_vl,USPTO patent sequences,TNFB02082,Bispecific antibodies directed against TNF-alpha and IL-17
TNFCDR02205,YQGTIYPPT,CDR3,K,9,1,disclosed_binder_claim,,fv_domain_vl,USPTO patent sequences,TNFB02028,Bispecific antibodies directed against TNF-alpha and IL-17
TNFCDR02206,YQKKLYPWT,CDR3,K,9,1,disclosed_binder_claim,,fv_domain_vl,USPTO patent sequences,TNFB02074,Bispecific antibodies directed against TNF-alpha and IL-17
TNFCDR02207,YQKNIYPWT,CDR3,K,9,1,disclosed_binder_claim,,fv_domain_vl,USPTO patent sequences,TNFB02043,Bispecific antibodies directed against TNF-alpha and IL-17
TNFCDR02208,YQKSIYPWT,CDR3,K,9,1,disclosed_binder_claim,,fv_domain_vl,USPTO patent sequences,TNFB01942,Bispecific antibodies directed against TNF-alpha and IL-17
TNFCDR02209,YQKSTYPWT,CDR3,K,9,2,disclosed_binder_claim,,fv_domain_vl,USPTO patent sequences,TNFB02019;TNFB02066,Bispecific antibodies directed against TNF-alpha and IL-17
TNFCDR02210,YQSSRYPPT,CDR3,K,9,1,disclosed_binder_claim,,fv_domain_vl,USPTO patent sequences,TNFB02047,Bispecific antibodies directed against TNF-alpha and IL-17
TNFCDR02211,AGYKSYSNDD,CDR3,K,10,1,disclosed_binder_claim,,fv_domain_vl,USPTO patent sequences,TNFB02664,Antibodies to TNF alpha and use thereof | Antibodies to TNF-alpha and use thereof
TNFCDR02212,HQANSLPPPT,CDR3,K,10,1,disclosed_binder_claim,,fv_domain_vl,USPTO patent sequences,TNFB02316,Immunobinders directed against TNF
TNFCDR02213,HQASSSPSTT,CDR3,K,10,1,disclosed_binder_claim,,fv_domain_vl,USPTO patent sequences,TNFB02311,Immunobinders directed against TNF
TNFCDR02214,HQCGSSPLHT,CDR3,K,10,1,disclosed_binder_claim,,fv_domain_vl,USPTO patent sequences,TNFB02396,Immunobinders directed against TNF
TNFCDR02215,HQCISLPTPT,CDR3,K,10,1,disclosed_binder_claim,,fv_domain_vl,USPTO patent sequences,TNFB02270,Immunobinders directed against TNF
TNFCDR02216,HQCRISPRPT,CDR3,K,10,1,disclosed_binder_claim,,fv_domain_vl,USPTO patent sequences,TNFB02312,Immunobinders directed against TNF
TNFCDR02217,HQCSISPPAT,CDR3,K,10,1,disclosed_binder_claim,,fv_domain_vl,USPTO patent sequences,TNFB02435,Immunobinders directed against TNF
TNFCDR02218,HQCSISPQPT,CDR3,K,10,1,disclosed_binder_claim,,fv_domain_vl,USPTO patent sequences,TNFB02340,Immunobinders directed against TNF
TNFCDR02219,HQCSRLPPPT,CDR3,K,10,1,disclosed_binder_claim,,fv_domain_vl,USPTO patent sequences,TNFB02418,Immunobinders directed against TNF
TNFCDR02220,HQCSSLPAPT,CDR3,K,10,1,disclosed_binder_claim,,fv_domain_vl,USPTO patent sequences,TNFB02384,Immunobinders directed against TNF
TNFCDR02221,HQCSSLPHPT,CDR3,K,10,1,disclosed_binder_claim,,fv_domain_vl,USPTO patent sequences,TNFB02327,Immunobinders directed against TNF
TNFCDR02222,HQCSSSPAQT,CDR3,K,10,1,disclosed_binder_claim,,fv_domain_vl,USPTO patent sequences,TNFB02333,Immunobinders directed against TNF
TNFCDR02223,HQCSSSPPPT,CDR3,K,10,1,disclosed_binder_claim,,fv_domain_vl,USPTO patent sequences,TNFB02451,Immunobinders directed against TNF
TNFCDR02224,HQCSSSPPST,CDR3,K,10,1,disclosed_binder_claim,,fv_domain_vl,USPTO patent sequences,TNFB02328,Immunobinders directed against TNF
TNFCDR02225,HQCSSSPSHT,CDR3,K,10,1,disclosed_binder_claim,,fv_domain_vl,USPTO patent sequences,TNFB02405,Immunobinders directed against TNF
TNFCDR02226,HQCTSLPLPT,CDR3,K,10,1,disclosed_binder_claim,,fv_domain_vl,USPTO patent sequences,TNFB02307,Immunobinders directed against TNF
TNFCDR02227,HQCTSSPPPT,CDR3,K,10,1,disclosed_binder_claim,,fv_domain_vl,USPTO patent sequences,TNFB02245,Immunobinders directed against TNF
TNFCDR02228,HQDSRSPTRT,CDR3,K,10,1,disclosed_binder_claim,,fv_domain_vl,USPTO patent sequences,TNFB02241,Immunobinders directed against TNF
TNFCDR02229,HQGFSLPPAT,CDR3,K,10,1,disclosed_binder_claim,,fv_domain_vl,USPTO patent sequences,TNFB02285,Immunobinders directed against TNF
TNFCDR02230,HQGISSPPQT,CDR3,K,10,1,disclosed_binder_claim,,fv_domain_vl,USPTO patent sequences,TNFB02248,Immunobinders directed against TNF
TNFCDR02231,HQGMSSPAPT,CDR3,K,10,1,disclosed_binder_claim,,fv_domain_vl,USPTO patent sequences,TNFB02425,Immunobinders directed against TNF
TNFCDR02232,HQGNRSPSTT,CDR3,K,10,1,disclosed_binder_claim,,fv_domain_vl,USPTO patent sequences,TNFB02411,Immunobinders directed against TNF
TNFCDR02233,HQGRISPSST,CDR3,K,10,1,disclosed_binder_claim,,fv_domain_vl,USPTO patent sequences,TNFB02290,Immunobinders directed against TNF
TNFCDR02234,HQGSCSPTTT,CDR3,K,10,1,disclosed_binder_claim,,fv_domain_vl,USPTO patent sequences,TNFB02346,Immunobinders directed against TNF
TNFCDR02235,HQGSRLPPPT,CDR3,K,10,1,disclosed_binder_claim,,fv_domain_vl,USPTO patent sequences,TNFB02436,Immunobinders directed against TNF
TNFCDR02236,HQGSRLPVPT,CDR3,K,10,1,disclosed_binder_claim,,fv_domain_vl,USPTO patent sequences,TNFB02319,Immunobinders directed against TNF
TNFCDR02237,HQGSRSPLDT,CDR3,K,10,1,disclosed_binder_claim,,fv_domain_vl,USPTO patent sequences,TNFB02330,Immunobinders directed against TNF
TNFCDR02238,HQGSSLPPPT,CDR3,K,10,1,disclosed_binder_claim,,fv_domain_vl,USPTO patent sequences,TNFB02293,Immunobinders directed against TNF
TNFCDR02239,HQGSSLPTPT,CDR3,K,10,1,disclosed_binder_claim,,fv_domain_vl,USPTO patent sequences,TNFB02258,Immunobinders directed against TNF
TNFCDR02240,HQGSSSPPPT,CDR3,K,10,2,disclosed_binder_claim,,fv_domain_vl,USPTO patent sequences,TNFB02339;TNFB02355,Immunobinders directed against TNF
TNFCDR02241,HQGSSSPPTT,CDR3,K,10,1,disclosed_binder_claim,,fv_domain_vl,USPTO patent sequences,TNFB02386,Immunobinders directed against TNF
TNFCDR02242,HQGSSSPSPT,CDR3,K,10,1,disclosed_binder_claim,,fv_domain_vl,USPTO patent sequences,TNFB02329,Immunobinders directed against TNF
TNFCDR02243,HQGSTSPPRT,CDR3,K,10,1,disclosed_binder_claim,,fv_domain_vl,USPTO patent sequences,TNFB02310,Immunobinders directed against TNF
TNFCDR02244,HQICRSPSPT,CDR3,K,10,1,disclosed_binder_claim,,fv_domain_vl,USPTO patent sequences,TNFB02392,Immunobinders directed against TNF
TNFCDR02245,HQIGSLPPPT,CDR3,K,10,1,disclosed_binder_claim,,fv_domain_vl,USPTO patent sequences,TNFB02423,Immunobinders directed against TNF
TNFCDR02246,HQISCLPLPT,CDR3,K,10,1,disclosed_binder_claim,,fv_domain_vl,USPTO patent sequences,TNFB02402,Immunobinders directed against TNF
TNFCDR02247,HQISDLPTST,CDR3,K,10,1,disclosed_binder_claim,,fv_domain_vl,USPTO patent sequences,TNFB02412,Immunobinders directed against TNF
TNFCDR02248,HQISSSPPPT,CDR3,K,10,1,disclosed_binder_claim,,fv_domain_vl,USPTO patent sequences,TNFB02410,Immunobinders directed against TNF
TNFCDR02249,HQKVSSPSPT,CDR3,K,10,1,disclosed_binder_claim,,fv_domain_vl,USPTO patent sequences,TNFB02321,Immunobinders directed against TNF
TNFCDR02250,HQNCSLPLPT,CDR3,K,10,1,disclosed_binder_claim,,fv_domain_vl,USPTO patent sequences,TNFB02301,Immunobinders directed against TNF
TNFCDR02251,HQNCSSPPPT,CDR3,K,10,1,disclosed_binder_claim,,fv_domain_vl,USPTO patent sequences,TNFB02397,Immunobinders directed against TNF
TNFCDR02252,HQNGSLPPPT,CDR3,K,10,1,disclosed_binder_claim,,fv_domain_vl,USPTO patent sequences,TNFB02366,Immunobinders directed against TNF
TNFCDR02253,HQNGSSPPRT,CDR3,K,10,1,disclosed_binder_claim,,fv_domain_vl,USPTO patent sequences,TNFB02349,Immunobinders directed against TNF
TNFCDR02254,HQNHTSPPPT,CDR3,K,10,1,disclosed_binder_claim,,fv_domain_vl,USPTO patent sequences,TNFB02403,Immunobinders directed against TNF
TNFCDR02255,HQNNSSPHKT,CDR3,K,10,1,disclosed_binder_claim,,fv_domain_vl,USPTO patent sequences,TNFB02268,Immunobinders directed against TNF
TNFCDR02256,HQNRGLPAPT,CDR3,K,10,1,disclosed_binder_claim,,fv_domain_vl,USPTO patent sequences,TNFB02256,Immunobinders directed against TNF
TNFCDR02257,HQNRGSPPQT,CDR3,K,10,1,disclosed_binder_claim,,fv_domain_vl,USPTO patent sequences,TNFB02385,Immunobinders directed against TNF
TNFCDR02258,HQNRSLPRLT,CDR3,K,10,1,disclosed_binder_claim,,fv_domain_vl,USPTO patent sequences,TNFB02369,Immunobinders directed against TNF
TNFCDR02259,HQNRSSPPST,CDR3,K,10,1,disclosed_binder_claim,,fv_domain_vl,USPTO patent sequences,TNFB02331,Immunobinders directed against TNF
TNFCDR02260,HQNSCLPMQT,CDR3,K,10,1,disclosed_binder_claim,,fv_domain_vl,USPTO patent sequences,TNFB02407,Immunobinders directed against TNF
TNFCDR02261,HQNSCLPSTT,CDR3,K,10,1,disclosed_binder_claim,,fv_domain_vl,USPTO patent sequences,TNFB02287,Immunobinders directed against TNF
TNFCDR02262,HQNSGLPLPT,CDR3,K,10,1,disclosed_binder_claim,,fv_domain_vl,USPTO patent sequences,TNFB02278,Immunobinders directed against TNF
TNFCDR02263,HQNSILPPPT,CDR3,K,10,1,disclosed_binder_claim,,fv_domain_vl,USPTO patent sequences,TNFB02370,Immunobinders directed against TNF
TNFCDR02264,HQNSNLPPST,CDR3,K,10,1,disclosed_binder_claim,,fv_domain_vl,USPTO patent sequences,TNFB02267,Immunobinders directed against TNF
TNFCDR02265,HQNSRLPPPT,CDR3,K,10,1,disclosed_binder_claim,,fv_domain_vl,USPTO patent sequences,TNFB02332,Immunobinders directed against TNF
TNFCDR02266,HQNSSLPLPT,CDR3,K,10,1,disclosed_binder_claim,,fv_domain_vl,USPTO patent sequences,TNFB02273,Immunobinders directed against TNF
TNFCDR02267,HQNSSLPPPT,CDR3,K,10,1,disclosed_binder_claim,,fv_domain_vl,USPTO patent sequences,TNFB02240,Immunobinders directed against TNF
TNFCDR02268,HQNSSLPPST,CDR3,K,10,1,disclosed_binder_claim,,fv_domain_vl,USPTO patent sequences,TNFB02356,Immunobinders directed against TNF
TNFCDR02269,HQNSSLPTHT,CDR3,K,10,1,disclosed_binder_claim,,fv_domain_vl,USPTO patent sequences,TNFB02441,Immunobinders directed against TNF
TNFCDR02270,HQNSSSPLPT,CDR3,K,10,1,disclosed_binder_claim,,fv_domain_vl,USPTO patent sequences,TNFB02434,Immunobinders directed against TNF
TNFCDR02271,HQNSSSPPAT,CDR3,K,10,1,disclosed_binder_claim,,fv_domain_vl,USPTO patent sequences,TNFB02269,Immunobinders directed against TNF
TNFCDR02272,HQNSSSPPPT,CDR3,K,10,3,disclosed_binder_claim,,fv_domain_vl,USPTO patent sequences,TNFB02252;TNFB02295;TNFB02371,Immunobinders directed against TNF
TNFCDR02273,HQNSSSPSTT,CDR3,K,10,1,disclosed_binder_claim,,fv_domain_vl,USPTO patent sequences,TNFB02398,Immunobinders directed against TNF
TNFCDR02274,HQNTSLPPPT,CDR3,K,10,1,disclosed_binder_claim,,fv_domain_vl,USPTO patent sequences,TNFB02432,Immunobinders directed against TNF
TNFCDR02275,HQNWSLPLPT,CDR3,K,10,1,disclosed_binder_claim,,fv_domain_vl,USPTO patent sequences,TNFB02408,Immunobinders directed against TNF
TNFCDR02276,HQPCRLPPST,CDR3,K,10,1,disclosed_binder_claim,,fv_domain_vl,USPTO patent sequences,TNFB02300,Immunobinders directed against TNF
TNFCDR02277,HQPICSPPRT,CDR3,K,10,1,disclosed_binder_claim,,fv_domain_vl,USPTO patent sequences,TNFB02260,Immunobinders directed against TNF
TNFCDR02278,HQPSTSPRPT,CDR3,K,10,1,disclosed_binder_claim,,fv_domain_vl,USPTO patent sequences,TNFB02367,Immunobinders directed against TNF
TNFCDR02279,HQRCCSPTQT,CDR3,K,10,1,disclosed_binder_claim,,fv_domain_vl,USPTO patent sequences,TNFB02417,Immunobinders directed against TNF
TNFCDR02280,HQRCSLPPPT,CDR3,K,10,1,disclosed_binder_claim,,fv_domain_vl,USPTO patent sequences,TNFB02447,Immunobinders directed against TNF
TNFCDR02281,HQRCTSPSPT,CDR3,K,10,1,disclosed_binder_claim,,fv_domain_vl,USPTO patent sequences,TNFB02249,Immunobinders directed against TNF
TNFCDR02282,HQRCVSPSPT,CDR3,K,10,1,disclosed_binder_claim,,fv_domain_vl,USPTO patent sequences,TNFB02313,Immunobinders directed against TNF
TNFCDR02283,HQRGRLPPRT,CDR3,K,10,1,disclosed_binder_claim,,fv_domain_vl,USPTO patent sequences,TNFB02246,Immunobinders directed against TNF
TNFCDR02284,HQRGSSPPRT,CDR3,K,10,1,disclosed_binder_claim,,fv_domain_vl,USPTO patent sequences,TNFB02393,Immunobinders directed against TNF
TNFCDR02285,HQRHSSPRAT,CDR3,K,10,1,disclosed_binder_claim,,fv_domain_vl,USPTO patent sequences,TNFB02354,Immunobinders directed against TNF
TNFCDR02286,HQRISSPPST,CDR3,K,10,1,disclosed_binder_claim,,fv_domain_vl,USPTO patent sequences,TNFB02433,Immunobinders directed against TNF
TNFCDR02287,HQRKSSPTPT,CDR3,K,10,1,disclosed_binder_claim,,fv_domain_vl,USPTO patent sequences,TNFB02430,Immunobinders directed against TNF
TNFCDR02288,HQRRNSPPPT,CDR3,K,10,1,disclosed_binder_claim,,fv_domain_vl,USPTO patent sequences,TNFB02401,Immunobinders directed against TNF
TNFCDR02289,HQRRNSPPST,CDR3,K,10,1,disclosed_binder_claim,,fv_domain_vl,USPTO patent sequences,TNFB02406,Immunobinders directed against TNF
TNFCDR02290,HQRRSSPRHT,CDR3,K,10,1,disclosed_binder_claim,,fv_domain_vl,USPTO patent sequences,TNFB02318,Immunobinders directed against TNF
TNFCDR02291,HQRRWSPPPT,CDR3,K,10,1,disclosed_binder_claim,,fv_domain_vl,USPTO patent sequences,TNFB02372,Immunobinders directed against TNF
TNFCDR02292,HQRSASPPPT,CDR3,K,10,1,disclosed_binder_claim,,fv_domain_vl,USPTO patent sequences,TNFB02243,Immunobinders directed against TNF
TNFCDR02293,HQRSNLPAPT,CDR3,K,10,1,disclosed_binder_claim,,fv_domain_vl,USPTO patent sequences,TNFB02399,Immunobinders directed against TNF
TNFCDR02294,HQRSNSPHRT,CDR3,K,10,1,disclosed_binder_claim,,fv_domain_vl,USPTO patent sequences,TNFB02391,Immunobinders directed against TNF
TNFCDR02295,HQRSRSPPST,CDR3,K,10,1,disclosed_binder_claim,,fv_domain_vl,USPTO patent sequences,TNFB02325,Immunobinders directed against TNF
TNFCDR02296,HQRSSLPLPT,CDR3,K,10,1,disclosed_binder_claim,,fv_domain_vl,USPTO patent sequences,TNFB02334,Immunobinders directed against TNF
TNFCDR02297,HQRSSLPPST,CDR3,K,10,1,disclosed_binder_claim,,fv_domain_vl,USPTO patent sequences,TNFB02443,Immunobinders directed against TNF
TNFCDR02298,HQRSSLPQPT,CDR3,K,10,1,disclosed_binder_claim,,fv_domain_vl,USPTO patent sequences,TNFB02344,Immunobinders directed against TNF
TNFCDR02299,HQRSSLPTPT,CDR3,K,10,2,disclosed_binder_claim,,fv_domain_vl,USPTO patent sequences,TNFB02345;TNFB02373,Immunobinders directed against TNF
TNFCDR02300,HQRSSSPPLT,CDR3,K,10,1,disclosed_binder_claim,,fv_domain_vl,USPTO patent sequences,TNFB02388,Immunobinders directed against TNF
TNFCDR02301,HQRSSSPPPT,CDR3,K,10,1,disclosed_binder_claim,,fv_domain_vl,USPTO patent sequences,TNFB02445,Immunobinders directed against TNF
TNFCDR02302,HQRSSSPSPT,CDR3,K,10,1,disclosed_binder_claim,,fv_domain_vl,USPTO patent sequences,TNFB02394,Immunobinders directed against TNF
TNFCDR02303,HQRTSSPVRT,CDR3,K,10,1,disclosed_binder_claim,,fv_domain_vl,USPTO patent sequences,TNFB02374,Immunobinders directed against TNF
TNFCDR02304,HQRWGLPMPT,CDR3,K,10,1,disclosed_binder_claim,,fv_domain_vl,USPTO patent sequences,TNFB02431,Immunobinders directed against TNF
TNFCDR02305,HQSACLPTRT,CDR3,K,10,1,disclosed_binder_claim,,fv_domain_vl,USPTO patent sequences,TNFB02254,Immunobinders directed against TNF
TNFCDR02306,HQSCGLPPPT,CDR3,K,10,1,disclosed_binder_claim,,fv_domain_vl,USPTO patent sequences,TNFB02364,Immunobinders directed against TNF
TNFCDR02307,HQSCMSPSLT,CDR3,K,10,1,disclosed_binder_claim,,fv_domain_vl,USPTO patent sequences,TNFB02347,Immunobinders directed against TNF
TNFCDR02308,HQSCSSPLVT,CDR3,K,10,1,disclosed_binder_claim,,fv_domain_vl,USPTO patent sequences,TNFB02294,Immunobinders directed against TNF
TNFCDR02309,HQSCSSPPST,CDR3,K,10,1,disclosed_binder_claim,,fv_domain_vl,USPTO patent sequences,TNFB02440,Immunobinders directed against TNF
TNFCDR02310,HQSCSSPRHT,CDR3,K,10,1,disclosed_binder_claim,,fv_domain_vl,USPTO patent sequences,TNFB02350,Immunobinders directed against TNF
TNFCDR02311,HQSGGSPPWT,CDR3,K,10,1,disclosed_binder_claim,,fv_domain_vl,USPTO patent sequences,TNFB02368,Immunobinders directed against TNF
TNFCDR02312,HQSGISPPTT,CDR3,K,10,1,disclosed_binder_claim,,fv_domain_vl,USPTO patent sequences,TNFB02338,Immunobinders directed against TNF
TNFCDR02313,HQSGRLPPPT,CDR3,K,10,1,disclosed_binder_claim,,fv_domain_vl,USPTO patent sequences,TNFB02360,Immunobinders directed against TNF
TNFCDR02314,HQSGRSPPHT,CDR3,K,10,1,disclosed_binder_claim,,fv_domain_vl,USPTO patent sequences,TNFB02424,Immunobinders directed against TNF
TNFCDR02315,HQSGSLPTLT,CDR3,K,10,1,disclosed_binder_claim,,fv_domain_vl,USPTO patent sequences,TNFB02317,Immunobinders directed against TNF
TNFCDR02316,HQSGSSPPPT,CDR3,K,10,1,disclosed_binder_claim,,fv_domain_vl,USPTO patent sequences,TNFB02286,Immunobinders directed against TNF
TNFCDR02317,HQSGSSPPRT,CDR3,K,10,1,disclosed_binder_claim,,fv_domain_vl,USPTO patent sequences,TNFB02359,Immunobinders directed against TNF
TNFCDR02318,HQSGSSPQAT,CDR3,K,10,1,disclosed_binder_claim,,fv_domain_vl,USPTO patent sequences,TNFB02358,Immunobinders directed against TNF
TNFCDR02319,HQSIDSPPPT,CDR3,K,10,1,disclosed_binder_claim,,fv_domain_vl,USPTO patent sequences,TNFB02326,Immunobinders directed against TNF
TNFCDR02320,HQSIGLPPTT,CDR3,K,10,1,disclosed_binder_claim,,fv_domain_vl,USPTO patent sequences,TNFB02244,Immunobinders directed against TNF
TNFCDR02321,HQSIGSPPLT,CDR3,K,10,1,disclosed_binder_claim,,fv_domain_vl,USPTO patent sequences,TNFB02289,Immunobinders directed against TNF
TNFCDR02322,HQSIKSPPAT,CDR3,K,10,1,disclosed_binder_claim,,fv_domain_vl,USPTO patent sequences,TNFB02261,Immunobinders directed against TNF
TNFCDR02323,HQSIRLPPST,CDR3,K,10,1,disclosed_binder_claim,,fv_domain_vl,USPTO patent sequences,TNFB02390,Immunobinders directed against TNF
TNFCDR02324,HQSISLPPPT,CDR3,K,10,1,disclosed_binder_claim,,fv_domain_vl,USPTO patent sequences,TNFB02296,Immunobinders directed against TNF
TNFCDR02325,HQSISSPSPT,CDR3,K,10,1,disclosed_binder_claim,,fv_domain_vl,USPTO patent sequences,TNFB02263,Immunobinders directed against TNF
TNFCDR02326,HQSLRLPPQT,CDR3,K,10,1,disclosed_binder_claim,,fv_domain_vl,USPTO patent sequences,TNFB02292,Immunobinders directed against TNF
TNFCDR02327,HQSMSLPSAT,CDR3,K,10,1,disclosed_binder_claim,,fv_domain_vl,USPTO patent sequences,TNFB02375,Immunobinders directed against TNF
TNFCDR02328,HQSNCLPPPT,CDR3,K,10,1,disclosed_binder_claim,,fv_domain_vl,USPTO patent sequences,TNFB02395,Immunobinders directed against TNF
TNFCDR02329,HQSNCSPAHT,CDR3,K,10,1,disclosed_binder_claim,,fv_domain_vl,USPTO patent sequences,TNFB02413,Immunobinders directed against TNF
TNFCDR02330,HQSNISPPPT,CDR3,K,10,1,disclosed_binder_claim,,fv_domain_vl,USPTO patent sequences,TNFB02450,Immunobinders directed against TNF
TNFCDR02331,HQSNRSPPPT,CDR3,K,10,1,disclosed_binder_claim,,fv_domain_vl,USPTO patent sequences,TNFB02255,Immunobinders directed against TNF
TNFCDR02332,HQSNSLPAPT,CDR3,K,10,1,disclosed_binder_claim,,fv_domain_vl,USPTO patent sequences,TNFB02279,Immunobinders directed against TNF
TNFCDR02333,HQSNSSPLST,CDR3,K,10,1,disclosed_binder_claim,,fv_domain_vl,USPTO patent sequences,TNFB02250,Immunobinders directed against TNF
TNFCDR02334,HQSRISPLPT,CDR3,K,10,1,disclosed_binder_claim,,fv_domain_vl,USPTO patent sequences,TNFB02342,Immunobinders directed against TNF
TNFCDR02335,HQSRISPPPT,CDR3,K,10,1,disclosed_binder_claim,,fv_domain_vl,USPTO patent sequences,TNFB02282,Immunobinders directed against TNF
TNFCDR02336,HQSRNLPPRT,CDR3,K,10,1,disclosed_binder_claim,,fv_domain_vl,USPTO patent sequences,TNFB02389,Immunobinders directed against TNF
TNFCDR02337,HQSRNSPPTT,CDR3,K,10,1,disclosed_binder_claim,,fv_domain_vl,USPTO patent sequences,TNFB02381,Immunobinders directed against TNF
TNFCDR02338,HQSRNSPQPT,CDR3,K,10,1,disclosed_binder_claim,,fv_domain_vl,USPTO patent sequences,TNFB02335,Immunobinders directed against TNF
TNFCDR02339,HQSRSSPLST,CDR3,K,10,1,disclosed_binder_claim,,fv_domain_vl,USPTO patent sequences,TNFB02274,Immunobinders directed against TNF
TNFCDR02340,HQSRSSPPPT,CDR3,K,10,2,disclosed_binder_claim,,fv_domain_vl,USPTO patent sequences,TNFB02276;TNFB02298,Immunobinders directed against TNF
TNFCDR02341,HQSRSSPPST,CDR3,K,10,1,disclosed_binder_claim,,fv_domain_vl,USPTO patent sequences,TNFB02429,Immunobinders directed against TNF
TNFCDR02342,HQSRSSPQQT,CDR3,K,10,1,disclosed_binder_claim,,fv_domain_vl,USPTO patent sequences,TNFB02264,Immunobinders directed against TNF
TNFCDR02343,HQSRSSPSPT,CDR3,K,10,1,disclosed_binder_claim,,fv_domain_vl,USPTO patent sequences,TNFB02376,Immunobinders directed against TNF
TNFCDR02344,HQSRVLPPPT,CDR3,K,10,1,disclosed_binder_claim,,fv_domain_vl,USPTO patent sequences,TNFB02365,Immunobinders directed against TNF
TNFCDR02345,HQSSCLPRPT,CDR3,K,10,1,disclosed_binder_claim,,fv_domain_vl,USPTO patent sequences,TNFB02283,Immunobinders directed against TNF
TNFCDR02346,HQSSCSPAHT,CDR3,K,10,1,disclosed_binder_claim,,fv_domain_vl,USPTO patent sequences,TNFB02357,Immunobinders directed against TNF
TNFCDR02347,HQSSCSPQAT,CDR3,K,10,1,disclosed_binder_claim,,fv_domain_vl,USPTO patent sequences,TNFB02305,Immunobinders directed against TNF
TNFCDR02348,HQSSCSPTPT,CDR3,K,10,1,disclosed_binder_claim,,fv_domain_vl,USPTO patent sequences,TNFB02306,Immunobinders directed against TNF
TNFCDR02349,HQSSDSPAPT,CDR3,K,10,1,disclosed_binder_claim,,fv_domain_vl,USPTO patent sequences,TNFB02416,Immunobinders directed against TNF
TNFCDR02350,HQSSGSPAPT,CDR3,K,10,1,disclosed_binder_claim,,fv_domain_vl,USPTO patent sequences,TNFB02404,Immunobinders directed against TNF
TNFCDR02351,HQSSGSPPPT,CDR3,K,10,1,disclosed_binder_claim,,fv_domain_vl,USPTO patent sequences,TNFB02271,Immunobinders directed against TNF
TNFCDR02352,HQSSHSPPPT,CDR3,K,10,1,disclosed_binder_claim,,fv_domain_vl,USPTO patent sequences,TNFB02419,Immunobinders directed against TNF
TNFCDR02353,HQSSILPRPT,CDR3,K,10,1,disclosed_binder_claim,,fv_domain_vl,USPTO patent sequences,TNFB02341,Immunobinders directed against TNF
TNFCDR02354,HQSSILPSLT,CDR3,K,10,1,disclosed_binder_claim,,fv_domain_vl,USPTO patent sequences,TNFB02314,Immunobinders directed against TNF
TNFCDR02355,HQSSISPPAT,CDR3,K,10,2,disclosed_binder_claim,,fv_domain_vl,USPTO patent sequences,TNFB02281;TNFB02439,Immunobinders directed against TNF
TNFCDR02356,HQSSISPPPT,CDR3,K,10,1,disclosed_binder_claim,,fv_domain_vl,USPTO patent sequences,TNFB02427,Immunobinders directed against TNF
TNFCDR02357,HQSSISPRRT,CDR3,K,10,1,disclosed_binder_claim,,fv_domain_vl,USPTO patent sequences,TNFB02409,Immunobinders directed against TNF
TNFCDR02358,HQSSKSPPPT,CDR3,K,10,1,disclosed_binder_claim,,fv_domain_vl,USPTO patent sequences,TNFB02362,Immunobinders directed against TNF
TNFCDR02359,HQSSLLPAPT,CDR3,K,10,1,disclosed_binder_claim,,fv_domain_vl,USPTO patent sequences,TNFB02280,Immunobinders directed against TNF
TNFCDR02360,HQSSNLPPPT,CDR3,K,10,1,disclosed_binder_claim,,fv_domain_vl,USPTO patent sequences,TNFB02272,Immunobinders directed against TNF
TNFCDR02361,HQSSNLPSPT,CDR3,K,10,1,disclosed_binder_claim,,fv_domain_vl,USPTO patent sequences,TNFB02363,Immunobinders directed against TNF
TNFCDR02362,HQSSNSPRYT,CDR3,K,10,1,disclosed_binder_claim,,fv_domain_vl,USPTO patent sequences,TNFB02422,Immunobinders directed against TNF
TNFCDR02363,HQSSRLPPLT,CDR3,K,10,1,disclosed_binder_claim,,fv_domain_vl,USPTO patent sequences,TNFB02420,Immunobinders directed against TNF
TNFCDR02364,HQSSRLPPQT,CDR3,K,10,1,disclosed_binder_claim,,fv_domain_vl,USPTO patent sequences,TNFB02297,Immunobinders directed against TNF
TNFCDR02365,HQSSRLPPST,CDR3,K,10,1,disclosed_binder_claim,,fv_domain_vl,USPTO patent sequences,TNFB02377,Immunobinders directed against TNF
TNFCDR02366,HQSSRSPAPT,CDR3,K,10,1,disclosed_binder_claim,,fv_domain_vl,USPTO patent sequences,TNFB02304,Immunobinders directed against TNF
TNFCDR02367,HQSSRSPFRT,CDR3,K,10,1,disclosed_binder_claim,,fv_domain_vl,USPTO patent sequences,TNFB02336,Immunobinders directed against TNF
TNFCDR02368,HQSSRSPPRT,CDR3,K,10,1,disclosed_binder_claim,,fv_domain_vl,USPTO patent sequences,TNFB02266,Immunobinders directed against TNF
TNFCDR02369,HQSSRSPPTT,CDR3,K,10,1,disclosed_binder_claim,,fv_domain_vl,USPTO patent sequences,TNFB02323,Immunobinders directed against TNF
TNFCDR02370,HQSSSLPAPT,CDR3,K,10,1,disclosed_binder_claim,,fv_domain_vl,USPTO patent sequences,TNFB02361,Immunobinders directed against TNF
TNFCDR02371,HQSSSLPHPT,CDR3,K,10,2,disclosed_binder_claim,,fv_domain_vl,USPTO patent sequences,TNFB02348;TNFB02426,Immunobinders directed against TNF
TNFCDR02372,HQSSSLPLPT,CDR3,K,10,1,disclosed_binder_claim,,fv_domain_vl,USPTO patent sequences,TNFB02262,Immunobinders directed against TNF
TNFCDR02373,HQSSSLPNTT,CDR3,K,10,1,disclosed_binder_claim,,fv_domain_vl,USPTO patent sequences,TNFB02351,Immunobinders directed against TNF
TNFCDR02374,HQSSSLPPPT,CDR3,K,10,5,disclosed_binder_claim,,fv_domain_vl,USPTO patent sequences,TNFB02140;TNFB02299;TNFB02322;TNFB02414;TNFB02415,Immunobinders directed against TNF
TNFCDR02375,HQSSSLPPQT,CDR3,K,10,2,disclosed_binder_claim,,fv_domain_vl,USPTO patent sequences,TNFB02288;TNFB02449,Immunobinders directed against TNF
TNFCDR02376,HQSSSLPRPT,CDR3,K,10,1,disclosed_binder_claim,,fv_domain_vl,USPTO patent sequences,TNFB02353,Immunobinders directed against TNF
TNFCDR02377,HQSSSLPSHT,CDR3,K,10,1,disclosed_binder_claim,,fv_domain_vl,USPTO patent sequences,TNFB02284,Immunobinders directed against TNF
TNFCDR02378,HQSSSSPART,CDR3,K,10,1,disclosed_binder_claim,,fv_domain_vl,USPTO patent sequences,TNFB02315,Immunobinders directed against TNF
TNFCDR02379,HQSSSSPPPT,CDR3,K,10,7,disclosed_binder_claim,,fv_domain_vl,USPTO patent sequences,TNFB02212;TNFB02242;TNFB02257;TNFB02320;TNFB02378;TNFB02379;TNFB02437,Bispecific antibodies directed against TNF-alpha and IL-17 | Immunobinders directed against TNF
TNFCDR02380,HQSSSSPPST,CDR3,K,10,1,disclosed_binder_claim,,fv_domain_vl,USPTO patent sequences,TNFB02382,Immunobinders directed against TNF
TNFCDR02381,HQSSSSPPVT,CDR3,K,10,1,disclosed_binder_claim,,fv_domain_vl,USPTO patent sequences,TNFB02337,Immunobinders directed against TNF
TNFCDR02382,HQSSSSPRPT,CDR3,K,10,1,disclosed_binder_claim,,fv_domain_vl,USPTO patent sequences,TNFB02448,Immunobinders directed against TNF
TNFCDR02383,HQSSSSPSPT,CDR3,K,10,1,disclosed_binder_claim,,fv_domain_vl,USPTO patent sequences,TNFB02446,Immunobinders directed against TNF
TNFCDR02384,HQSSSSPSST,CDR3,K,10,1,disclosed_binder_claim,,fv_domain_vl,USPTO patent sequences,TNFB02308,Immunobinders directed against TNF
TNFCDR02385,HQSSSSPTLT,CDR3,K,10,1,disclosed_binder_claim,,fv_domain_vl,USPTO patent sequences,TNFB02251,Immunobinders directed against TNF
TNFCDR02386,HQSSSSPTPT,CDR3,K,10,1,disclosed_binder_claim,,fv_domain_vl,USPTO patent sequences,TNFB02383,Immunobinders directed against TNF
TNFCDR02387,HQSSTLPPPT,CDR3,K,10,1,disclosed_binder_claim,,fv_domain_vl,USPTO patent sequences,TNFB02309,Immunobinders directed against TNF
TNFCDR02388,HQSSTSPPAT,CDR3,K,10,1,disclosed_binder_claim,,fv_domain_vl,USPTO patent sequences,TNFB02442,Immunobinders directed against TNF
TNFCDR02389,HQSTCLPPRT,CDR3,K,10,1,disclosed_binder_claim,,fv_domain_vl,USPTO patent sequences,TNFB02247,Immunobinders directed against TNF
TNFCDR02390,HQSTSLPRLT,CDR3,K,10,1,disclosed_binder_claim,,fv_domain_vl,USPTO patent sequences,TNFB02400,Immunobinders directed against TNF
TNFCDR02391,HQSTSSPPPT,CDR3,K,10,1,disclosed_binder_claim,,fv_domain_vl,USPTO patent sequences,TNFB02421,Immunobinders directed against TNF
TNFCDR02392,HQSWSSPIPT,CDR3,K,10,1,disclosed_binder_claim,,fv_domain_vl,USPTO patent sequences,TNFB02387,Immunobinders directed against TNF
TNFCDR02393,HQSWSSPLMT,CDR3,K,10,1,disclosed_binder_claim,,fv_domain_vl,USPTO patent sequences,TNFB02265,Immunobinders directed against TNF
TNFCDR02394,HQTISSPLPT,CDR3,K,10,1,disclosed_binder_claim,,fv_domain_vl,USPTO patent sequences,TNFB02444,Immunobinders directed against TNF
TNFCDR02395,HQTMTSPPPT,CDR3,K,10,1,disclosed_binder_claim,,fv_domain_vl,USPTO patent sequences,TNFB02428,Immunobinders directed against TNF
TNFCDR02396,HQTNRSPPPT,CDR3,K,10,1,disclosed_binder_claim,,fv_domain_vl,USPTO patent sequences,TNFB02380,Immunobinders directed against TNF
TNFCDR02397,HQTNSLPPRT,CDR3,K,10,1,disclosed_binder_claim,,fv_domain_vl,USPTO patent sequences,TNFB02291,Immunobinders directed against TNF
TNFCDR02398,HQTRTSPPLT,CDR3,K,10,1,disclosed_binder_claim,,fv_domain_vl,USPTO patent sequences,TNFB02352,Immunobinders directed against TNF
TNFCDR02399,HQTSGSPSHT,CDR3,K,10,1,disclosed_binder_claim,,fv_domain_vl,USPTO patent sequences,TNFB02302,Immunobinders directed against TNF
TNFCDR02400,HQTSRSPLHT,CDR3,K,10,1,disclosed_binder_claim,,fv_domain_vl,USPTO patent sequences,TNFB02303,Immunobinders directed against TNF
TNFCDR02401,HQTSSLPLPT,CDR3,K,10,1,disclosed_binder_claim,,fv_domain_vl,USPTO patent sequences,TNFB02275,Immunobinders directed against TNF
TNFCDR02402,HQTSSLPPPT,CDR3,K,10,1,disclosed_binder_claim,,fv_domain_vl,USPTO patent sequences,TNFB02259,Immunobinders directed against TNF
TNFCDR02403,HQTSSLPTPT,CDR3,K,10,1,disclosed_binder_claim,,fv_domain_vl,USPTO patent sequences,TNFB02438,Immunobinders directed against TNF
TNFCDR02404,HQTSTLPPQT,CDR3,K,10,1,disclosed_binder_claim,,fv_domain_vl,USPTO patent sequences,TNFB02324,Immunobinders directed against TNF
TNFCDR02405,HQWSSSPPPT,CDR3,K,10,1,disclosed_binder_claim,,fv_domain_vl,USPTO patent sequences,TNFB02343,Immunobinders directed against TNF
TNFCDR02406,HQXXXXPXXT,CDR3,K,10,1,disclosed_binder_claim,,fv_domain_vl,USPTO patent sequences,TNFB02465,Bispecific antibodies directed against TNF-alpha and IL-17 | Immunobinders directed against TNF
TNFCDR02407,MQRIEFPPGT,CDR3,K,10,1,disclosed_binder_claim,,fv_domain_vl,USPTO patent sequences,TNFB02626,Bispecific antibodies directed against TNF-alpha and IL-17 | Immunobinders directed against TNF
TNFCDR02408,QGYVKEHQYP,CDR3,K,10,1,disclosed_binder_claim,,fv_domain_vl,PLAbDab;USPTO patent sequences,TNFB02505,TNF-alpha-neutralizing antibodies || TNF-alpha-neutralizing antibodies | TNF.alpha.-neutralizing antibodies
TNFCDR02409,QKYGDSPLYT,CDR3,K,10,1,disclosed_binder_claim,,fv_domain_vl,PLAbDab,TNFB02473,Gene segments encoding variable domains of anti-TNF antibodies in health and multiple sclerosis
TNFCDR02410,QNNVAILGTA,CDR3,K,10,1,disclosed_binder_claim,,fv_domain_vl,PLAbDab;USPTO patent sequences,TNFB02463,TNF-alpha-neutralizing antibodies || TNF-alpha-neutralizing antibodies | TNF.alpha.-neutralizing antibodies
TNFCDR02411,QQRSNWPPFT,CDR3,K,10,6,confirmed_binder,Golimumab (Whole mAb) [Thera-SAbDab via PLAbDab Golimumab] ; Golimumab [PDB 5YOY_2],fv_domain_vl;igg_chain_light;igg_fv,PLAbDab;RCSB PDB;USPTO patent sequences,TNFB00009;TNFB02235;TNFB02236;TNFB02237;TNFB02558;TNFB03096,Structural basis for tumor necrosis factor blockade with the therapeutic antibody golimumab (Protein Sci 2018)
TNFCDR02412,QQSYNWPTFT,CDR3,K,10,1,disclosed_binder_claim,,fv_domain_vl,PLAbDab,TNFB01788,Characterization of the neutralizing activity of three anti-human TNF monoclonal antibodies and prediction of their TNF epitopes by molecular modeling and mutant protein approach
TNFCDR02413,QQWSDYSPRT,CDR3,K,10,2,disclosed_binder_claim,,fv_domain_vl,USPTO patent sequences,TNFB02146;TNFB02148,Humanized anti-human tumor necrosis factor alpha monoclonal antibody and sequence thereof
TNFCDR02414,QQYGSSPMCS,CDR3,K,10,1,disclosed_binder_claim,,fv_domain_vl,USPTO patent sequences,TNFB02480,Humanized anti-human tumor necrosis factor alpha monoclonal antibody and sequence thereof
TNFCDR02415,QSHHGSNSDS,CDR3,K,10,1,disclosed_binder_claim,,fv_domain_vl,USPTO patent sequences,TNFB02677,Antibodies to TNF alpha and use thereof | Antibodies to TNF-alpha and use thereof
TNFCDR02416,QSNHGSNGDS,CDR3,K,10,2,disclosed_binder_claim,,fv_domain_vl,USPTO patent sequences,TNFB02672;TNFB02675,Antibodies to TNF alpha and use thereof | Antibodies to TNF-alpha and use thereof
TNFCDR02417,QSNHGSNSDS,CDR3,K,10,2,disclosed_binder_claim,,fv_domain_vl,USPTO patent sequences,TNFB02674;TNFB02681,Antibodies to TNF alpha and use thereof | Antibodies to TNF-alpha and use thereof
TNFCDR02418,QSNYGANSDS,CDR3,K,10,1,disclosed_binder_claim,,fv_domain_vl,USPTO patent sequences,TNFB02671,Antibodies to TNF alpha and use thereof | Antibodies to TNF-alpha and use thereof
TNFCDR02419,QSNYGSDSDS,CDR3,K,10,1,disclosed_binder_claim,,fv_domain_vl,USPTO patent sequences,TNFB02679,Antibodies to TNF alpha and use thereof | Antibodies to TNF-alpha and use thereof
TNFCDR02420,QSNYGSNDNS,CDR3,K,10,1,disclosed_binder_claim,,fv_domain_vl,USPTO patent sequences,TNFB02665,Antibodies to TNF alpha and use thereof | Antibodies to TNF-alpha and use thereof
TNFCDR02421,QSNYGSNSDS,CDR3,K,10,4,disclosed_binder_claim,,fv_domain_vl,PLAbDab;USPTO patent sequences,TNFB01657;TNFB02676;TNFB02678;TNFB02680,Antibodies to TNF alpha and use thereof
TNFCDR02422,QSNYGSNSHS,CDR3,K,10,1,disclosed_binder_claim,,fv_domain_vl,USPTO patent sequences,TNFB02666,Antibodies to TNF alpha and use thereof | Antibodies to TNF-alpha and use thereof
TNFCDR02423,QTNHGSNSDS,CDR3,K,10,2,disclosed_binder_claim,,fv_domain_vl,USPTO patent sequences,TNFB02667;TNFB02673,Antibodies to TNF alpha and use thereof | Antibodies to TNF-alpha and use thereof
TNFCDR02424,QTSHGSNSDS,CDR3,K,10,2,disclosed_binder_claim,,fv_domain_vl,USPTO patent sequences,TNFB02668;TNFB02670,Antibodies to TNF alpha and use thereof | Antibodies to TNF-alpha and use thereof
TNFCDR02425,QTSHGSNSES,CDR3,K,10,1,disclosed_binder_claim,,fv_domain_vl,USPTO patent sequences,TNFB02669,Antibodies to TNF alpha and use thereof | Antibodies to TNF-alpha and use thereof
TNFCDR02426,QGNFNTGDRYA,CDR3,K,11,11,disclosed_binder_claim,Licaminlimab (scFv) [Thera-SAbDab via PLAbDab Licaminlimab],fv_domain_vl,PLAbDab;USPTO patent sequences,TNFB02526;TNFB02535;TNFB02536;TNFB02537;TNFB02547;TNFB02559;TNFB02574;TNFB02575;TNFB02576;TNFB02611;TNFB02615,Stable and soluble antibodies inhibiting TNF alpha || Stable and soluble antibodies inhibiting TNF-alpha
TNFCDR02427,QQRSNWPPGLT,CDR3,K,11,1,disclosed_binder_claim,,fv_domain_vl,PLAbDab,TNFB02472,Gene segments encoding variable domains of anti-TNF antibodies in health and multiple sclerosis
TNFCDR02428,QQYDNLPPELT,CDR3,K,11,3,disclosed_binder_claim,,fv_domain_vl;igg_chain_light,PLAbDab;USPTO patent sequences,TNFB02467;TNFB02520;TNFB03097,"Fully human anti-TNF-alpha monoclonal antibody, preparation method and use thereof"
TNFCDR02429,AGYKNWLSDDHG,CDR3,K,12,1,disclosed_binder_claim,,fv_domain_vl,PLAbDab;USPTO patent sequences,TNFB02579,TNF-alpha-neutralizing antibodies || TNF-alpha-neutralizing antibodies | TNF.alpha.-neutralizing antibodies
TNFCDR02430,AGYTRGKGDNSA,CDR3,K,12,1,disclosed_binder_claim,,fv_domain_vl,PLAbDab;USPTO patent sequences,TNFB02578,TNF-alpha-neutralizing antibodies || TNF-alpha-neutralizing antibodies | TNF.alpha.-neutralizing antibodies
TNFCDR02431,QGTYYTSNWLNA,CDR3,K,12,9,disclosed_binder_claim,,fv_domain_vl,PLAbDab;USPTO patent sequences,TNFB02519;TNFB02523;TNFB02524;TNFB02552;TNFB02555;TNFB02556;TNFB02589;TNFB02595;TNFB02596,Anti-TNF-alpha-antibodies and functional fragments thereof
TNFCDR02432,QQGFATSNVENP,CDR3,K,12,8,disclosed_binder_claim,,fv_domain_vl,PLAbDab;USPTO patent sequences,TNFB02227;TNFB02483;TNFB02484;TNFB02512;TNFB02529;TNFB02530;TNFB02564;TNFB02565,TNF-alpha-neutralizing antibodies
TNFCDR02433,QQGFGTNNVENP,CDR3,K,12,2,disclosed_binder_claim,,fv_domain_vl,PLAbDab;USPTO patent sequences,TNFB02226;TNFB02511,TNF-alpha-neutralizing antibodies
TNFCDR02434,QQGFGTSNVENP,CDR3,K,12,14,disclosed_binder_claim,,fv_domain_vl,PLAbDab;USPTO patent sequences,TNFB02225;TNFB02228;TNFB02485;TNFB02486;TNFB02510;TNFB02513;TNFB02516;TNFB02517;TNFB02531;TNFB02532;TNFB02566;TNFB02567,Anti-TNF-alpha antibody
TNFCDR02435,QQGFSSSNVDNF,CDR3,K,12,2,disclosed_binder_claim,,fv_domain_vl,PLAbDab;USPTO patent sequences,TNFB02222;TNFB02508,TNF-alpha-neutralizing antibodies
TNFCDR02436,QQGFSTNEIDNT,CDR3,K,12,1,disclosed_binder_claim,,fv_domain_vl,PLAbDab;USPTO patent sequences,TNFB02501,TNF-alpha-neutralizing antibodies || TNF-alpha-neutralizing antibodies | TNF.alpha.-neutralizing antibodies
TNFCDR02437,QQGHSISDVDNL,CDR3,K,12,2,disclosed_binder_claim,,fv_domain_vl,PLAbDab;USPTO patent sequences,TNFB02221;TNFB02507,TNF-alpha-neutralizing antibodies
TNFCDR02438,QQGWSDSYVDNL,CDR3,K,12,14,disclosed_binder_claim,,fv_domain_vl,PLAbDab;USPTO patent sequences,TNFB02223;TNFB02481;TNFB02482;TNFB02487;TNFB02488;TNFB02489;TNFB02490;TNFB02499;TNFB02560;TNFB02561;TNFB02568;TNFB02569,TNF-alpha-neutralizing antibodies
TNFCDR02439,QQGWSHTNVDNT,CDR3,K,12,8,disclosed_binder_claim,,fv_domain_vl,PLAbDab;USPTO patent sequences,TNFB02224;TNFB02491;TNFB02492;TNFB02509;TNFB02533;TNFB02534;TNFB02572;TNFB02573,TNF-alpha-neutralizing antibodies
TNFCDR02440,QQGYSGSNVDNV,CDR3,K,12,2,disclosed_binder_claim,,fv_domain_vl,USPTO patent sequences,TNFB02550;TNFB02557,Antibodies to TNF-alpha and use thereof
TNFCDR02441,QQSHSTSNIDNA,CDR3,K,12,2,disclosed_binder_claim,,fv_domain_vl,PLAbDab;USPTO patent sequences,TNFB02220;TNFB02506,TNF-alpha-neutralizing antibodies
TNFCDR02442,QQTYSDNNVDNA,CDR3,K,12,1,disclosed_binder_claim,,fv_domain_vl,USPTO patent sequences,TNFB02653,Antibodies to TNF alpha and use thereof | Antibodies to TNF-alpha and use thereof
TNFCDR02443,QSYHDGSGTTFS,CDR3,K,12,1,disclosed_binder_claim,,fv_domain_vl,PLAbDab;USPTO patent sequences,TNFB02515,TNF-alpha-neutralizing antibodies || TNF-alpha-neutralizing antibodies | TNF.alpha.-neutralizing antibodies
TNFCDR02444,QYTDPGSGDDSP,CDR3,K,12,1,disclosed_binder_claim,,fv_domain_vl,PLAbDab;USPTO patent sequences,TNFB02525,TNF-alpha-neutralizing antibodies || TNF-alpha-neutralizing antibodies | TNF.alpha.-neutralizing antibodies
TNFCDR02445,LGVYAYSSDDGAA,CDR3,K,13,1,disclosed_binder_claim,,fv_domain_vl,PLAbDab;USPTO patent sequences,TNFB02546,TNF-alpha-neutralizing antibodies || TNF-alpha-neutralizing antibodies | TNF.alpha.-neutralizing antibodies
TNFCDR02446,LGVYGYSSDDGAA,CDR3,K,13,7,disclosed_binder_claim,,fv_domain_vl,PLAbDab;USPTO patent sequences,TNFB02527;TNFB02528;TNFB02545;TNFB02562;TNFB02563;TNFB02612;TNFB02613,Stable and soluble antibodies inhibiting TNF alpha || Stable and soluble antibodies inhibiting TNF-alpha
TNFCDR02447,QCTYYEPSYVFRA,CDR3,K,13,6,disclosed_binder_claim,,fv_domain_vl,PLAbDab;USPTO patent sequences,TNFB02518;TNFB02521;TNFB02551;TNFB02553;TNFB02586;TNFB02593,Anti-TNF-alpha-antibodies and functional fragments thereof
TNFCDR02448,QGEFSCSSADCIG,CDR3,K,13,1,disclosed_binder_claim,,fv_domain_vl,PLAbDab;USPTO patent sequences,TNFB02624,TNF-alpha-neutralizing antibodies || TNF-alpha-neutralizing antibodies | TNF.alpha.-neutralizing antibodies
TNFCDR02449,QGEFSCSSGDCSA,CDR3,K,13,2,disclosed_binder_claim,,fv_domain_vl,PLAbDab;USPTO patent sequences,TNFB02620;TNFB02622,TNF-alpha-neutralizing antibodies || TNF-alpha-neutralizing antibodies | TNF.alpha.-neutralizing antibodies
TNFCDR02450,QGEFSDSSGDCNA,CDR3,K,13,1,disclosed_binder_claim,,fv_domain_vl,PLAbDab;USPTO patent sequences,TNFB02623,TNF-alpha-neutralizing antibodies || TNF-alpha-neutralizing antibodies | TNF.alpha.-neutralizing antibodies
TNFCDR02451,QGIYTGSTWYRNA,CDR3,K,13,1,disclosed_binder_claim,,fv_domain_vl,PLAbDab;USPTO patent sequences,TNFB02621,TNF-alpha-neutralizing antibodies || TNF-alpha-neutralizing antibodies | TNF.alpha.-neutralizing antibodies
TNFCDR02452,QGYYLDSSVDDNV,CDR3,K,13,3,disclosed_binder_claim,,fv_domain_vl,USPTO patent sequences,TNFB02587;TNFB02588;TNFB02592,Anti-TNF-alpha-antibodies and functional fragments thereof
TNFCDR02453,QGYYYSDSTDSFV,CDR3,K,13,1,disclosed_binder_claim,,fv_domain_vl,PLAbDab;USPTO patent sequences,TNFB02548,TNF-alpha-neutralizing antibodies || TNF-alpha-neutralizing antibodies | TNF.alpha.-neutralizing antibodies
TNFCDR02454,QNYYYDSNGGDNA,CDR3,K,13,1,disclosed_binder_claim,,fv_domain_vl,PLAbDab;USPTO patent sequences,TNFB02549,TNF-alpha-neutralizing antibodies || TNF-alpha-neutralizing antibodies | TNF.alpha.-neutralizing antibodies
TNFCDR02455,QSAYYASSGDTWA,CDR3,K,13,2,disclosed_binder_claim,,fv_domain_vl,PLAbDab;USPTO patent sequences,TNFB02496;TNFB02544,TNF-alpha-neutralizing antibodies
TNFCDR02456,QSTYYEPSYVFRA,CDR3,K,13,3,disclosed_binder_claim,,fv_domain_vl,PLAbDab;USPTO patent sequences,TNFB02522;TNFB02554;TNFB02594,Anti-TNF-alpha-antibodies and functional fragments thereof
TNFCDR02457,QSYYYDGTTNGNP,CDR3,K,13,2,disclosed_binder_claim,,fv_domain_vl,PLAbDab;USPTO patent sequences,TNFB02493;TNFB02538,TNF-alpha-neutralizing antibodies
TNFCDR02458,QSYYYDLTINGNP,CDR3,K,13,2,disclosed_binder_claim,,fv_domain_vl,PLAbDab;USPTO patent sequences,TNFB02494;TNFB02539,TNF-alpha-neutralizing antibodies
TNFCDR02459,QSYYYDTTTPGNA,CDR3,K,13,2,disclosed_binder_claim,,fv_domain_vl,PLAbDab;USPTO patent sequences,TNFB02495;TNFB02540,TNF-alpha-neutralizing antibodies
TNFCDR02460,QSYYYSSSGSYVA,CDR3,K,13,3,disclosed_binder_claim,,fv_domain_vl,USPTO patent sequences,TNFB02585;TNFB02590;TNFB02591,Anti-TNF-alpha-antibodies and functional fragments thereof
TNFCDR02461,AGYFRSGSGTANGS,CDR3,K,14,1,disclosed_binder_claim,,fv_domain_vl,PLAbDab;USPTO patent sequences,TNFB02637,TNF-alpha-neutralizing antibodies || TNF-alpha-neutralizing antibodies | TNF.alpha.-neutralizing antibodies
TNFCDR02462,AGYWRSGYGTANGS,CDR3,K,14,1,disclosed_binder_claim,,fv_domain_vl,PLAbDab;USPTO patent sequences,TNFB02640,TNF-alpha-neutralizing antibodies || TNF-alpha-neutralizing antibodies | TNF.alpha.-neutralizing antibodies
TNFCDR02463,AGYWYSGSGTANGS,CDR3,K,14,1,disclosed_binder_claim,,fv_domain_vl,PLAbDab;USPTO patent sequences,TNFB02641,TNF-alpha-neutralizing antibodies || TNF-alpha-neutralizing antibodies | TNF.alpha.-neutralizing antibodies
TNFCDR02464,AGYYRSGFGTANGS,CDR3,K,14,7,disclosed_binder_claim,,fv_domain_vl,PLAbDab;USPTO patent sequences,TNFB02628;TNFB02630;TNFB02639;TNFB02643;TNFB02645;TNFB02647;TNFB02649,TNF-alpha-neutralizing antibodies || TNF-alpha-neutralizing antibodies | TNF.alpha.-neutralizing antibodies
TNFCDR02465,AGYYRSGSGTANGS,CDR3,K,14,7,disclosed_binder_claim,,fv_domain_vl,PLAbDab;USPTO patent sequences,TNFB02629;TNFB02631;TNFB02638;TNFB02644;TNFB02646;TNFB02648;TNFB02650,TNF-alpha-neutralizing antibodies || TNF-alpha-neutralizing antibodies | TNF.alpha.-neutralizing antibodies
TNFCDR02466,QAYYYSSSSNYGNV,CDR3,K,14,1,disclosed_binder_claim,,fv_domain_vl,PLAbDab;USPTO patent sequences,TNFB02584,TNF-alpha-neutralizing antibodies || TNF-alpha-neutralizing antibodies | TNF.alpha.-neutralizing antibodies
TNFCDR02467,QKNYDSGSGNFFNA,CDR3,K,14,1,disclosed_binder_claim,,fv_domain_vl,PLAbDab;USPTO patent sequences,TNFB02608,TNF-alpha-neutralizing antibodies || TNF-alpha-neutralizing antibodies | TNF.alpha.-neutralizing antibodies
TNFCDR02468,QSFYYSGSNSYGYA,CDR3,K,14,1,disclosed_binder_claim,,fv_domain_vl,PLAbDab;USPTO patent sequences,TNFB02607,TNF-alpha-neutralizing antibodies || TNF-alpha-neutralizing antibodies | TNF.alpha.-neutralizing antibodies
TNFCDR02469,QSNHGSNSDSYGNT,CDR3,K,14,1,disclosed_binder_claim,,fv_domain_vl,PLAbDab;USPTO patent sequences,TNFB02601,TNF-alpha-neutralizing antibodies || TNF-alpha-neutralizing antibodies | TNF.alpha.-neutralizing antibodies
TNFCDR02470,QSNHGSNSNSYGNT,CDR3,K,14,2,disclosed_binder_claim,,fv_domain_vl,PLAbDab;USPTO patent sequences,TNFB02600;TNFB02602,TNF-alpha-neutralizing antibodies || TNF-alpha-neutralizing antibodies | TNF.alpha.-neutralizing antibodies
TNFCDR02471,QSYYYSSHSTTYWA,CDR3,K,14,1,disclosed_binder_claim,,fv_domain_vl,PLAbDab;USPTO patent sequences,TNFB02603,TNF-alpha-neutralizing antibodies || TNF-alpha-neutralizing antibodies | TNF.alpha.-neutralizing antibodies
TNFCDR02472,QTNYFISATSPGRA,CDR3,K,14,1,disclosed_binder_claim,,fv_domain_vl,PLAbDab;USPTO patent sequences,TNFB02617,TNF-alpha-neutralizing antibodies || TNF-alpha-neutralizing antibodies | TNF.alpha.-neutralizing antibodies
TNFCDR02473,QTNYFRTSSDPGRA,CDR3,K,14,1,disclosed_binder_claim,,fv_domain_vl,PLAbDab;USPTO patent sequences,TNFB02616,TNF-alpha-neutralizing antibodies || TNF-alpha-neutralizing antibodies | TNF.alpha.-neutralizing antibodies
TNFCDR02474,QSYYYSSSSSDGSYA,CDR3,K,15,3,disclosed_binder_claim,,fv_domain_vl;igg_chain_light,USPTO patent sequences,TNFB02633;TNFB02634;TNFB03104,Anti-TNF-alpha-antibodies and functional fragments thereof
TNFCDR02475,QSYYYTSNNSDGFWA,CDR3,K,15,3,disclosed_binder_claim,,fv_domain_vl,PLAbDab;USPTO patent sequences,TNFB02614;TNFB02627;TNFB02642,TNF alpha antibody or fragment thereof and methods of use
TNFCDR02476,VPSRFSGSGSGAEFTLTISSLQPDDFATYYC,CDR3,K,31,1,disclosed_binder_claim,,igg_chain_light,USPTO patent sequences,TNFB03124,Stable and soluble antibodies inhibiting TNF alpha | Stable and soluble antibodies inhibiting TNF-alpha
TNFCDR02477,GVPSRFSGSGSGTEFTLTISSLQPDDFATYYC,CDR3,K,32,1,disclosed_binder_claim,,igg_chain_light,USPTO patent sequences,TNFB03125,Stable and soluble antibodies inhibiting TNF alpha | Stable and soluble antibodies inhibiting TNF-alpha
TNFCDR02478,QSNYNNNRI,CDR3,L,9,1,disclosed_binder_claim,,fv_domain_vl,PLAbDab,TNFB02498,Gene segments encoding variable domains of anti-TNF antibodies in health and multiple sclerosis
TNFCDR02479,QSYESTNRV,CDR3,L,9,1,disclosed_binder_claim,,fv_domain_vl,PLAbDab,TNFB02497,Gene segments encoding variable domains of anti-TNF antibodies in health and multiple sclerosis
TNFCDR02480,NSRDSSGNHV,CDR3,L,10,1,disclosed_binder_claim,,fv_domain_vl,PLAbDab,TNFB01782,Gene segments encoding variable domains of anti-TNF antibodies in health and multiple sclerosis
TNFCDR02481,QSFDRTLLWV,CDR3,L,10,1,disclosed_binder_claim,,fv_domain_vl,PLAbDab,TNFB02541,Gene segments encoding variable domains of anti-TNF antibodies in health and multiple sclerosis
TNFCDR02482,QSYDRSNNAV,CDR3,L,10,1,disclosed_binder_claim,,fv_domain_vl,PLAbDab,TNFB02542,Gene segments encoding variable domains of anti-TNF antibodies in health and multiple sclerosis
TNFCDR02483,QSYDSRLGVV,CDR3,L,10,1,disclosed_binder_claim,,fv_domain_vl,USPTO patent sequences,TNFB01781,Anti-TNF-alpha/CXCL10 double-targeting antibody and use thereof
TNFCDR02484,QSYDSSNWWV,CDR3,L,10,1,disclosed_binder_claim,,fv_domain_vl,PLAbDab,TNFB02543,Gene segments encoding variable domains of anti-TNF antibodies in health and multiple sclerosis
TNFCDR02485,YSTDSSGNPL,CDR3,L,10,1,disclosed_binder_claim,,fv_domain_vl,PLAbDab,TNFB02172,Gene segments encoding variable domains of anti-TNF antibodies in health and multiple sclerosis
TNFCDR02486,ASWTDGLSLVV,CDR3,L,11,2,disclosed_binder_claim,,fv_domain_vl;igg_chain_light,USPTO patent sequences,TNFB02582;TNFB03101,Method of treating inflammatory bowel disease with a combination therapy of antibodies to IL-23 and TNF alpha
TNFCDR02487,MTWDVDTTSMI,CDR3,L,11,1,disclosed_binder_claim,,fv_domain_vl,USPTO patent sequences,TNFB01658,Anti-TNF-alpha/CXCL10 double-targeting antibody and use thereof
TNFCDR02488,NSRDSRRHPVL,CDR3,L,11,1,disclosed_binder_claim,,fv_domain_vl,PLAbDab,TNFB01656,Gene segments encoding variable domains of anti-TNF antibodies in health and multiple sclerosis
TNFCDR02489,NSRDSSGNHVL,CDR3,L,11,1,disclosed_binder_claim,,fv_domain_vl,PLAbDab,TNFB02168,Gene segments encoding variable domains of anti-TNF antibodies in health and multiple sclerosis
TNFCDR02490,NSRGNRGNPVI,CDR3,L,11,1,disclosed_binder_claim,,fv_domain_vl,PLAbDab,TNFB02170,Gene segments encoding variable domains of anti-TNF antibodies in health and multiple sclerosis
TNFCDR02491,QSADSSGTSWV,CDR3,L,11,1,disclosed_binder_claim,,fv_domain_vl,USPTO patent sequences,TNFB02464,Bispecific antibodies directed against TNF-alpha and IL-17 | Immunobinders directed against TNF
TNFCDR02492,QSRDSSDYHLV,CDR3,L,11,1,disclosed_binder_claim,,fv_domain_vl,PLAbDab,TNFB02167,Gene segments encoding variable domains of anti-TNF antibodies in health and multiple sclerosis
TNFCDR02493,QSYDSSLSGSV,CDR3,L,11,1,disclosed_binder_claim,,fv_domain_vl,PLAbDab,TNFB02580,Reconstruction and analysis of a human anti-TNF-a ScFv antibody
TNFCDR02494,QSYDSSLSGWV,CDR3,L,11,1,disclosed_binder_claim,,igg_chain_light,USPTO patent sequences,TNFB03138,IL-23 and TNF-alpha binding bi-specific heavy chain polypeptides
TNFCDR02495,QSYDSSNRWVV,CDR3,L,11,1,disclosed_binder_claim,,fv_domain_vl,PLAbDab,TNFB02577,Gene segments encoding variable domains of anti-TNF antibodies in health and multiple sclerosis
TNFCDR02496,QVWDSGSDHVL,CDR3,L,11,1,disclosed_binder_claim,,fv_domain_vl,PLAbDab,TNFB02180,Gene segments encoding variable domains of anti-TNF antibodies in health and multiple sclerosis
TNFCDR02497,QVWDSRGDSLA,CDR3,L,11,1,disclosed_binder_claim,,fv_domain_vl,PLAbDab,TNFB02182,Gene segments encoding variable domains of anti-TNF antibodies in health and multiple sclerosis
TNFCDR02498,QVWDSSSDHRI,CDR3,L,11,1,disclosed_binder_claim,,fv_domain_vl,PLAbDab,TNFB02181,Gene segments encoding variable domains of anti-TNF antibodies in health and multiple sclerosis
TNFCDR02499,QVWDSSSDQGV,CDR3,L,11,1,disclosed_binder_claim,,fv_domain_vl,PLAbDab,TNFB01784,Gene segments encoding variable domains of anti-TNF antibodies in health and multiple sclerosis
TNFCDR02500,QVWDSSSDRPV,CDR3,L,11,1,disclosed_binder_claim,,fv_domain_vl,USPTO patent sequences,TNFB01659,Anti-TNF-alpha/CXCL10 double-targeting antibody and use thereof
TNFCDR02501,QVWESSSDHRV,CDR3,L,11,1,disclosed_binder_claim,,fv_domain_vl,PLAbDab,TNFB02169,Gene segments encoding variable domains of anti-TNF antibodies in health and multiple sclerosis
TNFCDR02502,SAWDDSLNGRV,CDR3,L,11,1,disclosed_binder_claim,,fv_domain_vl,PLAbDab,TNFB02502,Gene segments encoding variable domains of anti-TNF antibodies in health and multiple sclerosis
TNFCDR02503,AAWDDSLNGHVV,CDR3,L,12,1,disclosed_binder_claim,,fv_domain_vl,PLAbDab,TNFB02583,Gene segments encoding variable domains of anti-TNF antibodies in health and multiple sclerosis
TNFCDR02504,LLYYGGAQLRWV,CDR3,L,12,1,disclosed_binder_claim,,fv_domain_vl,PLAbDab,TNFB02618,Gene segments encoding variable domains of anti-TNF antibodies in health and multiple sclerosis
TNFCDR02505,QSYDRYTHPALL,CDR3,L,12,2,disclosed_binder_claim,,fv_domain_vl,PLAbDab;USPTO patent sequences,TNFB02581;TNFB02619,High concentration anti-TNF-alpha antibody liquid formulations || Monoclonal antibodies to human proinflammatory cytokines and methods for treating inflammatory diseases
TNFCDR02506,NSADGNETYAFWA,CDR3,L,13,1,disclosed_binder_claim,,fv_domain_vl,PLAbDab,TNFB02514,Gene segments encoding variable domains of anti-TNF antibodies in health and multiple sclerosis
